title,authors,categories,average_rating,subtitle
Stars in Their Courses,Shelby Foote,History,4.45,"The Gettysburg Campaign, June-July 1863"
Trump,Donald Trump,Biography & Autobiography,3.65,The Art of the Deal
Feynman's Rainbow,Leonard Mlodinow,Science,4.0,A Search for Beauty in Physics and in Life
Vernon God Little,D. B. C. Pierre,Humor,3.59,A 21st Century Comedy in the Presence of Death
C.G. Jung and Hermann Hesse,Miguel Serrano,Psychology,4.03,A Record of Two Friendships
The Collected Poems of Robert Penn Warren,Robert Penn Warren;John Burt,Poetry,4.37,
Insurgency & Terrorism,Bard E. O'Neill,Science,3.92,From Revolution to Apocalypse
The Birth Of Tragedy,Friedrich Wilhelm Nietzsche,Philosophy,3.98,
Slaughterhouse Blues,Donald D. Stull;Michael J. Broadway,Social Science,3.48,The Meat and Poultry Industry in North America
Homeless,Laurie Halse Anderson,Juvenile Fiction,4.07,
The Sunset Limited,Cormac McCarthy,Drama,3.96,A Novel in Dramatic Form
Amber Brown Is Not a Crayon,Paula Danziger,Juvenile Fiction,3.84,
The Ghost in the Machine,Arthur Koestler,Philosophy,4.01,
Wokini,Billy Mills;Nicholas Sparks,Self-Help,3.56,A Lakota Journey to Happiness and Self-understanding
Deck the Halls,Mary Higgins Clark;Carol Higgins Clark,Fiction,3.61,
Philip Vera Cruz,Craig Scharlin;Lilia V Villanueva,Biography & Autobiography,3.87,A Personal History of Filipino Immigrants and the Farmworkers Movement
Homicidal Psycho Jungle Cat,Bill Watterson,Humor,4.72,A Calvin and Hobbes Collection
Encyclopedia Brown and the Case of the Slippery Salamander,Donald J. Sobol,Juvenile Fiction,4.09,
The Art of War,Sun-Tzu;Sunzi,Philosophy,3.97,
Stephen Hawking's Universe,David Filkin,Science,4.28,The Cosmos Explained
The Divine Comedy,Dante Alighieri;Charles Hubert Sisson;David H. Higgins,Poetry,4.07,
The Days Are Just Packed,Bill Watterson,Humor,4.69,
Problems of the Self,Bernard Williams,Philosophy,4.02,Philosophical Papers 1956-1972
Little Miss Birthday,Roger Hargreaves,Juvenile Fiction,4.0,
The Sex Lives of Cannibals,J. Maarten Troost,Social Science,3.87,Adrift in the Equatorial Pacific
Jasmine and Stars,Fatemeh Keshavarz,Literary Criticism,3.63,Reading More Than Lolita in Tehran
Public Enemies,Gordon Korman,Juvenile Fiction,4.19,
Blink-182,Blink-182;Anne Hoppus;Tom Delonge;Mark Hoppus;Travis Barker,Biography & Autobiography,4.4,Tales from Beneath Your Mom
The Origin of Consciousness in the Breakdown of the Bicameral Mind,Julian Jaynes,Philosophy,4.24,
The Diablo: The Sin War #1: Birthright,Richard A. Knaak,Fiction,3.74,Birthright
The 7 Habits of Highly Effective People Personal Workbook,Stephen R. Covey,Self-Help,4.22,
Social Intelligence,Daniel Goleman,Psychology,3.98,The New Science of Human Relationships
"Selected Poems (Melville, Herman)",Herman Melville,Poetry,0.0,
Naked Pictures of Famous People,Jon Stewart,Humor,3.59,
Alcoholics Anonymous,Alcoholics Anonymous,Self-Help,4.44,
On Certainty,Ludwig Wittgenstein,Philosophy,4.16,
Neuromancer,William Gibson,Fiction,3.89,
Star Wars: Clone Wars Volume 6: On the Fields of Battle,John Ostrander;Jan Duursema;Dan Parsons; Brad Anderson; Tomas Giorello,Comics & Graphic Novels,4.04,
Inattentional Blindness,Arien Mack;Irvin Rock,Psychology,4.2,
The Vital Illusion,Jean Baudrillard;Julia Witwer,Literary Criticism,3.84,
Never Call Retreat,Bruce Catton;Everette Beach Long,History,4.33,
The Republic,Plato;Sir Henry Desmond Pritchard Lee,Philosophy,3.93,
Daughters of Decadence,Elaine Showalter,Social Science,3.84,Women Writers of the Fin-de-Siècle
Nine Horses,Billy Collins,Poetry,4.17,Poems
The Heart of a Leader,Kenneth H. Blanchard,Religion,3.96,
There is Always Enough,Rolland Baker;Heidi Baker,Humor,4.45,The Story of Rolland and Heidi Baker's Miraculous Ministry Among the Poor
The Easy Way to Stop Smoking,Allen Carr,Self-Help,4.29,
Han'guk-sik Sarang,J. Torres,Comics & Graphic Novels,3.44,
Ocean Star Express,Mark Haddon;Peter Sutton,Juvenile Fiction,3.5,
"Open My Eyes, Lord",Gary Oates,Religion,4.27,A Practical Guide to Angelic Visitations and Heavenly Experiences
Reinventing Jesus,J. Ed Komoszewski;M. James Sawyer;Daniel B. Wallace,Religion,4.19,How Contemporary Skeptics Miss the Real Jesus and Mislead Popular Culture
Bleach,Tite Kubo,Comics & Graphic Novels,4.36,
Lovingkindness,Sharon Salzberg;Jon Kabat-Zinn,Self-Help,4.26,The Revolutionary Art of Happiness
The Survivor's Guide to Sex,Staci Haines,Self-Help,4.31,How to Have an Empowered Sex Life After Child Sexual Abuse
The Divine Comedy & Paradise,Dante Alighieri,Poetry,3.95,
The Fabric of the Cosmos,Brian Greene,Science,4.12,"Space, Time and the Texture of Reality"
"Power, Sex, Suicide",Nick Lane,Science,4.24,Mitochondria and the Meaning of Life
Jesus Freaks,DC Talk (Musical group),Religion,4.2,Stories of Those who Stood for Jesus : the Ultimate Jesus Freaks
Another Day in Paradise,Jim Toomey,Humor,4.34,The Fourth Sherman's Lagoon Collection
Hand to Mouth,Paul Auster,Biography & Autobiography,3.62,A Chronicle of Early Failure
Harry Potter and the Chamber of Secrets,J. K. Rowling;Mary GrandPre,Juvenile Fiction,4.41,
Ward No. 6 and Other Stories,Anton Pavlovich Chekhov,Fiction,4.32,
Secrets,Francine Pascal;Kate William,Juvenile Fiction,3.46,
Chew on this,Eric Schlosser;Charles Wilson,Fiction,3.75,Everything You Don't Want to Know about Fast Food
Philosophy and the Mirror of Nature,Richard Rorty,Philosophy,4.0,
Divina Commedia. English,Dante Alighieri,Poetry,3.95,
The Collected Poetry of Nikki Giovanni,Nikki Giovanni,Poetry,0.0,1968-1998
Leadership through the ages,Rudolph W. Giuliani,Biography & Autobiography,3.95,a collection of favorite quotations
The Poetry of Sylvia Plath,Claire Brennan,Literary Criticism,4.23,
The Tipping Point,Malcolm Gladwell,Social Science,3.95,How Little Things Can Make a Big Difference
Lucie Babbidge's House,Sylvia Cassedy,Juvenile Fiction,3.75,
Europe and the People Without History,Eric R. Wolf,Social Science,4.13,
Life is a Dream,Pedro Calderón de la Barca,Drama,3.98,
Poems Between Women,Emma Donoghue,Poetry,3.86,"Four Centuries of Love, Romantic Friendship, and Desire"
When Broken Glass Floats: Growing Up Under the Khmer Rouge,Chanrithy Him,Biography & Autobiography,4.13,
Vampire Hunter D Volume 1,Hideyuki Kikuchi;Yoshitaka Amano;Kevin Leahy,Comics & Graphic Novels,3.98,
"The Invisibles, the Invisible Kingdom",Grant Morrison,Comics & Graphic Novels,4.19,
American Splendor Presents Bob and Harv's Comics,Harvey Pekar;Robert Crumb,Comics & Graphic Novels,4.02,
Checkmate,David Michaels;Tom Clancy,Fiction,3.93,
Island of the Sequined Love Nun,Christopher Moore,Fiction,3.79,
Philosophical Investigations,Ludwig Wittgenstein,Philosophy,4.23,"The German Text, with a Revised English Translation 50th Anniversary Commemorative Edition"
Vesco from Wall Street to Castro's Cuba,Arthur Herzog,Biography & Autobiography,4.17,"The Rise, Fall, and Exile of the King of White Collar Crime"
Plato on Love,Plato;C. D. C. Reeve,Philosophy,4.05,"Lysis, Symposium, Phaedrus, Alcibiades, with Selections from Republic, Laws"
Tales from Ovid,Ovid;Ted Hughes,Poetry,4.23,Twenty-four Passages from the Metamorphoses
Life is a Dream,Pedro Calderón de la Barca;Stanley Appelbaum,Drama,3.98,
Odes to Common Things,Pablo Neruda,Poetry,4.38,
Rumble Fish,Marcus Romer;S. E. Hinton,Juvenile Fiction,3.87,
The Origins of the Civil Rights Movement,Aldon D. Morris,History,4.04,
How to Stop Worrying and Start Living,Dale Carnegie,Psychology,4.11,
Down to the Bonny Glen,Melissa Wiley,Juvenile Fiction,4.14,
Melville's Moby-Dick,Edward F. Edinger,Psychology,3.84,An American Nekyia
As You Like It,William Shakespeare,Drama,0.0,
The Pirates Laffite,William C. Davis,Biography & Autobiography,3.51,The Treacherous World of the Corsairs of the Gulf
E=mc2,David Bodanis,Science,4.09,A Biography of the World's Most Famous Equation
A Chosen Few,Mark Kurlansky,History,3.87,The Resurrection of European Jewry
"Collected tales, sketches, speeches, and essays 1891-1910",Mark Twain,Humor,4.39,1891-1910
"Last Lion, The: Volume 1",William Manchester,Biography & Autobiography,4.43,Winston Churchill Visions of Glory 1874 - 1932
Antigone's Claim,Judith Butler,Philosophy,3.76,Kinship Between Life and Death
Complete Poems and Major Prose,John Milton;Merritt Yerkes Hughes,Poetry,4.18,
Naked Pictures of Famous People,Jon Stewart,Humor,3.59,
Death of a Salesman,Gerald Clifford Weales,Drama,3.5,
Fools Die,Mario Puzo,Fiction,3.71,A Novel
Forever in Blue,Ann Brashares,Juvenile Fiction,3.81,The Fourth Summer of the Sisterhood
The Odyssey,Homer;George Herbert Palmer,Poetry,3.75,
Monkey Business,Marvin N. Olasky;John Perry,Religion,3.16,The True Story of the Scopes Trial
The Calvin and Hobbes Lazy Sunday Book,Bill Watterson,Humor,4.67,
Parallel Worlds,Michio Kaku,Science,4.18,"A Journey Through Creation, Higher Dimensions, and the Future of the Cosmos"
The Treasure Principle,Randy Alcorn,Religion,4.13,
Nietzsche: The Birth of Tragedy and Other Writings,Friedrich Nietzsche;Nietzsche Friedrich,Philosophy,4.02,
The House of Bernarda Alba and Other Plays,Federico García Lorca;Michael Dewell;Carmen Zapata,Psychology,4.07,
The Real Trial of Oscar Wilde,Merlin Holland,Biography & Autobiography,4.04,
"The Columbia Reader on Lesbians and Gay Men in Media, Society, and Politics",Larry P. Gross;James D. Woods,Social Science,3.93,
Howls Moving Castle Picture Book,Hayao Miyazaki,Comics & Graphic Novels,4.4,
Vinyl Cafe Unplugged,Stuart McLean,Humor,4.23,
Islam,Karen Armstrong,Religion,4.02,A Short History
Salt,Mark Kurlansky,History,3.74,A World History
The Culture of Fear,Barry Glassner,Social Science,3.7,Why Americans Are Afraid of the Wrong Things
This Is Berlin,William L. Shirer;John Keegan,History,4.22,Radio Broadcasts from Nazi Germany
The Canterbury Tales,Helen Cooper,Literary Criticism,4.01,
The Origin of the Bible,Philip Wesley Comfort,Religion,3.84,
Another Day in Cubicle Paradise,Scott Adams,Humor,3.99,
Journey of Awakening,Ram Dass;Daniel Goleman,Self-Help,4.16,A Meditator's Guidebook
Politics,Aristotle;Benjamin Jowett;H. W. C. Davis,Science,3.93,
The Dead Beat,Marilyn Johnson,Social Science,3.41,"Lost Souls, Lucky Stiffs, and the Perverse Pleasures of Obituaries"
My Life in France,Julia Child;Alex Prud'homme,Biography & Autobiography,4.17,
Good as Gold,Joseph Heller,Fiction,3.36,
Anatomy of a Boyfriend,Daria Snadowsky,Juvenile Fiction,3.41,A Novel
The Major Works,John Milton,Literary Criticism,4.22,
Tales of Power,Carlos Castaneda,Fiction,4.15,
Death Note,Tsugumi Ohba;Takeshi Obata,Comics & Graphic Novels,4.26,
Simulacra and Simulation,Jean Baudrillard,Social Science,3.98,
The Complete Collected Poems of Maya Angelou,Maya Angelou,Poetry,4.42,Poems (1965-1992)
Making a Change for Good,Cheri Huber,Philosophy,3.92,A Guide to Compassionate Self-discipline
The Basic Works of Aristotle,Aristotle,Philosophy,4.24,
How to Win Friends and Influence People for Teen Girls,Donna Dale Carnegie,Self-Help,3.9,
"A Preface to Democratic Theory, Expanded Edition",Robert A. Dahl,Science,3.62,
Politics,Aristotle;Benjamin Jowett;H. W. C. Davis,Science,3.93,
Teaching a Stone to Talk,Annie Dillard,Literary Criticism,4.2,Expeditions and Encounters
The Complete Adventures and Memoirs of Sherlock Holmes,Arthur Conan Doyle,Fiction,4.33,
Lysistrata and Other Plays,Aristophanes;Alan H. Sommerstein,Drama,3.96,
Slaughterhouse Blues,Donald D. Stull;Michael J. Broadway,Social Science,3.48,The Meat and Poultry Industry in North America
The Blue and Brown Books,Ludwig Wittgenstein,Philosophy,4.13,
Kim,Rudyard Kipling,Fiction,3.72,
The Sonnets,William Shakespeare,Drama,4.25,
Journey of Awakening,Ram Dass;Daniel Goleman,Self-Help,4.16,A Meditator's Guidebook
Gravity,Tess Gerritsen,Science,4.04,
The Jew of Malta,Christopher Marlowe;Havelock Ellis,Drama,3.61,
Awakening,Robin Wasserman,Juvenile Fiction,3.95,
The Richness of Life,Stephen Jay Gould,Science,4.25,The Essential Stephen Jay Gould
The Ship Avenged,S. M. Stirling,Fiction,4.06,
Inventing America,Garry Wills,History,3.92,Jefferson's Declaration of Independence
The Trojan Women,Euripides;Gilbert Murray,Drama,3.87,
Plan of Attack,Bob Woodward,Science,3.67,
The Waste Land and Other Writings,Thomas Stearns Eliot,Poetry,4.21,
The Feynman Lectures on Physics,Richard Phillips Feynman;Robert B. Leighton;Matthew Linzee Sands,Science,4.62,
Who Needs Greek?,Simon Goldhill,History,3.4,Contests in the Cultural History of Hellenism
J.R.R. Tolkien,Humphrey Carpenter,Biography & Autobiography,4.06,A Biography
John Adams,John P. Diggins,Biography & Autobiography,3.88,"The American Presidents Series: The 2nd President, 1797-1801"
Longitude,Dava Sobel;Neil Armstrong,Science,3.96,The True Story of a Lone Genius Who Solved the Greatest Scientific Problem of His Time
Journey into God's Word,J. Scott Duvall;J. Daniel Hays,Religion,4.16,Your Guide to Understanding and Applying the Bible
It's Called a Breakup Because It's Broken,Greg Behrendt;Amiira Ruotola-Behrendt,Self-Help,4.01,The Smart Girl's Breakup Buddy
Great Speeches by African Americans,James Daley,Social Science,4.29,"Frederick Douglass, Sojourner Truth, Dr. Martin Luther King, Jr., Barack Obama, and Others"
Cults in Our Midst,Margaret Thaler Singer,Psychology,3.92,The Continuing Fight Against Their Hidden Menace
Anita Diamant's The Red Tent,Ann Finding,Literary Criticism,4.13,A Reader's Guide
Maximum City,Suketu Mehta,Social Science,3.92,Bombay Lost And Found
The Doors of Perception and Heaven and Hell,Aldous Huxley,Philosophy,3.94,
The Transcendence of the Ego,Jean-Paul Sartre,Philosophy,3.82,An Existentialist Theory of Consciousness
"The Comedy of Dante Alighieri, the Florentine: Purgatory",Dante Alighieri,Poetry,4.02,
Taking God Out of Mathematics and Putting the Body Back in,Brian Rotman,Philosophy,4.06,An Essay in Corporeal Semiotics
Ulysses S. Grant,Michael Korda,Biography & Autobiography,3.88,The Unlikely Hero
Ovid's Metamorphoses,Ovid,Drama,4.25,
Mating in Captivity,Esther Perel,Psychology,4.13,Reconciling the Erotic and the Domestic
Surfer's Code,Shaun Tomson;Patrick J. Moser,Self-Help,3.81,12 Simple Lessons for Riding Through Life
"Salonica, City of Ghosts",Mark Mazower,History,4.25,"Christians, Muslims, and Jews, 1430-1950"
Letters to a Young Poet,Rainer Maria Rilke;Franz Xaver Kappus;Reginald Snell,Poetry,4.33,
Social Intelligence,Daniel Goleman,Psychology,3.98,The New Science of Human Relationships
One Hundred Years of Solitude,Gabriel Garcia Marquez;Gregory Rabassa,Fiction,4.06,
Ovid's Metamorphoses,Ovid,Drama,4.25,
A Supposedly Fun Thing I'll Never Do Again,David Foster Wallace,Humor,4.27,Essays and Arguments Tag - Author of Infinite Jest
Cuba 15,Nancy Osa,Juvenile Fiction,3.45,
Making Democracy Work,Robert D. Putnam;Robert Leonardi;Raffaella Nanetti,Science,3.83,Civic Traditions in Modern Italy
Ten Things I Wish I'd Known - Before I Went Out into the Real World,Maria Shriver,Self-Help,3.69,
A Time to Embrace,Karen Kingsbury,Fiction,4.35,
Chickenhawk - Back in the World,Robert Mason,Biography & Autobiography,4.05,Life After Vietnam
"From Baghdad, with Love",Jay Kopelman;Melinda Roth,History,4.11,"A Marine, the War, and a Dog Named Lava"
Misreadings,Umberto Eco,Literary Criticism,3.86,
Man's Search for Meaning,Viktor Emil Frankl,Psychology,4.36,An Introduction to Logotherapy
Fullmetal Alchemist,Hiromu Arakawa,Comics & Graphic Novels,4.57,
Philosophy In The Flesh,George Lakoff,Philosophy,4.07,
Masculinity and Male Codes of Honor in Modern France,Robert A. Nye,History,4.36,
"Power, Sex, Suicide",Nick Lane,Science,4.24,Mitochondria and the Meaning of Life
The Feeling Good Handbook,David D. Burns,Psychology,4.0,
A Wife After God's Own Heart Growth and Study Guide,Elizabeth George,Religion,4.75,
C.S. Lewis,C. S. Lewis,Religion,4.31,Readings for Meditation and Reflection
Season of Mists,Neil Gaiman;Kelley Jones,Comics & Graphic Novels,4.54,
Q,Quincy Jones,Biography & Autobiography,4.08,The Autobiography of Quincy Jones
Seikai: Crest of the Stars Volume 2: A Modest War,Morioka Hiroyuki,Comics & Graphic Novels,4.1,
Echoes of the Marseillaise,Eric J. Hobsbawm,History,3.51,Two Centuries Look Back on the French Revolution
The Complete Monty Python's Flying Circus,Graham Chapman;Monty Python (Comedy troupe);Terry Gilliam;Eric Idle;Terry Jones,Humor,4.44,All the Words
Created In Darkness By Troubled Americans,Dave Eggers,Humor,3.76,The Best Of Mcsweeney's Humor Category
White Widow,Jim Lehrer,Fiction,3.01,
CliffsNotes on Kesey's One Flew Over the Cuckoo's Nest,Bruce Edward Walker,Literary Criticism,4.17,
The Grace Awakening,Charles R. Swindoll,Religion,4.33,Believing in Grace Is One Thing. Living It Is Another
The Basque History of the World,Mark Kurlansky,History,3.84,
Chester's Way,Kevin Henkes,Juvenile Fiction,4.22,
Monster,Sanyika Shakur,Biography & Autobiography,3.96,The Autobiography of an L.A. Gang Member
The Complete Science Fiction Treasury of H.G. Wells,H. G. Wells,Science,4.13,
Wanderlust,Rebecca Solnit,Social Science,3.92,A History of Walking
"Aeschylus, 1",Aeschylus,Drama,4.01,"The Oresteia (Agamemnon, The Libation Bearers, The Eumenides)"
The Trojan Women,Euripides;Gilbert Murray,Drama,3.87,
CliffsNotes on Dstoevsky's Crime and Punishment,James L. Roberts,Literary Criticism,3.76,
Living with the Passive-Aggressive Man,Scott Wetzler,Psychology,0.0,Coping with Hidden Aggression--from the Bedroom to
From Nomads to Pilgrims,Diana Butler Bass;Joseph Stewart-Sicking,Religion,4.0,Stories from Practicing Congregations
It's a Magical World,Bill Watterson,Humor,4.76,
Macbeth,William Shakespeare,Drama,3.89,
Achilles in Vietnam,Jonathan Shay,Psychology,4.24,Combat Trauma and the Undoing of Character
The Bacchae and Other Plays,Euripides;John N. Davie;R. B. Rutherford,Drama,4.13,
Howl,Allen Ginsberg;Barry Miles,Poetry,4.22,"original draft facsimile, transcript, and variant versions, fully annotated by author, with contemporaneous correspondence, account of first public reading, legal skirmishes, precursor texts, and bibliography"
Sociology in Our Times,Diana Kendall,Science,3.22,
Phaedrus,Plato;Robin Waterfield,Philosophy,3.91,
The Assassination of Julius Caesar,Michael Parenti,History,4.14,A People's History of Ancient Rome
Grammar Snobs are Great Big Meanies,June Casagrande,Humor,3.78,A Guide to Language for Fun and Spite
Alcoholics Anonymous,Alcoholics Anonymous,Self-Help,4.44,
The Ecological Approach to Visual Perception,James Jerome Gibson,Psychology,4.28,
The Beatles,Bob Spitz,Biography & Autobiography,4.15,The Biography
The Writing Life,Annie Dillard,Literary Criticism,4.03,
In the Heart of the Sea,Nathaniel Philbrick,History,4.16,The Tragedy of the Whaleship Essex
On Wings of Eagles,Ken Follett,History,3.93,
Don't Wait for Your Ship to Come In,John Mason,Religion,3.22,Swim Out to Get It!
Savage Love,Dan Savage,Self-Help,3.84,Straight Answers from America's Most Popular Sex Columnist
The Road to Reality,Roger Penrose,Science,4.1,A Complete Guide to the Laws of the Universe
Sex For Dummies,Sabine Walter,Self-Help,3.62,
The Easy Way to Stop Smoking,Allen Carr,Self-Help,4.29,
The Tempest,William Shakespeare;Peter Hulme;William Howard Sherman,Drama,3.81,"Sources and Contexts, Criticism, Rewritings and Appropriations"
The Night at the Museum,Milan Trenc,Juvenile Fiction,3.89,
The Complete Collected Poems of Maya Angelou,Maya Angelou,Poetry,4.42,Poems (1965-1992)
The Great Gatsby,F. Scott Fitzgerald,Fiction,3.91,
Love Poems and Sonnets of William Shakespeare,William Shakespeare,Drama,4.34,
Love,Pablo Neruda,Poetry,4.46,Ten Poems
The Ultramarines Omnibus,Graham McNeill,Fiction,3.97,
CliffsNotes on Steinbeck's The Grapes of Wrath,Kelly McGrath Vlcek,Literary Criticism,3.74,
Psychoanalysis and Religion,Erich Fromm,Psychology,4.04,
Beyond Good and Evil,Friedrich Nietzsche,Philosophy,4.02,
No One is Illegal,Justin Akers Chacón;Mike Davis;Julián Cardona,History,4.07,Fighting Violence and State Repression on the U.S.-Mexico Border
The Birds and Other Plays,Aristophanes;David Barrett;Alan H. Sommerstein,Drama,4.13,
The Gonzo Way,Anita Thompson,Biography & Autobiography,3.95,
Balanchine,Bernard Taper,Biography & Autobiography,4.31,A Biography
Great Speeches by African Americans,James Daley,Social Science,4.29,"Frederick Douglass, Sojourner Truth, Dr. Martin Luther King, Jr., Barack Obama, and Others"
Facts in the Case of the Departure of Miss Finch HC,Neil Gaiman;Michael Zulli,Comics & Graphic Novels,3.55,
Mere Christianity,C. S. Lewis,Religion,4.32,"Comprising The Case for Christianity, Christian Behaviour, and Beyond Personality"
The Art of Listening,Erich Fromm,Philosophy,4.09,
Ovid's Metamorphoses,Ovid,Social Science,4.3,Books 6-10
A Tear and a Smile,Kahlil Gibran,Philosophy,4.03,
Difficult Conversations,Douglas Stone;Bruce Patton;Sheila Heen,Psychology,4.07,How to Discuss what Matters Most
No Dress Rehearsal,Marian Keyes,Psychology,3.3,
The Lightning Thief,Rick Riordan,Juvenile Fiction,4.24,
Shards of a Broken Crown,Raymond E. Feist,Fiction,4.01,Book Four of the Serpentwar Saga
Touched With Fire,Kay Redfield Jamison,Psychology,4.01,
Zizek,Sarah Kay,Social Science,3.38,A Critical Introduction
The Collapse of Complex Societies,Joseph Tainter,Social Science,4.13,
Li Po and Tu Fu,Arthur R. V. Cooper,Poetry,4.11,
The Illustrated a Brief History of Time,Stephen Hawking,Science,4.16,
India Song,Marguerite Duras,Drama,3.61,
Savage Beauty,Nancy Milford,Biography & Autobiography,4.01,The Life of Edna St. Vincent Millay
Surfer's Code,Shaun Tomson;Patrick J. Moser,Self-Help,3.81,12 Simple Lessons for Riding Through Life
The Denial of Death,Ernest Becker,Philosophy,4.17,
The Odyssey,Homer;George Herbert Palmer,Poetry,3.75,
Plan of Attack,Bob Woodward,Science,3.67,
Grace (eventually),Anne Lamott,Religion,3.98,Thoughts on Faith
The War of Art,Steven Pressfield,Self-Help,4.02,Break Through the Blocks and Win Your Inner Creative Battles
Statesman,Plato,Philosophy,3.84,
Transcending the Levels of Consciousness,David R. Hawkins,Religion,4.53,The Stairway of Enlightenment
Learned Optimism,Martin E. P. Seligman,Psychology,4.0,How to Change Your Mind and Your Life
Ten Things I Wish I'd Known - Before I Went Out into the Real World,Maria Shriver,Self-Help,3.69,
The Divine Comedy & Paradise,Dante Alighieri,Poetry,3.95,
I Am the One that I Want,Margaret Cho,Humor,3.69,
The Psychology of Winning,Denis Waitley,Psychology,4.2,
Great Short Works of Herman Melville,Herman Melville,Fiction,4.02,
Some Ether,Nick Flynn,Poetry,4.16,Poems
The Time Travelers,Caroline B. Cooney,Juvenile Fiction,3.94,
Downsize This!,Michael Moore,Humor,3.62,
Alice in Wonderland,Lewis Carroll,Juvenile Fiction,4.01,
The Trojan Women and Hippolytus,Euripides,Drama,3.56,
Longitude,Dava Sobel;Neil Armstrong,Science,3.96,The True Story of a Lone Genius Who Solved the Greatest Scientific Problem of His Time
Life on Planet Rock,Lonn Friend,Biography & Autobiography,3.58,"From Guns N' Roses to Nirvana, a Backstage Journey Through Rock's Most Debauched Decade"
The Bone Collector,Jeffery Deaver,Fiction,4.19,
Salvation to the Ends of the Earth,Andreas J. Köstenberger;Peter Thomas O'Brien,Religion,3.92,A Biblical Theology of Mission
All I Really Need to Know I Learned in Kindergarten,Robert Fulghum,Self-Help,4.03,
The Easy Way to Stop Smoking,Allen Carr,Self-Help,4.29,
The Drift House,Dale Peck,Juvenile Fiction,3.64,The First Voyage
An Introduction to Political Philosophy,Jonathan Wolff,Philosophy,4.11,
Death of a Salesman,Gerald Clifford Weales,Drama,3.5,
Allusions in Ulysses,Weldon Thornton,Literary Criticism,4.04,An Annotated List
CliffsNotes on Hemingway's The Sun Also Rises,Gary Carey,Literary Criticism,3.54,
"The Columbia Reader on Lesbians and Gay Men in Media, Society, and Politics",Larry P. Gross;James D. Woods,Social Science,3.93,
Black Lamb and Grey Falcon,Rebecca West,History,4.23,A Journey Through Yugoslavia
Teach Them Diligently,Louis Paul Priolo,Religion,4.24,How to Use the Scriptures in Child Training
American Tragedy,David E. Kaiser,History,3.5,"Kennedy, Johnson, and the Origins of the Vietnam War"
Lincoln at Gettysburg,Garry Wills,History,4.13,The Words that Remade America
Playing in the Dark,Toni Morrison,Literary Criticism,4.22,Whiteness and the Literary Imagination
Star Wars: Empire Volume 6 In The Shadows of Their Fathers,Thomas Andrews;Scott Allie;Adriana Melo; Michael LaCombe; Joe Corroney,Comics & Graphic Novels,3.71,
"Sor Juana, Or, The Traps of Faith",Octavio Paz,Literary Criticism,4.21,
The Fate of Reason,Frederick C. Beiser,Philosophy,4.49,German Philosophy from Kant to Fichte
The Presocratic Philosophers,G. S. Kirk;J. E. Raven;M. Schofield,Philosophy,4.24,A Critical History with a Selcetion of Texts
Vampire Hunter D Volume 2: Raiser of Gales,Hideyuki Kikuchi;Yoshitaka Amano;Kevin Leahy,Comics & Graphic Novels,3.87,
Emma,Jane Austen,Literary Criticism,3.99,
The Selected Poems of Federico García Lorca,Federico García Lorca,Poetry,4.31,
Mythology,Edith Hamilton,Social Science,3.99,
Pretear,Kaori Naruse;Junichi Satou,Comics & Graphic Novels,3.96,
The Great and Secret Show,Chris Ryall,Comics & Graphic Novels,4.22,
Augustine,Henry Chadwick,History,3.74,
Dante's Inferno,Dante (Alighieri);Dante Alighieri,Poetry,4.0,The Indiana Critical Edition
"Poems, New and Collected, 1957-1997",Wislawa Szymborska;Stanisław Barańczak;Clare Cavanagh,Poetry,4.42,
Real Rule of Four,Joscelyn Godwin,History,3.45,The Unauthorized Guide to the New York Times #1 Bestseller
Junie B. Jones and a Little Monkey Business,Barbara Park,Juvenile Fiction,3.98,
America Alone,Mark Steyn,Science,4.14,The End of the World As We Know It
Gabriel Garcia Marquez's Love in the Time of Cholera,Tom Fahy,Literary Criticism,4.23,
A Meeting with Medusa,Kim Stanley Robinson;Arthur Charles Clarke,Fiction,3.66,
Tramp Royale,Robert Anson Heinlein,Biography & Autobiography,3.7,
Sociology in Our Times,Diana Kendall,Science,3.22,
The Clock Of The Long Now,Stewart Brand,Philosophy,4.11,Time and Responsibility
The Collected Autobiographies of Maya Angelou,Maya Angelou,Biography & Autobiography,4.62,
SeinLanguage,Jerry Seinfeld,Humor,3.63,
"The Gashlycrumb Tinies, Or, After the Outing",Edward Gorey,Humor,4.19,
Zizek,Sarah Kay,Social Science,3.38,A Critical Introduction
A Brief History of Time,Stephen Hawking,Science,4.16,
Sociology in Our Times,Diana Kendall,Science,3.22,
Escape from Freedom,Erich Fromm,Science,4.24,
Buddha,Karen Armstrong,Biography & Autobiography,3.89,
"The Columbia Reader on Lesbians and Gay Men in Media, Society, and Politics",Larry P. Gross;James D. Woods,Social Science,3.93,
The Complete ACOA Sourcebook,Janet G. Woititz,Self-Help,4.06,"Adult Children of Alcoholics at Home, at Work and in Love"
The Norton Anthology of Literature by Women,Sandra M. Gilbert;Susan Gubar,Literary Criticism,4.12,The Middle Ages Through the Turn of the Century
The Heart of a Woman,Maya Angelou,Biography & Autobiography,4.2,
"X/1999, Vol. 1",CLAMP,Comics & Graphic Novels,3.95,Prelude
Shakespeare A to Z,Charles Boyce;David Allen White,Drama,4.35,"The Essential Reference to His Plays, His Poems, His Life and Times, and More"
Youngblood Hawke,Herman Wouk,Fiction,4.02,
Exercitia Spiritualia,Saint Gertrude (the Great),Religion,3.2,
Tramps Like Us,Yayoi Ogawa,Comics & Graphic Novels,4.38,
Death and the King's Horseman,Wole Soyinka;Simon Gikandi,Drama,3.76,"Authoritative Text : Backgrounds and Contexts, Criticism"
The Undead and Philosophy,Richard Greene;K. Silem Mohammad,Philosophy,3.71,Chicken Soup for the Soulless
Only the Ring Finger Knows,Satoru Kannagi;Hotaru Odagiri,Comics & Graphic Novels,4.1,
Naked Lunch,William S. Burroughs,Psychology,3.44,The Restored Text
Salvation to the Ends of the Earth,Andreas J. Köstenberger;Peter Thomas O'Brien,Religion,3.92,A Biblical Theology of Mission
New Rules,Bill Maher,Humor,3.71,Polite Musings from a Timid Observer
The Liberty Bell,Debra Hess,History,3.83,
Manhunting,Jennifer Crusie,Fiction,3.77,
The Iliad,Homer,Poetry,3.85,
Maison Ikkoku,Rumiko Takahashi,Comics & Graphic Novels,4.35,
The Three Musketeers,Alexandre Dumas,Comics & Graphic Novels,3.56,
Coming of Age in Mississippi,Anne Moody,Biography & Autobiography,4.13,
Metamorphoses,Ovid,Science,4.57,
The Anatomy of Human Destructiveness,Erich Fromm,Psychology,4.2,
Howl,Allen Ginsberg;Barry Miles,Poetry,4.22,"original draft facsimile, transcript, and variant versions, fully annotated by author, with contemporaneous correspondence, account of first public reading, legal skirmishes, precursor texts, and bibliography"
Beatrix Potter,Linda Lear,Biography & Autobiography,4.03,A Life in Nature
Star Wars: Knights of the Old Republic Vol. 1--Commencement,John Jackson Miller;Brian Ching;Travel Foreman; Travis Charest,Comics & Graphic Novels,4.07,
Eden,Hiroki Endo,Comics & Graphic Novels,4.2,It's an Endless World!.. Vol. 3
Poems Between Women,Emma Donoghue,Poetry,3.86,"Four Centuries of Love, Romantic Friendship, and Desire"
Education As My Agenda,Gertrude S. Williams;Jo Ann Robinson,Biography & Autobiography,4.25,"Gertrude Williams, Race, and the Baltimore Public Schools"
An Episode of Sparrows,Rumer Godden,Juvenile Fiction,4.2,A Novel
Organic Church,Neil Cole,Religion,3.88,Growing Faith Where Life Happens
D.H. Lawrence,John Worthen,Biography & Autobiography,4.02,The Life of an Outsider
Yiddish with Dick and Jane,Ellis Weiner;Barbara Davilman,Humor,3.91,
Tulips and Chimneys,E. E. Cummings,Poetry,4.38,
Who Moved My Cheese?,Spencer Johnson,Self-Help,3.78,An Amazing Way to Deal with Change in Your Work and in Your Life
Moon in a Dewdrop,Dōgen;Zen Master Dogen,Philosophy,4.29,Writings of Zen Master Dogen
The Day I Swapped My Dad for Two Goldfish,Neil Gaiman,Juvenile Fiction,4.03,
The Tempest,William Shakespeare,Drama,3.81,
JK Rowling's Harry Potter Novels,Philip Nel,Literary Criticism,3.57,A Reader's Guide
King Henry IV Part 1,William Shakespeare;David Scott Kastan,Drama,3.82,Third Series
Rent Girl,Michelle Tea,Comics & Graphic Novels,3.79,
Dreams from My Father,Barack Obama,Biography & Autobiography,3.86,A Story of Race and Inheritance
Cicero: On Duties,Cicero;Marcus Tullius Cicero;Quintus Tullius Cicero,History,3.95,
Mystery Play,Grant Morrison;Jon J. Muth,Comics & Graphic Novels,3.44,
Owning Your Own Shadow,Robert A. Johnson,Self-Help,4.07,Understanding the Dark Side of the Psyche
The Drifting Classroom,Kazuo Umezu,Comics & Graphic Novels,3.94,
The First Philosophers,Robin Waterfield,Philosophy,3.93,The Presocratics and Sophists
The Communist Manifesto: Marx,John Toews,Science,3.54,With Related Documents
The 7 Habits of Highly Effective People,Stephen R. Covey,Self-Help,4.09,Powerful Lessons in Personal Change
Slaughterhouse Blues,Donald D. Stull;Michael J. Broadway,Social Science,3.48,The Meat and Poultry Industry in North America
Cliffs of Despair,Tom Hunt,Psychology,3.72,A Journey to the Edge
Into the Void,Nigel Findley,Fiction,3.54,
Original Sin,Henri Blocher,Religion,3.67,Illuminating the Riddle
Aches & Pains,Maeve Binchy,Humor,3.54,
Wrinkles in Time,George Smoot;Keay Davidson,Science,3.99,
My Gal Sunday,Mary Higgins Clark,Fiction,3.57,
Jimmy Stewart,Starr Smith,History,3.92,Bomber Pilot
Dogeaters,Jessica Tarahata Hagedorn,Drama,3.58,A Play about the Philippines
War and Peace and War,Peter Turchin,History,4.15,The Rise and Fall of Empires
The Face of Another,Kobo Abe;Kōbō Abe,Fiction,3.77,
Private Parts,Howard Stern;John D. Simons,Biography & Autobiography,3.76,
Green Eggs and Ham,Theodor Seuss Geisel;Dr. Seuss,Juvenile Fiction,4.3,
Another Day in Paradise,Jim Toomey,Humor,4.34,The Fourth Sherman's Lagoon Collection
Aches & Pains,Maeve Binchy,Humor,3.54,
Practical Philosophy,Immanuel Kant,Philosophy,4.09,
Seikai: Crest of the Stars Volume 3: Return to a Strange World,Morioka Hiroyuki,Comics & Graphic Novels,4.21,
Story of Philosophy,Bryan Magee,Philosophy,4.28,The Essential Guide to the History of Western Philosphy
The Last Dance,Lynne Ann DeSpelder;Albert Lee Strickland,Social Science,3.77,Encountering Death and Dying
The Millionaire Next Door,Thomas J. Stanley;William D. Danko,Biography & Autobiography,4.02,
Li Po and Tu Fu,Arthur R. V. Cooper,Poetry,4.11,
Cliffs of Despair,Tom Hunt,Psychology,3.72,A Journey to the Edge
Hamlet's Dresser,Bob Smith,Biography & Autobiography,3.75,A Memoir
Aristophanes' Acharnians,Aristophanes;Jeffrey Henderson,Drama,3.42,
Ancilla to the Pre-Socratic Philosophers,Mary Fitt;Kathleen Freeman,Philosophy,4.22,"A Complete Translation of the Fragments in Diels, Fragmente Der Vorsokratiker"
Owning Your Own Shadow,Robert A. Johnson,Self-Help,4.07,Understanding the Dark Side of the Psyche
The Heidi Chronicles,Wendy Wasserstein,Literary Criticism,3.73,
Owning Your Own Shadow,Robert A. Johnson,Self-Help,4.07,Understanding the Dark Side of the Psyche
Wanted!,Caroline B. Cooney,Juvenile Fiction,3.68,
Tomie,Junji Ito,Comics & Graphic Novels,3.92,
The Canterbury Tales,Geoffrey Chaucer,Poetry,3.49,
Battle Cry of Freedom,James M. McPherson,History,4.34,The Civil War Era
Simulacra and Simulation,Jean Baudrillard,Social Science,3.98,
Bleach,Tite Kubo,Comics & Graphic Novels,4.36,
What Would Machiavelli Do?,Stanley Bing,Humor,3.46,The Ends Justify the Meanness
Neil Gaiman's Neverwhere,Mike Carey;Glenn Fabry;Tony Luke,Comics & Graphic Novels,4.23,
Eureka Mill,Ron Rash,Poetry,4.22,
Twelfth Night,William Shakespeare,Drama,3.98,
Reinventing Jesus,J. Ed Komoszewski;M. James Sawyer;Daniel B. Wallace,Religion,4.19,How Contemporary Skeptics Miss the Real Jesus and Mislead Popular Culture
The Worm Ouroboros,E. R. Eddison;Keith Henderson,Fiction,3.7,
Yakitate!! Japan,Takashi Hashiguchi,Comics & Graphic Novels,3.96,
The Days Are Just Packed,Bill Watterson,Humor,4.69,
Inattentional Blindness,Arien Mack;Irvin Rock,Psychology,4.2,
"Teach Us, Amelia Bedelia",Peggy Parish,Juvenile Fiction,4.21,
New Rules,Bill Maher,Humor,3.71,Polite Musings from a Timid Observer
Born in Blood and Fire,John Charles Chasteen,History,3.89,A Concise History of Latin America
River Out of Eden,Richard Dawkins,Science,3.97,A Darwinian View of Life
"Human, All Too Human, I",Friedrich Wilhelm Nietzsche;Gary Handwerk,Philosophy,4.22,
Midnight is a Place,Joan Aiken,Juvenile Fiction,3.91,
1 Henry IV,William Shakespeare,Drama,3.82,"Text Edited from the First Quarto : Contexts and Sources, Criticism"
In Search of Dracula,Raymond T. McNally;Radu Florescu,Biography & Autobiography,3.86,The History of Dracula and Vampires
Switch on the Night,Ray Bradbury;Leo Dillon;Diane Dillon,Juvenile Fiction,4.09,
The Leader In You,Dale Carnegie,Self-Help,4.09,The Leader In You
Transform Your Life,Diana Cooper,Self-Help,4.0,A Step-by-step Programme for Change
Surfer's Code,Shaun Tomson;Patrick J. Moser,Self-Help,3.81,12 Simple Lessons for Riding Through Life
Tolkien and C.S. Lewis,Colin Duriez,Biography & Autobiography,4.0,The Gift of Friendship
Winter on the Farm,Laura Ingalls Wilder,Juvenile Fiction,4.13,
Everything Bad is Good for You,Steven Johnson,Psychology,3.49,How Today's Popular Culture is Actually Making Us Smarter
Psycho Shop,Alfred Bester & Roger Zelazny,Fiction,3.6,
Sense and Sensuality,Ravi Zacharias,Religion,3.93,Jesus Talks with Oscar Wilde on the Pursuit of Pleasure
Islam,Karen Armstrong,Religion,4.02,A Short History
Fear of Falling,Barbara Ehrenreich,Social Science,3.9,The Inner Life of the Middle Class
The Divine Comedy & Paradise,Dante Alighieri,Poetry,3.95,
JRR Tolkien Companion & Guide,Christina Scull;Wayne G. Hammond,Literary Criticism,4.53,
"The Progressive Historians--Turner, Beard, Parrington",Richard Hofstadter,History,3.86,
A Tempest,Aimé Césaire;Richard Miller,Drama,3.55,"Based on Shakespeare's The Tempest, Adaptation for a Black Theatre"
How the Mind Works,Steven Pinker,Philosophy,3.97,
How to Have a Beautiful Mind,Edward De Bono,Self-Help,3.63,
How to Think Theologically,Howard W. Stone;James O. Duke,Religion,3.65,
Angel's Vision,Yukito Kishiro,Comics & Graphic Novels,4.1,
", said the shotgun to the head.",Saul Williams,Poetry,4.22,
Vampire Hunter D Volume 6: Pilgrimage of the Sacred,Hideyuki Kikuchi;Yoshitaka Amano,Comics & Graphic Novels,4.11,
Wasteland Vol. 1,Antony Johnston,Comics & Graphic Novels,3.56,Cities in Dust
A Routledge Literary Sourcebook on Herman Melville's Moby-Dick,Michael J. Davey,Literary Criticism,3.61,
Infinite Jests,Robert Silverberg,Science,4.12,The Lighter Side of Science Fiction
"Africa South of the Sahara, Second Edition",Robert F. Stock;Robert Stock,History,3.43,A Geographical Interpretation
Introduction to The Philosophy of History,G. W. F. Hegel;Leo Rauch,Philosophy,3.73,With Selections from The Philosophy of Right
Who Moved My Cheese?,Spencer Johnson,Self-Help,3.78,An Amazing Way to Deal with Change in Your Work and in Your Life
The Survivor's Guide to Sex,Staci Haines,Self-Help,4.31,How to Have an Empowered Sex Life After Child Sexual Abuse
Hamlet in Purgatory,Stephen Greenblatt,Drama,3.94,
A Little Prairie House,Laura Ingalls Wilder,Juvenile Fiction,4.19,
Transcending the Levels of Consciousness,David R. Hawkins,Religion,4.53,The Stairway of Enlightenment
The Rapture,Tim F. LaHaye,Religion,3.52,
The Evolution of the Gilgamesh Epic,Jeffrey H. Tigay,Literary Criticism,3.82,
The Brief and Frightening Reign of Phil,George Saunders,Fiction,3.7,
The Flame Trees of Thika,Elspeth Huxley,Biography & Autobiography,4.12,Memories of an African Childhood
Aristophanes' Peace,Aristophanes;S. Douglas Olson,Drama,3.58,
Terry,Douglas Coupland,Biography & Autobiography,4.34,Terry Fox and His Marathon of Hope
The Virtues of Aging,Jimmy Carter,Biography & Autobiography,3.51,
Please Stop Laughing At Me,Jodee Blanco,Biography & Autobiography,3.84,One Woman's Inspirational Story
The Lays of Beleriand,John Ronald Reuel Tolkien;Christopher Tolkien,Poetry,3.96,
The Mind's I,Douglas R. Hofstadter;Daniel Clement Dennett,Philosophy,4.14,Fantasies and Reflections on Self and Soul
Living on the Razor's Edge,Matthew D. Selekman,Psychology,4.0,Solution-oriented Brief Family Therapy with Self-harming Adolescents
The Professor and the Madman,Simon Winchester,Biography & Autobiography,3.84,"A Tale of Murder, Insanity, and the Making of the Oxford English Dictionary"
Becoming a Contagious Christian,Mark Mittelberg;Lee Strobel;Bill Hybels,Religion,3.75,Leader's Guide ; Communicationg Your Faith in a Style that Fits You
The Psychology of Winning,Denis Waitley,Psychology,4.2,
Kevin Trudeau's Mega Memory,Kevin Trudeau,Self-Help,3.51,How to Release Your Superpower Memory in 30 Minutes Or Less a Day
The Rebel,Albert Camus,Philosophy,4.14,An Essay on Man in Revolt
Life is a Dream,Pedro Calderón de la Barca,Drama,3.98,
Lum Urusei Yatsura,Rumiko Takahashi,Comics & Graphic Novels,3.99,Perfect Collection
The Collapse of Complex Societies,Joseph Tainter,Social Science,4.13,
"Good-bye, Chunky Rice",Craig Thompson,Comics & Graphic Novels,3.8,
Enzyme-Catalyzed Synthesis of Polymers,Shiro Kobayashi;Helmut Ritter;David Kaplan,Science,0.0,
Wittgenstein on Rules and Private Language,Saul A. Kripke,Philosophy,4.01,An Elementary Exposition
Escape from Fire Mountain,Gary Paulsen,Juvenile Fiction,3.7,
Spellbound,Jane Green,Fiction,3.63,
Europe and the People Without History,Eric R. Wolf,Social Science,4.13,
The Well at the World's End,William Morris;Lin Carter,Fiction,3.77,
The Ecological Approach to Visual Perception,James Jerome Gibson,Psychology,4.28,
Savage Love,Dan Savage,Self-Help,3.84,Straight Answers from America's Most Popular Sex Columnist
Macbeth,William Shakespeare,Drama,3.89,
The Last Dance,Lynne Ann DeSpelder;Albert Lee Strickland,Social Science,3.77,Encountering Death and Dying
"Open My Eyes, Lord",Gary Oates,Religion,4.27,A Practical Guide to Angelic Visitations and Heavenly Experiences
In the Footsteps of Mr. Kurtz,Michela Wrong,History,3.98,Living on the Brink of Disaster in Mobutu's Congo
Crazy Lady!,Jane Leslie Conly,Juvenile Fiction,3.64,
The Winthrop Woman,Anya Seton,Fiction,4.08,
Twelfth Night Or What You Will,William Shakespeare;Elizabeth Story Donno,Drama,3.98,
Sweet 18,Francine Pascal,Juvenile Fiction,3.51,
Journal of a Novel,John Steinbeck,Literary Criticism,4.09,The East of Eden Letters
Sense and Sensuality,Ravi Zacharias,Religion,3.93,Jesus Talks with Oscar Wilde on the Pursuit of Pleasure
Twelfth Night Or What You Will,William Shakespeare;Elizabeth Story Donno,Drama,3.98,
"Gun, with Occasional Music",Jonathan Lethem,Fiction,3.77,
Naked Pictures of Famous People,Jon Stewart,Humor,3.59,
Nausicaä of the Valley of the Wind,Hayao Miyazaki,Comics & Graphic Novels,4.61,
Death and the King's Horseman,Wole Soyinka;Simon Gikandi,Drama,3.76,"Authoritative Text : Backgrounds and Contexts, Criticism"
"Bernard Shaw's Saint Joan, Major Barbara, Androcles and the Lion",Bernard Shaw,Drama,3.55,
Dragon Head,Minetaro Mochizuki,Comics & Graphic Novels,3.69,
Ovid's Metamorphoses,Ovid,Social Science,4.3,Books 6-10
The Collected Poems of Wilfred Owen,Wilfred Owen,Poetry,4.33,
The Trumpet of the Swan,E. B. White,Juvenile Fiction,4.07,
The Quiet Little Woman,Louisa May Alcott,Fiction,3.66,Tilly's Christmas ; Rosa's Tale : Three Enchanting Christmas Stories
"Euthyphro, Apology, Crito, Meno, Gorgias, Menexenus",Plato,Philosophy,4.14,
On the Origin of Species,Charles Darwin,Science,3.99,By Means of Natural Selection
Tolstoy: Anna Karenina,Anthony Thorlby,Literary Criticism,4.19,
Parliament of Whores,P. J. O'Rourke,Humor,4.01,A Lone Humorist Attempts to Explain the Entire U.S. Government
The World of Mr. Mulliner,Pelham Grenville Wodehouse,Humor,4.31,"The Mulliner Omnibus : an Omnibus Volume Containing Mr. Mulliner Speaking, Meet Mr. Mulliner, Mulliner Nights"
"Sounds, Feelings, Thoughts",Wisława Szymborska,Poetry,4.33,Seventy Poems
The Tempest,William Shakespeare,Drama,3.81,
CliffsNotes on Wiesel's Night,Maryam Riess,Literary Criticism,3.4,
The Throne of the Third Heaven of the Nations Millennium General Assembly,Denis Johnson,Poetry,4.16,Poems Collected and New
All I Really Need to Know I Learned in Kindergarten,Robert Fulghum,Self-Help,4.03,
The Origin of the Bible,Philip Wesley Comfort,Religion,3.84,
The Essential Calvin And Hobbes,Bill Watterson,Comics & Graphic Novels,4.64,
Media Unlimited,Todd Gitlin,Social Science,3.55,How the Torrent of Images and Sounds Overwhelms Our Lives
The Republic of Plato,Allan Bloom,Philosophy,3.93,Second Edition
100 Love Sonnets,Pablo Neruda,Poetry,4.4,Cien sonetos de amor
Paradise Lost and Paradise Regained,John Milton,Poetry,4.08,
Naked Lunch,William S. Burroughs,Psychology,3.44,The Restored Text
Zondervan Handbook to the Bible,David Alexander;Pat Alexander,Religion,4.14,
Paradise Lost,John Milton;John A. Himes,Poetry,3.81,
Aké,Wole Soyinka,Biography & Autobiography,3.92,The Years of Childhood
The World of Mr. Mulliner,Pelham Grenville Wodehouse,Humor,4.31,"The Mulliner Omnibus : an Omnibus Volume Containing Mr. Mulliner Speaking, Meet Mr. Mulliner, Mulliner Nights"
Introduction to World Religions,Christopher Hugh Partridge,Religion,3.68,
Hegel: A Very Short Introduction,Peter Singer,Philosophy,3.85,
Laughter and Tears,Ann Hewetson,Psychology,4.0,A Family's Journey to Understanding the Autism Spectrum
Reading the Bible Again for the First Time,Marcus J. Borg,Religion,4.13,Taking the Bible Seriously but Not Literally
Anthony Powell,Michael Barber,Biography & Autobiography,3.72,A Life
The Botany of Desire,Michael Pollan,Social Science,4.06,A Plant's-eye View of the World
It's Called a Breakup Because It's Broken,Greg Behrendt;Amiira Ruotola-Behrendt,Self-Help,4.01,The Smart Girl's Breakup Buddy
The Work of Mourning,Jacques Derrida,Literary Criticism,4.22,
A Midsummer Night's Dream,William Shakespeare,Drama,3.94,
Suffering and the Sovereignty of God,John Piper;Justin Taylor,Religion,4.31,
Imperial Life in the Emerald City,Rajiv Chandrasekaran,History,4.02,Inside Iraq's Green Zone
It's a Magical World,Bill Watterson,Humor,4.76,
Contemporary Political Philosophy,Will Kymlicka,Philosophy,3.98,An Introduction
The Calvin and Hobbes Lazy Sunday Book,Bill Watterson,Humor,4.67,
Moose Master,George Edward Stanley,Juvenile Fiction,4.08,
Created In Darkness By Troubled Americans,Dave Eggers,Humor,3.76,The Best Of Mcsweeney's Humor Category
Living with the Passive-Aggressive Man,Scott Wetzler,Psychology,0.0,Coping with Hidden Aggression--from the Bedroom to
Alcoholics Anonymous,Alcoholics Anonymous,Self-Help,4.44,
The Tolkien Companion,J. E. A. Tyler;John Ronald Reuel Tolkien,Literary Criticism,4.11,
The Feynman Lectures on Physics,Richard Phillips Feynman;Robert B. Leighton;Matthew Linzee Sands,Science,4.61,
Farewell to Salonica,Leon Sciaky,Biography & Autobiography,4.11,City at the Crossroads
Alice's Adventures in Wonderland,Lewis Carroll,Juvenile Fiction,4.01,
History of Philosophy Volume 1,Frederick Copleston,Philosophy,4.08,Greece and Rome
Little Plum,Rumer Godden,Juvenile Fiction,4.22,
Museum of Terror,Junji Itō,Comics & Graphic Novels,4.1,Tomie 2
The Dream Giver,Bruce Wilkinson,Religion,4.25,
Anne Rice's the Vampire Lestat,Faye Perozich;Anne Rice;Daerick Gross,Humor,4.19,A Graphic Novel
Sense and Sensuality,Ravi Zacharias,Religion,3.93,Jesus Talks with Oscar Wilde on the Pursuit of Pleasure
Death of a Snob,M. C. Beaton,Fiction,3.78,
Feel the Fear-- and Do it Anyway,Susan J. Jeffers,Psychology,4.03,
Not Even Wrong,Peter Woit,Science,3.93,The Failure of String Theory and the Search for Unity in Physical Law
King Henry IV Part 2,William Shakespeare;A. R. Humphreys,Drama,3.8,Second Series
Fear of Falling,Barbara Ehrenreich,Social Science,3.9,The Inner Life of the Middle Class
Marilyn Manson,Richard D. Nelson,Religion,4.0,The Lonely Watchman
The Secret Lives of Men and Women,Frank Warren,Self-Help,4.37,A PostSecret Book
The Birth of Tragedy,Friedrich Wilhelm Nietzsche,Philosophy,3.98,
The Code Book,Simon Singh,History,4.31,The Science of Secrecy from Ancient Egypt to Quantum Cryptography
Dark Birthright,Jeanne Treat,History,3.63,
Into Thin Air,Jon Krakauer,Biography & Autobiography,4.15,A Personal Account of the Mount Everest Disaster
The Books of Magic,Neil Gaiman,Comics & Graphic Novels,4.08,
A break with charity,Ann Rinaldi,Humor,3.79,a story about the Salem witch trials
Aristophanes' Peace,Aristophanes;S. Douglas Olson,Drama,3.58,
Mary Shelley,Anne Kostelanetz Mellor,Biography & Autobiography,3.93,"Her Life, Her Fiction, Her Monsters"
"Stiff Upper Lip, Jeeves",P. G. Wodehouse,Humor,4.29,
Self-made Man,Norah Vincent,Social Science,3.32,One Woman's Journey Into Manhood and Back Again
Assembling California,John McPhee,Science,4.17,
The Working Poor,David K. Shipler,Social Science,4.03,Invisible In America
Achilles in Vietnam,Jonathan Shay,Psychology,4.24,Combat Trauma and the Undoing of Character
The Function of Criticism,Terry Eagleton,Philosophy,3.65,
The Fugitive Factor,Gordon Korman,Juvenile Fiction,4.13,
Pygmalion,Bernard Shaw;Alan Jay Lerner,Fiction,4.25,A Romance in Five Acts
A History of Modern Psychology,Duane Schultz;Sydney Schultz,Psychology,3.85,
On the Bus,Paul Perry;Ken Babbs,Social Science,3.86,The Complete Guide to the Legendary Trip of Ken Kesey and the Merry Pranksters and the Birth of the Counterculture
Temptations,Otis Williams;Patricia Romanowski;Patricia Romanowski Bashe,Biography & Autobiography,4.13,
The Adversary,Julian May,Science,4.22,
CliffsNotes on Golding's Lord of the Flies,Maureen Kelly,Literary Criticism,3.92,
Genetics and the Origin of Species,Theodosius Dobzhansky,Science,4.15,
The World and Other Places,Jeanette Winterson,Fiction,3.87,
The Tempest,William Shakespeare,Drama,3.81,
A House for Mr Biswas,Vidiadhar Surajprasad Naipaul,Psychology,3.82,
Nine Horses,Billy Collins,Poetry,4.17,Poems
Awakening at Midlife,Kathleen A. Brehony,Psychology,3.99,"A Guide to Reviving Your Spirit, Recreating Your Life, and Returning to Your Truest Self"
Seventeen Seventy-six,David McCullough,Biography & Autobiography,4.07,
Medea,Robinson Jeffers,Drama,4.2,
Book of Haikus,Jack Kerouac,Poetry,3.92,
The Trial and Death of Socrates (Third Edition),Plato;George Maximilian Anthony Grube;John Madison Cooper,Philosophy,4.07,"Euthyphro, Apology, Crito, Death Scene from Phaedo"
Laura's Album,William Anderson,Fiction,4.3,A Remembrance Scrapbook of Laura Ingalls Wilder
The Blazing Center Study Guide,John Piper;Desiring God,Religion,4.28,The Soul-Satisfying Supremacy of God in All Things
Warfare in the Classical World,John Gibson Warry,History,4.13,"An Illustrated Encyclopedia of Weapons, Warriors, and Warfare in the Ancient Civilisations of Greece and Rome"
Blood Done Sign My Name,Timothy B. Tyson,Biography & Autobiography,4.15,A True Story
Reason in History,Georg Wilhelm Friedrich Hegel,Philosophy,3.64,A General Introduction to the Philosophy of History
Yosemite,Margaret Sanborn,History,3.96,"Its Discovery, Its Wonders and Its People"
Fullmetal Alchemist,Hiromu Arakawa,Comics & Graphic Novels,4.59,
For All Time,Caroline B. Cooney,Juvenile Fiction,3.91,
The Consolation of Philosophy,Boethius;Victor Watts,Literary Criticism,3.97,
Moon-Flash,Patricia A. McKillip,Juvenile Fiction,3.73,
Trials of Tears,John Ehle,History,4.15,The Rise and Fall of the Cherokee Nation
Lovingkindness,Sharon Salzberg;Jon Kabat-Zinn,Self-Help,4.26,The Revolutionary Art of Happiness
Message in a Bottle,Nicholas Sparks,Fiction,3.96,
Enzyme-Catalyzed Synthesis of Polymers,Shiro Kobayashi;Helmut Ritter;David Kaplan,Science,0.0,
Female Chauvinist Pigs,Ariel Levy,Social Science,3.68,Women and the Rise of Raunch Culture
The Anthology at the End of the Universe,Glenn Yeffeth,Literary Criticism,3.85,Leading Science Fiction Authors on Douglas Adams' The Hitchhiker's Guide to the Galaxy
Superheroes and Philosophy,Thomas V. Morris;Matt Morris;William Irwin,Comics & Graphic Novels,3.87,"Truth, Justice, and the Socratic Way"
"Moby Dick, Or, The White Whale",Herman Melville;Geraldine McCaughrean;Victor G. Ambrus,Juvenile Fiction,3.85,
Vanish,Tess Gerritsen,Fiction,4.12,A Novel
The Toy Maker,Anthony McReavy,Biography & Autobiography,3.0,The Life and Times of Inventor Frank Hornby
Lost Prophet,John D'Emilio,Biography & Autobiography,4.19,The Life and Times of Bayard Rustin
Shakespeare's Sonnets,William Shakespeare,Drama,4.25,Third Series
The Feeling Good Handbook,David D. Burns,Psychology,4.0,
The Janson Directive,Robert Ludlum,Fiction,3.86,
The Making of a Philosopher,Colin McGinn,Philosophy,3.65,My Journey Through Twentieth-Century Philosophy
Queen of Sorcery,David Eddings,Fiction,4.14,
Founding Brothers,Joseph J. Ellis,Biography & Autobiography,3.92,The Revolutionary Generation
Preludes and Nocturnes,Neil Gaiman;Sam Kieth;Mike Dringenberg;Todd Klein;Danny Vozzo,Comics & Graphic Novels,4.25,
The Anatomy of Human Destructiveness,Erich Fromm,Psychology,4.2,
Sons of Mississippi,Paul Hendrickson,Biography & Autobiography,3.81,A Story of Race and Its Legacy
A Clockwork Orange,Anthony Burgess,Drama,3.82,
Aches & Pains,Maeve Binchy,Humor,3.54,
Bad Childhood---Good Life,Laura Schlessinger,Self-Help,3.92,How to Blossom and Thrive in Spite of an Unhappy Childhood
Cold Counsel,Sarah M. Anderson;Karen Swenson,Literary Criticism,3.61,Women in Old Norse Literature and Mythology : a Collection of Essays
The Statue of Liberty,Debra Hess,History,4.0,
The Bears on Hemlock Mountain,Alice Dalgliesh,Juvenile Fiction,3.78,
The Rough Guide to the Beatles,Chris Ingham,Biography & Autobiography,3.87,
A History of Modern Psychology,Duane Schultz;Sydney Schultz,Psychology,3.85,
The Spirit Level,Seamus Heaney,Poetry,4.15,Poems
Euripides I,Euripides,Drama,4.03,Alcestis; The Medea; The Heracleidae; Hippolytus
Downsize This!,Michael Moore,Humor,3.62,
The Blood of the Moon,George Grant,Religion,3.69,Understanding the Historic Struggle Between Islam and Western Civilization
"Patience, Princess Catherine",Carolyn Meyer,Juvenile Fiction,3.79,
Homelands,Patricia Justine Tumang;Jenesha de Rivera,Social Science,4.43,"Women's Journeys Across Race, Place, and Time"
Five Children and it,Edith Nesbit,Juvenile Fiction,3.88,
Treasure Island,Chris Tait;Robert Louis Stevenson;Lucy Corvino,Juvenile Fiction,4.12,
A Conflict Of Visions,Thomas Sowell,History,4.32,
Either/Or,Soren Kierkegaard,Philosophy,4.17,A Fragment of Life
Crescent Moon,Haruko Iida,Comics & Graphic Novels,4.22,
The Calvin and Hobbes Tenth Anniversary Book,Bill Watterson,Humor,4.63,
Euripides I,Euripides,Drama,4.03,Alcestis; The Medea; The Heracleidae; Hippolytus
Fergus and the Night-Demon,Jim Murphy,Juvenile Fiction,3.71,An Irish Ghost Story
E. M. Forster,Philip Nicholas Furbank,Biography & Autobiography,4.11,A Life
Democracy Matters,Cornel West,History,3.94,Winning the Fight Against Imperialism
Philosophy of Right,G. W. F. Hegel;S. W. Dyde,Philosophy,3.86,
Monkey Business,Marvin N. Olasky;John Perry,Religion,3.16,The True Story of the Scopes Trial
The Complete Monty Python's Flying Circus,Graham Chapman;Monty Python (Comedy troupe);Terry Gilliam;Eric Idle;Terry Jones,Humor,4.44,All the Words
That Godless Court?,Ronald Bruce Flowers,Religion,3.54,Supreme Court Decisions on Church-state Relationships
Five Tʻang poets,David Young,Poetry,4.31,
Collapse,Jared M. Diamond,History,3.93,How Societies Choose to Fail Or Succeed
An Ideal Husband,Oscar Wilde,Humor,4.04,
The Scandal of Ulysses,Bruce Arnold,Literary Criticism,3.79,The Life and Afterlife of a Twentieth Century Masterpiece
Transcending the Levels of Consciousness,David R. Hawkins,Religion,4.53,The Stairway of Enlightenment
Macbeth,William Shakespeare,Drama,3.89,
The Complete ACOA Sourcebook,Janet G. Woititz,Self-Help,4.06,"Adult Children of Alcoholics at Home, at Work and in Love"
Voices,Ursula K. Le Guin,Juvenile Fiction,3.87,
The Power of Myth,Joseph Campbell,Philosophy,4.3,
The Kingdom of God Is Within You,Leo Tolstoy;Constance Garnett,Religion,4.13,
Muhammad,Karen Armstrong,Biography & Autobiography,4.04,A Prophet for Our Time
Lovingkindness,Sharon Salzberg;Jon Kabat-Zinn,Self-Help,4.26,The Revolutionary Art of Happiness
In Search of Captain Zero,Alan C. Weisbecker,Biography & Autobiography,4.15,
"Three Plays of Euripides: Alcestis, Medea, The Bacchae",Euripides,Drama,3.95,
The Secret Lives of Men and Women,Frank Warren,Self-Help,4.37,A PostSecret Book
Social Psychology,Elliot Aronson;Timothy D. Wilson;Robin M. Akert,Psychology,3.98,
Lost Continents,Lyon Sprague De Camp,Social Science,3.64,"The Atlantis Theme in History, Science, and Literature"
The voyage of the Dawn Treader,Clive Staples Lewis,Juvenile Fiction,4.09,
The Parallax View,Slavoj Žižek,Philosophy,4.01,
The Great Good Place,Ray Oldenburg,Social Science,3.84,"Cafes, Coffee Shops, Bookstores, Bars, Hair Salons, and Other Hangouts at the Heart of a Community"
City Eclogue,Ed Roberson,Social Science,4.14,
Culture of Fear Revisited,Frank Furedi,Social Science,3.53,
Meeting Jesus Again for the First Time,Marcus J. Borg,Religion,4.14,The Historical Jesus and the Heart of Contemporary Faith
9-11 [neuf-onze],Noam Chomsky;Institute Professor & Professor of Linguistics (Emeritus) Noam Chomsky,Science,3.73,
LOVE MODE Volume 2: (Yaoi),Yuki Shimizu,Comics & Graphic Novels,4.24,
Savage Love,Dan Savage,Self-Help,3.84,Straight Answers from America's Most Popular Sex Columnist
The War of Art,Steven Pressfield,Self-Help,4.02,Break Through the Blocks and Win Your Inner Creative Battles
In Defense of Lost Causes,Slavoj Žižek,Philosophy,3.89,
Jack of Fables,Bill Willingham;Matthew Sturges;Tony Akins;Andrew Pepoy,Comics & Graphic Novels,3.58,The (nearly) Great Escape
The Gospel of the Flying Spaghetti Monster,Bobby Henderson,Humor,3.92,
Gunslinger Girl,Yu Aida,Comics & Graphic Novels,3.86,
The Psychology of Winning,Denis Waitley,Psychology,4.2,
The Rock that is Higher,Madeleine L'Engle,Religion,4.13,Story as Truth
"Nathan the Wise, Minna von Barnhelm, and Other Plays and Writings: Gotthold Ephraim Lessing",Peter Demetz,Literary Criticism,3.72,
Unlimited Power,Tony Robbins,Self-Help,4.22,The New Science Of Personal Achievement
The Iliad,Homer,Poetry,3.85,
Life is a Dream,Pedro Calderón de la Barca,Drama,3.98,
Dewdrops on a Lotus Leaf,Ryōkan;John Stevens,Poetry,4.56,Zen Poems of Ryōkan
Coraline,Neil Gaiman,Fiction,4.05,
Bowling Alone,Robert D. Putnam,History,3.79,The Collapse and Revival of American Community
The Iliad,Nick McCarty;Victor G. Ambrus,Juvenile Fiction,3.85,
Shakespeare's Sonnets,William Shakespeare,Drama,4.25,Third Series
Selected Verse,Federico García Lorca;Christopher Maurer;Catherine Brown,Poetry,4.43,Revised Bilingual Edition
The Gospel of the Flying Spaghetti Monster,Bobby Henderson,Humor,3.92,
"I'm Good Enough, I'm Smart Enough, and Doggone It, People Like Me!",Al Franken;Stuart Smalley,Humor,3.8,Daily Affirmations by Stuart Smalley
Same Sex in the City,Lauren Levin;Lauren Blitzer,Self-Help,3.58,(So Your Prince Charming Is Really a Cinderella)
"Plato, Not Prozac!",Lou Marinoff,Philosophy,3.39,Applying Eternal Wisdom to Everyday Problems
It's Called a Breakup Because It's Broken,Greg Behrendt;Amiira Ruotola-Behrendt,Self-Help,4.01,The Smart Girl's Breakup Buddy
The Complete Science Fiction Treasury of H.G. Wells,H. G. Wells,Science,4.13,
The Crowd: Extradordinary Popular Delusions: Twin Classics of Crowd Pyschology,Gustave Le Bon;Charles Mackay,Psychology,3.94,
Daughters of Decadence,Elaine Showalter,Social Science,3.84,Women Writers of the Fin-de-Siècle
The Secret School,Avi,Juvenile Fiction,3.78,
The Daily Show with Jon Stewart Presents America (The Book) Teacher's Edition,Jon Stewart;The Writers of The Daily Show,Humor,4.02,A Citizen's Guide to Democracy Inaction
The Regime,Tim F. LaHaye;Jerry B. Jenkins,Fiction,4.11,Evil Advances : Before They Were Left Behind
Ovid's Metamorphoses,Ovid,Social Science,4.3,Books 6-10
Drop the Rock,Bill P.;Todd W.;Sara S.,Self-Help,4.45,Removing Character Defects - Steps Six and Seven
Band of Brothers,Stephen E. Ambrose,History,4.43,"E Company, 506th Regiment, 101st Airborne from Normandy to Hitler's Eagle's Nest"
The Presocratics,Philip Wheelwright,Philosophy,4.04,
Notebooks of the Mind,Vera John-Steiner,Psychology,3.81,Explorations of Thinking
The Anatomy of Human Destructiveness,Erich Fromm,Psychology,4.2,
CliffsNotes on Remarque's All Quiet on the Western Front,Susan Van Kirk,Literary Criticism,4.24,
The Illustrated a Brief History of Time,Stephen Hawking,Science,4.16,
Chester,Syd Hoff,Juvenile Fiction,3.75,
One is the Loneliest Number,Tom Clancy;Steve R. Pieczenik,Juvenile Fiction,3.93,
At the Edge,Cait London,Fiction,3.79,
The Wit and Wisdom of Mark Twain,Mark Twain,Literary Criticism,4.2,A Book of Quotations
"Poems, New and Collected, 1957-1997",Wislawa Szymborska;Stanisław Barańczak;Clare Cavanagh,Poetry,4.42,
When I Feel Angry,Cornelia Maude Spelman,Juvenile Fiction,3.99,
Best Science Fiction Stories of Clifford D. Simak,Clifford D. Simak,Science,3.94,
Strategies of Containment,John Lewis Gaddis,History,4.01,A Critical Appraisal of American National Security Policy During the Cold War
Tolkien,Joseph Pearce,Biography & Autobiography,4.06,Man and Myth
C. S. Lewis,Bruce L. Edwards,Literary Criticism,4.43,"Life, Works, and Legacy"
Martin and John,Dale Peck,Fiction,3.73,A Novel
Swan Song,Robert McCammon,Fiction,4.28,
Betty Friedan and the Making of The Feminine Mystique,Daniel Horowitz,Science,3.59,"The American Left, the Cold War, and Modern Feminism"
Howl's Moving Castle,Diana Wynne Jones,Juvenile Fiction,4.3,
Loving God with All Your Mind,Elizabeth George,Religion,4.43,
Transform Your Life,Diana Cooper,Self-Help,4.0,A Step-by-step Programme for Change
Pastoralia,George Saunders,Humor,4.11,
Fullmetal Alchemist,Hiromu Arakawa,Comics & Graphic Novels,4.6,
The Complete Works,Tacitus,History,4.29,
The Canterbury Tales,Geoffrey Chaucer,Poetry,3.49,
Fables: Wolves,Bill Willingham,Comics & Graphic Novels,4.28,
Black Sugar,Jeremy Reed,Poetry,4.2,Trisexual Poems
The Last Dance,Lynne Ann DeSpelder;Albert Lee Strickland,Social Science,3.77,Encountering Death and Dying
Sociology,Anthony Giddens;Simon Griffiths,Social Science,3.96,
Becoming a Goddess of Inner Poise,Donna Freitas,Social Science,3.59,Spirituality for the Bridget Jones in All of Us
The Twelve Steps and Twelve Traditions of Overeaters Anonymous,"Overeaters Anonymous, Inc. (U.S.)",Self-Help,4.37,
"Selected Poems (Melville, Herman)",Herman Melville,Poetry,0.0,
The Book of Embraces,Eduardo Galeano;Cedric Belfrage,Fiction,4.29,
The Working Poor,David K. Shipler,Social Science,4.03,Invisible In America
The Culture of Fear,Barry Glassner,Social Science,3.7,Why Americans Are Afraid of the Wrong Things
Discourse on the Origin of Inequality,Jean-Jacques Rousseau,Philosophy,3.83,
The Dance of Intimacy,Harriet Lerner,Psychology,4.06,A Woman's Guide to Courageous Acts of Change in Key Relationships
The Aeneid,Virgil,Poetry,3.83,
Le Système Des Objets,Jean Baudrillard,Philosophy,4.0,
The Histories,Herodotus,History,3.98,
Europe and the People Without History,Eric R. Wolf,Social Science,4.13,
The Culture of Fear,Barry Glassner,Social Science,3.7,Why Americans Are Afraid of the Wrong Things
The Crowd: Extradordinary Popular Delusions: Twin Classics of Crowd Pyschology,Gustave Le Bon;Charles Mackay,Psychology,3.94,
On the Origin of Species,Charles Darwin,Science,3.99,By Means of Natural Selection
The Eye of Charon,Richard A. Knaak,Fiction,3.88,
The Dot and the Line,Norton Juster,Humor,4.33,A Romance on Lower Mathematics
Iron Kingdom,"Christopher M. Clark;University Christopher Clark, MD",History,4.14,"The Rise and Downfall of Prussia, 1600-1947"
The Illustrated Longitude,Dava Sobel;William J.H. Andrewes,Science,4.09,The True Story of a Lone Genius Who Solved the Greatest Scientific Problem of His Time
Redemption,Steven G. Kellman,Biography & Autobiography,4.22,The Life of Henry Roth
Surfer's Code,Shaun Tomson;Patrick J. Moser,Self-Help,3.81,12 Simple Lessons for Riding Through Life
Dispatches from the Tenth Circle,Robert Siegel,Humor,4.2,The Best of The Onion
The Science of Stephen King,Lois H. Gresh;Robert Weinberg,Literary Criticism,3.49,"From Carrie to Cell, The Terrifying Truth Behind the Horror Masters Fiction"
The Weimar Republic,Detlev J. K. Peukert,History,3.82,
Lysistrata,Aristophanes;Jeffrey Henderson,Literary Criticism,3.85,
Trinity Blood,Sunao Yoshida;Beni Axia Conrad;Christine Boylan,Comics & Graphic Novels,4.11,
Homelands,Patricia Justine Tumang;Jenesha de Rivera,Social Science,4.43,"Women's Journeys Across Race, Place, and Time"
Journey into God's Word,J. Scott Duvall;J. Daniel Hays,Religion,4.16,Your Guide to Understanding and Applying the Bible
Charles Taylor,Ruth Abbey;Lecturer in Philosophy Ruth Abbey;Cambridge University Press,History,3.6,
The Rules of Attraction,Bret Easton Ellis,Fiction,3.7,
Leaving the 20th Century,Christopher Gray,Philosophy,4.14,The Incomplete Work of the Situationist International
Pathologies of Power,Paul Farmer,History,4.25,"Health, Human Rights, and the New War on the Poor"
Mister Monday,Garth Nix,Juvenile Fiction,3.78,
The Diary of Virginia Woolf: 1915-1919,Virginia Woolf,Biography & Autobiography,4.31,
The New Jessica,Francine Pascal,Juvenile Fiction,3.45,
P.J. Funnybunny Camps Out,Marilyn Sadler,Juvenile Fiction,3.86,
"The Comedy of Dante Alighieri, the Florentine: Purgatory",Dante Alighieri,Poetry,4.02,
Journey into God's Word,J. Scott Duvall;J. Daniel Hays,Religion,4.16,Your Guide to Understanding and Applying the Bible
South Park and Philosophy,Robert Arp,Philosophy,3.41,"You Know, I Learned Something Today"
The Rediscovery of Man,Cordwainer Smith,Science,4.14,
What Would Machiavelli Do?,Stanley Bing,Humor,3.46,The Ends Justify the Meanness
Same Sex in the City,Lauren Levin;Lauren Blitzer,Self-Help,3.58,(So Your Prince Charming Is Really a Cinderella)
Kid Eternity,Grant Morrison;Duncan Fegredo,Comics & Graphic Novels,3.4,
The World of Mr. Mulliner,Pelham Grenville Wodehouse,Humor,4.31,"The Mulliner Omnibus : an Omnibus Volume Containing Mr. Mulliner Speaking, Meet Mr. Mulliner, Mulliner Nights"
Life Management for Busy Women,Elizabeth George,Religion,4.54,Growth and study guide
Treatise on Happiness,Saint Thomas (Aquinas);Thomas Aquinas,Philosophy,3.84,
H.G. Wells Science Fiction Treasury,Herbert George Wells,Science,3.94,
History of Philosophy,Frederick Charles Copleston,Philosophy,4.08,
The Days Are Just Packed,Bill Watterson,Humor,4.69,
It's a Magical World,Bill Watterson,Humor,4.76,A Calvin and Hobbes Collection
Black Holes and Time Warps,Kip Thorne;Kip S. Thorne;Stephen Hawking,Science,4.18,Einstein's Outrageous Legacy
The Bromeliad Trilogy,Terry Pratchett,Juvenile Fiction,4.06,"Truckers, Diggers, and Wings"
Doubling the Point,Professor of General Literature J M Coetzee;J. M. Coetzee,Literary Criticism,4.04,Essays and Interviews
The Role of the Reader,Umberto Eco,Literary Criticism,3.94,Explorations in the Semiotics of Texts
Franz Kafka's The Castle,David Fishelson;Aaron Leichter,Drama,4.07,
Awakening at Midlife,Kathleen A. Brehony,Psychology,3.99,"A Guide to Reviving Your Spirit, Recreating Your Life, and Returning to Your Truest Self"
Yesterday I Cried,Iyanla Vanzant,Self-Help,4.22,Celebrating The Lessons Of Living And Loving
The Crowd: Extradordinary Popular Delusions: Twin Classics of Crowd Pyschology,Gustave Le Bon;Charles Mackay,Psychology,3.94,
African Nights,Kuki Gallmann,Biography & Autobiography,3.8,True Stories from the Author of I Dreamed of Africa
Collected Children's Stories,Sylvia Plath,Poetry,4.22,
"The Poet, the Warrior, the Prophet",Rubem A. Alves,Religion,4.43,
Cuba,Richard Gott,History,4.06,A New History
The Road to Yesterday,Lucy Maud Montgomery,Juvenile Fiction,3.81,
1491,Charles C. Mann,History,4.02,New Revelations of the Americas Before Columbus
The Waste Land and Other Writings,Thomas Stearns Eliot,Poetry,4.21,
Seduction and Betrayal,Elizabeth Hardwick,Literary Criticism,4.06,Women and Literature
Selected Poems of Herman Melville,Herman Melville,Poetry,3.82,
What Would Machiavelli Do?,Stanley Bing,Humor,3.46,The Ends Justify the Meanness
The Children's Homer,Padraic Colum,Juvenile Fiction,3.89,The Adventures of Odysseus and the Tale of Troy
The Heights of Courage,Avigdor Kahalani,History,4.18,A Tank Leader's War on the Golan
The Female Brain,Louann Brizendine,Psychology,3.82,
The Lord God Made Them All,James Herriot,Biography & Autobiography,4.41,
"Ada, Or, Ardor, a Family Chronicle",Vladimir Vladimirovich Nabokov,Fiction,4.14,
Loving God with All Your Mind,Elizabeth George,Religion,4.43,
Ovid's Metamorphoses,Ovid,Social Science,4.3,Books 6-10
Simulacra and Simulation,Jean Baudrillard,Social Science,3.98,
DREAM & THE UNDERWOR,James Hillman,Psychology,4.23,
Cod,Mark Kurlansky,History,3.9,A Biography of the Fish that Changed the World
The history of sexuality,Michel Foucault,Philosophy,4.07,The use of pleasure
The Principles of Psychology,William James,Psychology,4.18,"The principles of psychology / William James. Notes, appendixes, apparatus, general index"
The Best of Ray Bradbury,Ray Bradbury,Comics & Graphic Novels,4.07,The Graphic Novel
The Naked Ape,Desmond Morris,Science,3.95,A Zoologist's Study of the Human Animal
Drama Of The Gifted,Alice Miller,Psychology,4.09,
Bedlam's Edge,Mercedes Lackey;Rosemary Edghill,Fiction,3.92,
The Feminine Mystique,Betty Friedan,Social Science,3.87,
Five Patients,Michael Crichton,Social Science,3.48,The Hospital Explained
Betty Friedan and the Making of The Feminine Mystique,Daniel Horowitz,Science,3.59,"The American Left, the Cold War, and Modern Feminism"
Laura Ingalls Wilder's Fairy Poems,Laura Ingalls Wilder;Stephen W. Hines;Richard Hull,Poetry,3.97,
Inattentional Blindness,Arien Mack;Irvin Rock,Psychology,4.2,
Hamlet's Mill,Giorgio De Santillana;Hertha von Dechend,Philosophy,4.27,An Essay on Myth and the Frame of Time
The Time Machine,H. G. Wells;Melvin Burgess,Juvenile Fiction,3.88,
Drop the Rock,Bill P.;Todd W.;Sara S.,Self-Help,4.45,Removing Character Defects - Steps Six and Seven
Holy Madness,Georg Feuerstein,Religion,3.71,"The Shock Tactics and Radical Teachings of Crazy-Wise Adepts, Holy Fools, and Rascal Gurus"
Shakespeare's Sonnets,Helen Hunt;William Shakespeare,Drama,4.25,
Sex For Dummies,Sabine Walter,Self-Help,3.62,
Unlimited Power,Tony Robbins,Self-Help,4.22,The New Science Of Personal Achievement
"Complete Poems, 1904-1962",Edward Estlin Cummings,Poetry,4.35,
Mapping the World of Harry Potter,Mercedes Lackey;Leah Wilson,Literary Criticism,4.32,Science Fiction and Fantasy Writers Explore the Best Selling Fantasy Series of All Time
Genetics and the Origin of Species,Theodosius Dobzhansky,Science,4.15,
"Legends, Lies & Cherished Myths of World History",Richard Shenkman,History,3.48,
Macbeth,William Shakespeare,Comics & Graphic Novels,3.99,
George Washington's Rules of Civility and Decent Behaviour,George Washington,History,4.1,
The Meanest Thing to Say,Bill Cosby;Varnette P. Honeywood,Juvenile Fiction,3.53,
Five Tʻang poets,David Young,Poetry,4.31,
Six Easy Pieces,Richard P. Feynman,Science,4.2,Essentials Of Physics By Its Most Brilliant Teacher
Cypress Gardens,Mary M. Flekke;Sarah E. MacDonald;Randall M. MacDonald,History,3.0,
In Pharaoh's Army,Tobias Wolff,Biography & Autobiography,4.08,Memories of the Lost War
Code Word Kangaroo,George Edward Stanley,Juvenile Fiction,4.33,
Under The Influence,Preston Peet,History,3.64,The Disinformation Guide To Drugs
The Tipping Point,Malcolm Gladwell,Social Science,3.95,How Little Things Can Make a Big Difference
The Art of Loving,Erich Fromm,Self-Help,4.03,
Playing Easy to Get,Kresley Cole;Sherrilyn Kenyon;Jaid Black,Fiction,4.14,
Iberia,James Albert Michener,Literary Criticism,3.7,Spanish Travels and Reflections
Searching for God Knows What,Donald Miller,Religion,3.92,
Transform Your Life,Diana Cooper,Self-Help,4.0,A Step-by-step Programme for Change
Surfer's Code,Shaun Tomson;Patrick J. Moser,Self-Help,3.81,12 Simple Lessons for Riding Through Life
Night of the Long Shadows,Paul Crilley,Fiction,3.64,
The Man Who Sold The Moon,Robert A. Heinlein,Fiction,3.9,
A First Course in String Theory,Barton Zwiebach,Science,4.18,
"The Art of Love, and Other Poems",Ovid,Poetry,4.02,
Category Freaks,Sakurako Gokurakuin,Comics & Graphic Novels,3.57,
Alcoholics Anonymous,Anonymous,Self-Help,4.44,
"The World, the Text, and the Critic",Edward W. Said,Literary Criticism,4.19,
A Supposedly Fun Thing I'll Never Do Again,David Foster Wallace,Humor,4.27,Essays and Arguments Tag - Author of Infinite Jest
Psychoanalysis and Religion,Erich Fromm,Psychology,4.04,
The Complete ACOA Sourcebook,Janet G. Woititz,Self-Help,4.06,"Adult Children of Alcoholics at Home, at Work and in Love"
Will in the World,Stephen Greenblatt;Stephen Jay Greenblatt,Biography & Autobiography,3.94,How Shakespeare Became Shakespeare
A Supposedly Fun Thing I'll Never Do Again,David Foster Wallace,Humor,4.27,Essays and Arguments Tag - Author of Infinite Jest
"Right Stuff, Wrong Sex",Margaret A. Weitekamp,History,3.8,America's First Women in Space Program
Korean Short History,James L. Stokesbury,History,3.65,
Smithsonian Intimate Guide to Human Origins,Carl Zimmer,Social Science,4.0,
Star Wars: Empire Volume 7--The Wrong Side of the War,Welles Hartley;Davide Fabbri;Christian DallaVecchia; David Michael Beck,Comics & Graphic Novels,3.8,
"Collected tales, sketches, speeches, and essays 1891-1910",Mark Twain,Humor,4.39,1891-1910
Vernon God Little,D. B. C. Pierre,Humor,3.59,A 21st Century Comedy in the Presence of Death
CliffsNotes on Tolstoy's Anna Karenina,Marianne Sturman,Literary Criticism,3.89,
The Pursuit of Happyness,Chris Gardner,Biography & Autobiography,0.0,
The Mistress's Daughter,A. M. Homes,Biography & Autobiography,3.28,
The Rime of the Ancient Mariner and Other Poems,Samuel Taylor Coleridge,Poetry,3.94,
The Tipping Point,Malcolm Gladwell,Social Science,3.95,How Little Things Can Make a Big Difference
"""Gorgias"" and ""Phaedrus""",Plato,Philosophy,4.41,"Rhetoric, Philosophy, and Politics"
Paradise Lost,John Milton;John A. Himes,Poetry,3.81,
The Golden Country,Shusaku Endo;Shūsaku Endō,Drama,3.74,A Play About Christian Martyrs in Japan
A Midwife's Tale,Laurel Ulrich,Biography & Autobiography,3.99,"The Life of Martha Ballard, Based on Her Diary, 1785-1812"
Will Eisner's New York,Will Eisner,Comics & Graphic Novels,4.36,Life in the Big City
Paradise Kiss,Ai Yazawa,Comics & Graphic Novels,4.1,
Police Brutality,Jill Nelson,Social Science,3.79,An Anthology
Three case histories,Sigmund Freud;Philip Rieff,Psychology,3.91,
Ovid's Metamorphoses,Ovid,Social Science,4.3,Books 6-10
A Long Short War,Christopher Hitchens,Science,3.74,The Postponed Liberation of Iraq
Guerilla Film Makers Movie Blueprint,Chris Jones,Social Science,4.2,
Drop Shot,Harlan Coben,Fiction,3.93,
Quimby the Mouse,Chris Ware,Comics & Graphic Novels,4.09,
Ten Things I Wish I'd Known - Before I Went Out into the Real World,Maria Shriver,Self-Help,3.69,
The Botany of Desire,Michael Pollan,Social Science,4.06,A Plant's-eye View of the World
History of Political Philosophy,Leo Strauss;Joseph Cropsey,Philosophy,4.18,
The Lost Tomb,Kent R. Weeks,Social Science,4.07,"In 1995, An American Egyptologist Discovered The Burial Site Of The Sons Of Ramesses Ii--this Is His"
The Survivor's Guide to Sex,Staci Haines,Self-Help,4.31,How to Have an Empowered Sex Life After Child Sexual Abuse
Three Complete Novels,Michael Crichton,Fiction,4.06,
A Framework for Understanding Poverty,Ruby K. Payne,Humor,3.9,
Assembling California,John McPhee,Science,4.17,
Sister Outsider,Professor Audre Lorde;Audre Lorde,Social Science,4.48,Essays and Speeches
The Riverside Shakespeare,William Shakespeare;Gwynne Blakemore Evans;Irving Babbitt Professor of Comparative Literature Harry Levin;Herschel Baker;J. J. M. Tobin;Anne Barton;Heather Dubrow;William T. Liston;Frank Kermode;Harry Levin;Marie Edel;Hallet Smith;Charles H. Shattuck,Drama,4.55,
The Gospel of the Flying Spaghetti Monster,Bobby Henderson,Humor,3.92,
The Richness of Life,Stephen Jay Gould,Science,4.25,The Essential Stephen Jay Gould
"Iphigenia, Phaedra, Athaliah",Jean Racine,Drama,3.85,
Ranma 1/2,Rumiko Takahashi,Comics & Graphic Novels,4.12,
The Collected Poems of Robert Penn Warren,Robert Penn Warren;John Burt,Poetry,4.37,
Smithsonian Intimate Guide to Human Origins,Carl Zimmer,Social Science,4.0,
"Stiff Upper Lip, Jeeves",P. G. Wodehouse,Humor,4.29,
Sociology,Anthony Giddens;Simon Griffiths,Social Science,3.96,
Side Effects,Amy Goldman Koss,Juvenile Fiction,3.87,
The Epic of Gilgamesh,Maureen Gallery Kovacs,Literary Criticism,3.67,
Tolkien's Modern Middle Ages,J. Chance;A. Siewers,Literary Criticism,3.59,
What Uncle Sam Really Wants,Noam Chomsky,History,3.99,
A Second Chance at Eden,Peter F. Hamilton,Science,4.02,
There is Always Enough,Rolland Baker;Heidi Baker,Humor,4.45,The Story of Rolland and Heidi Baker's Miraculous Ministry Among the Poor
Four Baboons Adoring the Sun,John Guare,Drama,4.0,
Bill Bryson's African Diary,Bill Bryson,Biography & Autobiography,3.43,
Stephen Hawking's Universe,John Boslough,Biography & Autobiography,4.04,
Becoming a Contagious Christian,Mark Mittelberg;Lee Strobel;Bill Hybels,Religion,3.75,Leader's Guide ; Communicationg Your Faith in a Style that Fits You
Yiddish with Dick and Jane,Ellis Weiner;Barbara Davilman,Humor,3.91,
Christmas Stories,Laura Ingalls Wilder,Juvenile Fiction,4.22,
Street of the Five Moons,Elizabeth Peters,Fiction,3.94,
Henry IV,William Shakespeare,Drama,0.0,
The House of Bernarda Alba and Other Plays,Federico García Lorca;Michael Dewell;Carmen Zapata,Psychology,4.07,
"The Civil War, a Narrative: Fort Sumter to Perryville",Shelby Foote,History,4.42,
Exploring the Northern Tradition,Galina Krasskova,Religion,3.83,"A Guide to the Gods, Lore, Rites, and Celebrations from the Norse, German, and Anglo-Saxon Traditions"
SeinLanguage,Jerry Seinfeld,Humor,3.63,
Original Sin,Henri Blocher,Religion,3.67,Illuminating the Riddle
Nine Horses,Billy Collins,Poetry,4.17,Poems
Unlimited Power,Tony Robbins,Self-Help,4.22,The New Science Of Personal Achievement
The Illustrated a Brief History of Time,Stephen Hawking,Science,4.16,
Housekeeping Vs. the Dirt,Nick Hornby,Literary Criticism,3.88,
After Many a Summer Dies the Swan,Aldous Huxley,Fiction,3.75,
Persian Mirrors,Elaine Sciolino,History,3.82,The Elusive Face of Iran
A history of philosophy,Frederick Charles Copleston,Philosophy,4.17,
Anne Frank Remembered,Miep Gies;Alison Leslie Gold,History,4.28,The Story of the Woman who Helped to Hide the Frank Family
The Leader In You,Dale Carnegie,Self-Help,4.09,The Leader In You
The Bacchae of Euripides,Wole Soyinka,Drama,3.85,A Communion Rite
The Family Idiot,Jean-Paul Sartre,Biography & Autobiography,3.8,"Gustave Flaubert, 1821-1857"
The Tesla Papers,Nikola Tesla,Science,4.12,
The Valley of Vision,Arthur Bennett,Religion,4.53,A Collection of Puritan Prayers and Devotions
Aristotle's Nicomachean Ethics,Aristotle;Hippocrates George Apostle,Philosophy,3.93,
Door Wide Open,Jack Kerouac,Biography & Autobiography,3.82,"A Beat Love Affair in Letters, 1957-1958"
A Manual for Living,Epictetus,Religion,4.22,
100 Years of Lynchings,Ralph Ginzburg,Social Science,4.63,
Wooden: A Lifetime of Observations and Reflections On and Off the Court,John Wooden,Biography & Autobiography,4.45,
Does Anybody Have a Problem with That?,Bill Maher,Humor,3.49,Politically Incorrect's Greatest Hits
Twelfth Night,William Shakespeare,Drama,3.98,
Learned Optimism,Martin E. P. Seligman,Psychology,4.0,How to Change Your Mind and Your Life
Inattentional Blindness,Arien Mack;Irvin Rock,Psychology,4.2,
The Future of the Universe,A.J. Meadows,Science,3.75,
Maximum City,Suketu Mehta,Social Science,3.92,Bombay Lost And Found
Slouching Toward Nirvana,Charles Bukowski,Poetry,3.99,New Poems
Howl's Moving Castle Film Comic,Hayao Miyazaki,Comics & Graphic Novels,4.4,
Best Science Fiction Stories of Clifford D. Simak,Clifford D. Simak,Science,3.94,
"Chekhov, the Major Plays",Anton Pavlovich Chekhov,Drama,4.18,
Death,Neil Gaiman;Chris Bachalo;Mark Buckingham;Mike Dringenberg,Comics & Graphic Novels,4.22,The Time of Your Life
Three case histories,Sigmund Freud;Philip Rieff,Psychology,3.91,
Everything Bad is Good for You,Steven Johnson,Psychology,3.49,How Today's Popular Culture is Actually Making Us Smarter
A Dance to the Music of Time,Anthony Powell,Fiction,3.95,First Movement
Gulliver's Travels,Martin Woodside;Jonathan Swift;Jamel Akib,Juvenile Fiction,3.93,
The Nature of Play,Anthony D. Pellegrini;Peter K. Smith,Psychology,4.25,Great Apes and Humans
View with a Grain of Sand,Wisława Szymborska,Poetry,4.33,Selected Poems
Abandonment,Kate Atkinson,Drama,3.6,
View with a Grain of Sand,Wisława Szymborska,Poetry,4.33,Selected Poems
C.S. Lewis and the Catholic Church,Joseph Pearce,Religion,3.88,
No Price Too High,Alex Jones,Biography & Autobiography,4.26,"A Pentecostal Preacher Becomes Catholic : the Inspirational Story of Alex Jones as Told to Diane Marie Morey Hanson ; and with a Special Section, the Conversion Story of Donna Jones"
The Complete Plays of Aristophanes,Aristophanes,Drama,4.21,
City Eclogue,Ed Roberson,Social Science,4.14,
The Complete Monty Python's Flying Circus,Graham Chapman;Monty Python (Comedy troupe);Terry Gilliam;Eric Idle;Terry Jones,Humor,4.44,All the Words
The Making of the Atomic Bomb,Richard Rhodes,History,4.35,
", said the shotgun to the head.",Saul Williams,Poetry,4.22,
"Poems, New and Collected, 1957-1997",Wislawa Szymborska;Stanisław Barańczak;Clare Cavanagh,Poetry,4.42,
Crucible of War,Fred Anderson,History,4.15,"The Seven Years' War and the Fate of Empire in British North America, 1754-1766"
Drop the Rock,Bill P.;Todd W.;Sara S.,Self-Help,4.45,Removing Character Defects - Steps Six and Seven
The Complete Idiot's Guide to World Religions,Brandon Toropov;Luke Buckles,Religion,3.66,
The Complete Monty Python's Flying Circus,Graham Chapman;Monty Python (Comedy troupe);Terry Gilliam;Eric Idle;Terry Jones,Humor,4.44,All the Words
The Poetry and Short Stories of Dorothy Parker,Dorothy Parker,Poetry,4.49,
The Female Brain,Louann Brizendine,Psychology,3.82,
CliffsNotes on Shakeapeare's Twelfth Night,J. L. Roberts,Literary Criticism,4.21,
Sex For Dummies,Sabine Walter,Self-Help,3.62,
Pattern Recognition,William Gibson,Fiction,3.87,
The Anatomy of Human Destructiveness,Erich Fromm,Psychology,4.2,
Difficult Conversations,Douglas Stone;Bruce Patton;Sheila Heen,Psychology,4.07,How to Discuss what Matters Most
Safe Conduct,Boris Leonidovich Pasternak,Biography & Autobiography,3.79,"An Autobiography, and Other Writings"
E=mc2,David Bodanis,Science,4.09,A Biography of the World's Most Famous Equation
Genetics and the Origin of Species,Theodosius Dobzhansky,Science,4.15,
The Diary of Anne Frank,Anne Frank,History,4.13,The Revised Critical Edition
The First Four Years,Laura Ingalls Wilder,Juvenile Fiction,3.88,
Feminist Measures,Lynn Keller;Cristanne Miller,Social Science,4.4,Soundings in Poetry and Theory
The Secret Lives of Men and Women,Frank Warren,Self-Help,4.37,A PostSecret Book
Modern Classics of Science Fiction,Gardner Dozois,Fiction,4.15,
"Edgar Allan Poe, A to Z",Dawn B. Sova;Branko·Sou閏ek,Biography & Autobiography,4.33,The Essential Reference to His Life and Work
The Ideology of the Aesthetic,Terry Eagleton,Literary Criticism,4.13,
The Calvin and Hobbes Lazy Sunday Book,Bill Watterson,Humor,4.67,
Marilyn Manson,Richard D. Nelson,Religion,4.0,The Lonely Watchman
1968,Mark Kurlansky,History,3.78,The Year That Rocked The World
Suffering and the Sovereignty of God,John Piper;Justin Taylor,Religion,4.31,
Maximum City,Suketu Mehta,Social Science,3.92,Bombay Lost And Found
The River Runs Black,Elizabeth Economy,History,3.81,The Environmental Challenge to China's Future
Generation of Swine,Hunter S. Thompson,Biography & Autobiography,3.77,Tales of Shame and Degradation in the '80's
The Metamorphoses of Ovid,Allen Mandelbaum,Literary Criticism,4.05,
A Circle of Quiet,Madeleine L'Engle,Religion,4.21,
Get Out of Your Mind & Into Your Life,Steven C. Hayes;Spencer Xavier Smith,Self-Help,4.05,The New Acceptance & Commitment Therapy
No Dress Rehearsal,Marian Keyes,Psychology,3.3,
The Cambridge Companion to Cervantes,Anthony J. Cascardi,Literary Criticism,3.6,
RG Veda,Clamp,Comics & Graphic Novels,3.72,
The Crowd: Extradordinary Popular Delusions: Twin Classics of Crowd Pyschology,Gustave Le Bon;Charles Mackay,Psychology,3.94,
A History of Modern Europe,John M. Merriman,History,3.98,From the French Revolution to the present
The Oedipus Plays of Sophocles,Sophocles;Paul Roche,Drama,3.97,"Oedipus the King, Oedipus at Colonus, Antigone"
A Christmas Carol,Charles Dickens,Juvenile Fiction,4.34,
The Tesla Papers,Nikola Tesla,Science,4.12,
The Blood of the Moon,George Grant,Religion,3.69,Understanding the Historic Struggle Between Islam and Western Civilization
A People's History of the United States,Howard Zinn;Kathy Emery;Ellen Reeves,History,4.08,
The Truth,Terry Pratchett,Drama,4.28,Stage Adaptation
Incest,Anaïs Nin,Biography & Autobiography,4.0,"From ""A Journal of Love"": The Unexpurgated Diary of Anais Nin, 1932-1934"
The Working Poor,David K. Shipler,Social Science,4.03,Invisible In America
A Supposedly Fun Thing I'll Never Do Again,David Foster Wallace,Humor,4.27,Essays and Arguments Tag - Author of Infinite Jest
Alcoholics Anonymous,Alcoholics Anonymous,Self-Help,4.44,
60 Million Frenchmen Can't be Wrong,Jean-Benoît Nadeau;Julie Barlow,Social Science,3.74,
The Complete Science Fiction Treasury of H.G. Wells,H. G. Wells,Science,4.13,
"The Lion, the Witch and the Wardrobe Read-Aloud Edition",C. S. Lewis;Pauline Baynes,Juvenile Fiction,4.21,
Sarah,Orson Scott Card,Fiction,3.88,Women of Genesis
Deadeye Dick,Kurt Vonnegut,Fiction,3.81,
The Feynman Lectures on Physics,Richard Phillips Feynman;Robert B. Leighton;Matthew Linzee Sands,Science,4.62,
With William Burroughs,William S. Burroughs;Victor Bockris,Biography & Autobiography,4.05,
The Anatomy of Human Destructiveness,Erich Fromm,Psychology,4.2,
Dionysiac Poetics and Euripides' Bacchae,Charles Segal,Literary Criticism,4.62,
Too Busy Not to Pray,Bill Hybels;LaVonne Neff,Religion,4.16,Slowing Down to Be with God
Another Day in Paradise,Jim Toomey,Humor,4.34,The Fourth Sherman's Lagoon Collection
The Calvin and Hobbes Tenth Anniversary Book,Bill Watterson,Humor,4.63,
"Cry, the Beloved Country",Alan Paton,Fiction,3.89,
Mating in Captivity,Esther Perel,Psychology,4.13,Reconciling the Erotic and the Domestic
The 7 Habits of Highly Effective People Personal Workbook,Stephen R. Covey,Self-Help,4.22,
The Magical Worlds of the Lord of the Rings,David Colbert,Fiction,4.08,"The Amazing Myths, Legends, and Facts Behind the Masterpiece"
"African Origins of the Major ""Western Religions""",Yosef Ben-Jochannan,Religion,4.56,
Don DeLillo's White Noise,Leonard Orr,Literary Criticism,3.91,A Reader's Guide
Candy,Mian Mian,Fiction,3.31,
The Drowned and the Saved,Primo Levi,Humor,4.39,
Fear and Trembling,Søren Kierkegaard,Philosophy,4.0,
Basic Political Writings,Jean-Jacques Rousseau,Philosophy,3.87,
The Principles of Psychology,William James,Psychology,4.18,"The principles of psychology / William James. Notes, appendixes, apparatus, general index"
How to Stop Worrying and Start Living,Dale Carnegie,Psychology,4.11,
The Anatomy Coloring Book,Wynn Kapit;Lawrence M. Elson,Science,4.25,
Elbow Room,Daniel Clement Dennett,Philosophy,3.92,The Varieties of Free Will Worth Wanting
"Poems, New and Collected, 1957-1997",Wislawa Szymborska;Stanisław Barańczak;Clare Cavanagh,Poetry,4.42,
The Value of X,Poppy Z. Brite,Fiction,4.14,
"The Columbia Reader on Lesbians and Gay Men in Media, Society, and Politics",Larry P. Gross;James D. Woods,Social Science,3.93,
The Gospel of the Flying Spaghetti Monster,Bobby Henderson,Humor,3.92,
Runny Babbit,Shel Silverstein,Poetry,4.12,A Billy Sook
How to Think Theologically,Howard W. Stone;James O. Duke,Religion,3.65,
The Princess Diaries,Meg Cabot,Juvenile Fiction,3.78,
The Easy Way to Stop Smoking,Allen Carr,Self-Help,4.29,
Love You Until...,Lisa McCourt,Religion,4.67,
Yesterday I Cried,Iyanla Vanzant,Self-Help,4.22,Celebrating The Lessons Of Living And Loving
Yesterday I Cried,Iyanla Vanzant,Self-Help,4.22,Celebrating The Lessons Of Living And Loving
It's a Magical World,Bill Watterson,Humor,4.76,A Calvin and Hobbes Collection
Blood on the Moon,James Ellroy,Fiction,3.45,
"A Preface to Democratic Theory, Expanded Edition",Robert A. Dahl,Science,3.62,
The Talisman,Stephen King;Peter Straub,Fiction,4.13,
Social Psychology,Elliot Aronson;Timothy D. Wilson;Robin M. Akert,Psychology,3.98,
Love Letters,Kahlil Gibran;Suheil Bushrui,Biography & Autobiography,3.67,The Love Letters of Kahlil Gibran to May Ziadah
"Sit, Walk, Stand",Watchman Nee,Religion,4.41,
On Late Style,Edward W. Saïd,Literary Criticism,3.92,Music And Literature Against the Grain
The Divine Comedy,Dante Alighieri;Charles Hubert Sisson;David H. Higgins,Poetry,4.07,
The Virginia Woolf Reader,Virginia Woolf,Literary Criticism,4.1,
Everything Bad is Good for You,Steven Johnson,Psychology,3.49,How Today's Popular Culture is Actually Making Us Smarter
The Rediscovery of Man,Cordwainer Smith,Science,4.14,
The Illustrated Longitude,Dava Sobel;William J.H. Andrewes,Science,4.09,The True Story of a Lone Genius Who Solved the Greatest Scientific Problem of His Time
Roald Dahl's James and the giant peach,Roald Dahl,Drama,4.04,a play
The Man Who Changed Everything,Basil Mahon,Biography & Autobiography,4.12,The Life of James Clerk Maxwell
A Wife After God's Own Heart Growth and Study Guide,Elizabeth George,Religion,4.75,
Something to Declare,Julia Alvarez,Literary Criticism,3.98,
Sunny the Yellow Fairy,Daisy Meadows,Juvenile Fiction,3.83,
Sociology,Anthony Giddens;Simon Griffiths,Social Science,3.96,
"Selected letters, 1940-1956",Jack Kerouac;Ann Charters,Biography & Autobiography,4.12,
All I Really Need to Know I Learned in Kindergarten,Robert Fulghum,Self-Help,4.03,
Odes to Common Things,Pablo Neruda,Poetry,4.38,
Goddess of the Sea,P. C. Cast,Fiction,3.88,
Mythology,Edith Hamilton,Social Science,3.99,
Parliament of Whores,P. J. O'Rourke,Humor,4.01,A Lone Humorist Attempts to Explain the Entire U.S. Government
"Twelve Kingdoms, The - Hardcover Edition Volume 1: Sea of Shadow",Fuyumi Ono;Akihiro Yamada;Alexander O. Smith,Comics & Graphic Novels,4.21,
A First Course in String Theory,Barton Zwiebach,Science,4.18,
Little House in the Big Woods,Laura Ingalls Wilder,Juvenile Fiction,4.18,
A Year in Provence,Peter Mayle,Biography & Autobiography,3.96,
The Complete Monty Python's Flying Circus,Graham Chapman;Monty Python (Comedy troupe);Terry Gilliam;Eric Idle;Terry Jones,Humor,4.44,All the Words
Female Chauvinist Pigs,Ariel Levy,Social Science,3.68,Women and the Rise of Raunch Culture
The Horizontal World,Debra K. Marquart,Biography & Autobiography,3.77,Growing Up Wild in the Middle of Nowhere
The Sonnets,William Shakespeare,Drama,4.25,
Notebooks of the Mind,Vera John-Steiner,Psychology,3.81,Explorations of Thinking
Conversations with Ernest Hemingway,Ernest Hemingway;Matthew Joseph Bruccoli,Literary Criticism,4.17,
Alexander Hamilton,Ron Chernow,Biography & Autobiography,4.24,
Mornings on Horseback,David McCullough,Biography & Autobiography,4.12,"The Story of an Extraordinary Family, a Vanished Way of Life and the Unique Child Who Became Theodore Roosevelt"
Six Characters in Search of an Author and Other Plays,Luigi Pirandello,Drama,3.95,
Mating in Captivity,Esther Perel,Psychology,4.13,Reconciling the Erotic and the Domestic
The Oxford Companion to Philosophy,Ted Honderich,Philosophy,4.14,
Desolation Jones,Warren Ellis;J. H. Williams;José Villarrubia,Comics & Graphic Novels,3.94,Made in England
Wittgenstein's Poker,David Edmonds;John Eidinow,Philosophy,3.75,The Story of a Ten-Minute Argument Between Two Great Philosophers
Outlander,Timothy Truman;Tom Raney,Juvenile Fiction,3.46,
Son of Superman,Howard V. Chaykin;David Tischman,Comics & Graphic Novels,3.36,
America Alone,Mark Steyn,Science,4.14,The End of the World As We Know It
All-American Girl,Meg Cabot,Juvenile Fiction,3.74,
The Negro,W. E. B. Du Bois,History,4.31,
Holy Madness,Georg Feuerstein,Religion,3.71,"The Shock Tactics and Radical Teachings of Crazy-Wise Adepts, Holy Fools, and Rascal Gurus"
Witness for the Prosecution & Selected Plays,Agatha Christie,Drama,4.05,
The Echo of Greece,Edith Hamilton,History,4.1,
Naked Lunch,William S. Burroughs,Psychology,3.44,The Restored Text
The Scotch-Irish,James G. Leyburn,History,3.97,A Social History
"Haiti, History, and the Gods",Joan Dayan,History,3.95,
Henry IV,William Shakespeare,Drama,0.0,
"Power, Faith, and Fantasy",Michael B. Oren,History,3.98,"America in the Middle East, 1776 to the Present"
I'm Too Young To Be Seventy,Judith Viorst,Humor,3.94,I'm Too Young To Be Seventy
Three Early Novels,Philip K. Dick,Science,3.71,
Baby Einstein: Babies,Julie Aigner-Clark,Juvenile Fiction,4.03,
The Aeneid,Virgil,Poetry,3.83,
New X-Men Omnibus,Grant Morrison;Frank Quitely,Comics & Graphic Novels,4.22,
The Outlandish Companion,Diana Gabaldon,Literary Criticism,4.07,"In which Much is Revealed Regarding Claire and Jamie Fraser, Their Lives and Times, Antecedents, Adventures, Companions, and Progeny, with Learned Commentary (and Many Footnotes) by Their Humble Creator"
Understanding the Lord of the Rings,Neil D. Isaacs;Rose A. Zimbardo,Literary Criticism,4.02,The Best of Tolkien Criticism
Treasure Box,Orson Scott Card,Fiction,3.32,
Plagues and peoples,William Hardy McNeill,History,3.9,
Gilgamesh Epic and Old Testament Parallels,Alexander Heidel,Religion,3.97,
North of South,Shiva Naipaul,Social Science,3.93,An African Journey
The Poetics of Space,Gaston Bachelard,Philosophy,4.19,
Naked Lunch,William S. Burroughs,Psychology,3.44,The Restored Text
Medea,Eurípides;Michael Collier;Georgia Machemer,Drama,3.85,
Michael Moorcock's Multiverse,Michael Moorcock;Walter Simonson;Mark Reeve;John Ridgway,Comics & Graphic Novels,3.95,
Rabbit Angstrom,John Updike,Fiction,4.26,A Tetralogy
Aches & Pains,Maeve Binchy,Humor,3.54,
The Survivor,John F. Harris,History,4.01,Bill Clinton in the White House
Stupid White Men,Michael Moore,Humor,3.31,And Other Sorry Excuses for the State of the Nation
Pretty Things,Liz Goldwyn,Biography & Autobiography,4.31,The Last Generation of American Burlesque Queens
Crime and Punishment in America,Elliott Currie,Social Science,3.82,
The Complete Poems,William Blake,Literary Criticism,4.29,
"I'm Good Enough, I'm Smart Enough, and Doggone It, People Like Me!",Al Franken;Stuart Smalley,Humor,3.8,Daily Affirmations by Stuart Smalley
Self-made Man,Norah Vincent,Social Science,3.32,One Woman's Journey Into Manhood and Back Again
"Junie B., First Grader",Barbara Park,Juvenile Fiction,4.03,Cheater Pants
"Merry Christmas, Amelia Bedelia",Peggy Parish,Juvenile Fiction,4.29,
The Pleasure of Finding Things Out,Richard Phillips Feynman,Science,4.25,The Best Short Works of Richard P. Feynman
The Deeper Meaning of Liff,Douglas Adams;John Lloyd,Humor,3.93,A Dictionary of Things There Aren't Any Words for Yet-- But There Ought to be
Arkham Asylum,Grant Morrison;Dave McKean,Comics & Graphic Novels,4.1,A Serious House on Serious Earth
The Whipping Boy,Sid Fleischman,Juvenile Fiction,3.56,
Writing Down the Bones,Natalie Goldberg,Self-Help,4.18,Freeing the Writer Within : Expanded with a New Preface and Interview with the Author
It's Called a Breakup Because It's Broken,Greg Behrendt;Amiira Ruotola-Behrendt,Self-Help,4.01,The Smart Girl's Breakup Buddy
Dealing in Futures,Joe Haldeman,Fiction,3.72,
The Poetry of Robert Frost,Robert Frost,Poetry,4.31,"The Collected Poems, Complete and Unabridged"
The Sea Hunters II,Clive Cussler;Craig Dirgo,History,3.84,
Experimental Phenomenology,Don Ihde,Philosophy,3.73,An Introduction
E=mc2,David Bodanis,Science,4.09,A Biography of the World's Most Famous Equation
From Far Away,Kyoko Hikawa,Comics & Graphic Novels,4.5,
The Consequences of Modernity,Anthony Giddens,Social Science,3.79,
Surfer's Code,Shaun Tomson;Patrick J. Moser,Self-Help,3.81,12 Simple Lessons for Riding Through Life
Awakening at Midlife,Kathleen A. Brehony,Psychology,3.99,"A Guide to Reviving Your Spirit, Recreating Your Life, and Returning to Your Truest Self"
A Midsummer Night's Dream,William Shakespeare,Drama,3.94,
Limbo,Alfred Lubrano,Social Science,4.11,"Blue-Collar Roots, White-Collar Dreams"
The Secret Lives of Men and Women,Frank Warren,Self-Help,4.37,A PostSecret Book
Collected Fictions,Jorge Luis Borges;Andrew Hurley,Fiction,4.58,
Plato in twelve volumes,Plato,Literary Criticism,4.39,Symposium ; Gorgias. Lysis
Another Day in Paradise,Jim Toomey,Humor,4.34,The Fourth Sherman's Lagoon Collection
Alcoholics Anonymous,Alcoholics Anonymous,Self-Help,4.44,
Dispatches from the Tenth Circle,Robert Siegel,Humor,4.2,The Best of The Onion
DREAM & THE UNDERWOR,James Hillman,Psychology,4.23,
A Clockwork Orange,Anthony Burgess,Drama,3.82,
Hegel's Preface to the Phenomenology of Spirit,Georg Wilhelm Friedrich Hegel;Yirmiyahu Yovel,Philosophy,4.04,
Hellsing,Kohta Hirano,Comics & Graphic Novels,4.29,
Great Dialogues of Plato,Plato,Philosophy,4.16,
Poetics,Aristotle;Malcolm Heath,Literary Criticism,3.82,
The Other Woman,Brenda Novak,Fiction,4.11,
Windblown World,Jack Kerouac;Douglas Brinkley,Biography & Autobiography,4.15,"The Journals of Jack Kerouac, 1947-1954"
Yesterday I Cried,Iyanla Vanzant,Self-Help,4.22,Celebrating The Lessons Of Living And Loving
Hannibal,Leonard Cottrell,History,3.89,Enemy Of Rome
Alcoholics Anonymous,Alcoholics Anonymous,Self-Help,4.44,
Dogeaters,Jessica Tarahata Hagedorn,Drama,3.58,A Play about the Philippines
The Politically Incorrect Guide To American History,"Thomas E. Woods, Jr.",History,4.02,
Vampire Hunter D Volume 5: The Stuff of Dreams,Hideyuki Kikuchi;Yoshitaka Amano;Kevin Leahy,Comics & Graphic Novels,3.99,
The Wee Free Men,Terry Pratchett,Juvenile Fiction,4.27,
The Adversary,Julian May,Science,4.22,
The Dragon Reborn,Robert Jordan,Fiction,4.25,Book Three of 'The Wheel of Time'
Germania,Cornelius Tacitus,History,3.98,
The Complete Monty Python's Flying Circus,Graham Chapman;Monty Python (Comedy troupe);Terry Gilliam;Eric Idle;Terry Jones,Humor,4.44,All the Words
Little House Friends,Heather Henson;Laura Ingalls Wilder,Juvenile Fiction,3.99,
The Throne of the Third Heaven of the Nations Millennium General Assembly,Denis Johnson,Poetry,4.16,Poems Collected and New
The Rise of Christianity,Rodney Stark,Religion,4.04,A Sociologist Reconsiders History
The Great Good Place,Ray Oldenburg,Social Science,3.84,"Cafes, Coffee Shops, Bookstores, Bars, Hair Salons, and Other Hangouts at the Heart of a Community"
The Golden Country,Shusaku Endo;Shūsaku Endō,Drama,3.74,A Play About Christian Martyrs in Japan
CliffsNotes on Dickens' A Tale of Two Cities,Marie Kalil,Literary Criticism,3.49,
Ovid's Metamorphoses,Ovid,Social Science,4.3,Books 6-10
"Bernard Shaw's Saint Joan, Major Barbara, Androcles and the Lion",Bernard Shaw,Drama,3.55,
The Poetry and Short Stories of Dorothy Parker,Dorothy Parker,Poetry,4.49,
The Collected Poetry of Nikki Giovanni,Nikki Giovanni,Poetry,0.0,1968-1998
The Cambridge Companion to Jane Austen,John O. Jordan,Literary Criticism,4.08,
The Fixer,Bernard Malamud,Fiction,3.95,A Novel
Bury the Chains,Adam Hochschild,History,4.27,Prophets and Rebels in the Fight to Free an Empire's Slaves
Soul Mates,Thomas Moore,Psychology,4.0,
The Feynman Lectures on Physics,Richard Phillips Feynman;Robert B. Leighton;Matthew Linzee Sands,Science,4.62,
The Poetry of Pablo Neruda,Pablo Neruda;Ilan Stavans,Poetry,4.45,
Dante's Inferno,Dante (Alighieri);Dante Alighieri,Poetry,4.0,The Indiana Critical Edition
Every Tongue Got to Confess,Zora Neale Hurston,Literary Criticism,3.98,Negro Folk-tales from the Gulf States
Wokini,Billy Mills;Nicholas Sparks,Self-Help,3.56,A Lakota Journey to Happiness and Self-understanding
Difficult Conversations,Douglas Stone;Bruce Patton;Sheila Heen,Psychology,4.07,How to Discuss what Matters Most
Inferno,Dante Alighieri,Literary Criticism,4.0,The Divine Comedy of Dante Alighieri
Three Complete Novels,Dean Ray Koontz,Fiction,4.17,
Bad Childhood---Good Life,Laura Schlessinger,Self-Help,3.92,How to Blossom and Thrive in Spite of an Unhappy Childhood
Terrible Swift Sword,Bruce Catton,History,4.35,
The Complete Calvin and Hobbes,Bill Watterson,Comics & Graphic Novels,4.82,
The complete guide to Middle-earth,Robert Foster,Literary Criticism,4.17,from The hobbit through The lord of the rings and beyond
Social Psychology,Elliot Aronson;Timothy D. Wilson;Robin M. Akert,Psychology,3.98,
The Odyssey,Homer,History,3.75,
Tucket's Travels,Gary Paulsen,Juvenile Fiction,4.43,"Francis Tucket's Adventures in the West, 1847-1849"
The Dance of the Dissident Daughter,Sue Monk Kidd,Religion,3.96,
The Easy Way to Stop Smoking,Allen Carr,Self-Help,4.29,
Everything Bad is Good for You,Steven Johnson,Psychology,3.49,How Today's Popular Culture is Actually Making Us Smarter
Myth and Reality,Mircea Eliade,Religion,4.07,
New Rules,Bill Maher,Humor,3.71,Polite Musings from a Timid Observer
The Complete Plays of Aristophanes,Aristophanes,Drama,4.21,
Psychoanalysis and Religion,Erich Fromm,Psychology,4.04,
Bad Childhood---Good Life,Laura Schlessinger,Self-Help,3.92,How to Blossom and Thrive in Spite of an Unhappy Childhood
Richard Matheson's Hell House,Ian Edington;Simon Fraser;Chris Ryall,Comics & Graphic Novels,4.08,
Augustine: A Very Short Introduction,Henry Chadwick,Biography & Autobiography,3.74,
The Sonnets,William Shakespeare,Drama,4.25,
Black Man of the Nile and His Family,Yosef Ben-Jochannan,History,4.56,
The War of Art,Steven Pressfield,Self-Help,4.02,Break Through the Blocks and Win Your Inner Creative Battles
The Partly Cloudy Patriot,Sarah Vowell,History,3.88,
Moments of Being,Virginia Woolf,Biography & Autobiography,4.26,
Owning Your Own Shadow,Robert A. Johnson,Self-Help,4.07,Understanding the Dark Side of the Psyche
Reading the Bible Again for the First Time,Marcus J. Borg,Religion,4.13,Taking the Bible Seriously but Not Literally
Aches & Pains,Maeve Binchy,Humor,3.54,
The Story of Philosophy,Will Durant,Biography & Autobiography,4.11,
Dark Watch,Clive Cussler;Jack B. Du Brul,Fiction,4.09,
The Autobiography of Mark Twain,Charles Neider,Biography & Autobiography,4.05,
Consider the Lobster,David Foster Wallace,Literary Criticism,4.25,And Other Essays
Long Day's Journey Into Night,Eugene O'Neill,Drama,4.07,
A Framework for Understanding Poverty,Ruby K. Payne,Humor,3.9,
Arundhati Roy's The God of Small Things,Julie Mullaney,Literary Criticism,4.0,
There is Always Enough,Rolland Baker;Heidi Baker,Humor,4.45,The Story of Rolland and Heidi Baker's Miraculous Ministry Among the Poor
There is Always Enough,Rolland Baker;Heidi Baker,Humor,4.45,The Story of Rolland and Heidi Baker's Miraculous Ministry Among the Poor
Teach Them Diligently,Louis Paul Priolo,Religion,4.24,How to Use the Scriptures in Child Training
Lake Orion,James E. Ingram;Lori Grove,History,5.0,
The Working Poor,David K. Shipler,Social Science,4.03,Invisible In America
Jean Rhys,Carl Plasa,Literary Criticism,3.64,Wide Sargasso Sea
The Changeling,Zilpha Keatley Snyder,Juvenile Fiction,4.17,
Escape from Freedom,Erich Fromm,Science,4.24,
Does Anything Eat Wasps?,New Scientist,Humor,3.51,"And 101 Other Unsettling, Witty Answers to Questions You Never Thought You Wanted to Ask"
Elphame's Choice,P. C. Cast,Fiction,4.02,
The Grace Awakening,Charles R. Swindoll,Religion,4.33,Believing in Grace Is One Thing. Living It Is Another
Holy Madness,Georg Feuerstein,Religion,3.71,"The Shock Tactics and Radical Teachings of Crazy-Wise Adepts, Holy Fools, and Rascal Gurus"
The War of Art,Steven Pressfield,Self-Help,4.02,Break Through the Blocks and Win Your Inner Creative Battles
Psychoanalysis and Religion,Erich Fromm,Psychology,4.04,
Lun Yü,Confucius,Philosophy,3.84,
A Memoir of Jane Austen,James Edward Austen-Leigh,Biography & Autobiography,3.83,And Other Family Recollections
Disney's Little Einsteins: Galactic Goodnight,Susan Ring,Juvenile Fiction,4.5,
Requiem for Harlem,Henry Roth,Fiction,4.16,"Mercy of a Rude Stream Volume IV, A Novel"
CliffsNotes on Heller's Catch-22,C. A. Peek,Literary Criticism,3.56,
A Second Chance at Eden,Peter F. Hamilton,Science,4.02,
The Truth,Terry Pratchett,Drama,4.28,Stage Adaptation
Good Poems for Hard Times,Garrison Keillor,Poetry,4.14,
Ballet Shoes,Noel Streatfeild,Juvenile Fiction,4.07,
Difficult Conversations,Douglas Stone;Bruce Patton;Sheila Heen,Psychology,4.07,How to Discuss what Matters Most
The Birth of Heroin and the Demonization of the Dope Fiend,Th Metzger,Social Science,3.88,
Laughter and Tears,Ann Hewetson,Psychology,4.0,A Family's Journey to Understanding the Autism Spectrum
Drama Of The Gifted,Alice Miller,Psychology,4.09,
Cliffs of Despair,Tom Hunt,Psychology,3.72,A Journey to the Edge
A House for Mr Biswas,Vidiadhar Surajprasad Naipaul,Psychology,3.82,
LOVE MODE Volume 5: (Yaoi),Yuki Shimizu,Comics & Graphic Novels,4.32,
The Beatles and Philosophy,Michael Baur;Steven Baur,Philosophy,3.63,Nothing You Can Think that Can't be Thunk
Maximum City,Suketu Mehta,Social Science,3.92,Bombay Lost And Found
The Rise of Christianity,Rodney Stark,Religion,4.04,A Sociologist Reconsiders History
Sophocles: the Theban Plays,Sophocles,Drama,3.97,
Tom Hunter,Tracy Chevalier;Colin Wiggins,Biography & Autobiography,3.58,Living in Hell and Other Stories
Does Anybody Have a Problem with That?,Bill Maher,Humor,3.49,Politically Incorrect's Greatest Hits
The Collapse of Complex Societies,Joseph Tainter,Social Science,4.13,
Learning to Love,Thomas Merton,Religion,4.5,Exploring Solitude and Freedom
The Walking Dead,Robert Kirkman,Comics & Graphic Novels,0.0,
Kitchen Confidential Updated Ed,Anthony Bourdain,Biography & Autobiography,4.06,Adventures in the Culinary Underbelly
"Plato, with an English Translation",Plato,Philosophy,0.0,
Phenomenology of Perception,Maurice Merleau-Ponty,Philosophy,4.15,
All I Really Need to Know I Learned in Kindergarten,Robert Fulghum,Self-Help,4.03,
The Virtue of Selfishness,Ayn Rand;Nathaniel Branden,Philosophy,3.5,A New Concept of Egoism
", said the shotgun to the head.",Saul Williams,Poetry,4.22,
A Short History of World War II,James L. Stokesbury,History,3.93,
The Lord of the Rings and Philosophy,Gregory Bassham;Eric Bronson,Literary Criticism,4.28,One Book to Rule Them All
The Left Hand Dreams of Him,Satoru Kannagi,Comics & Graphic Novels,3.95,
The Poems of Exile,Ovid,History,4.12,Tristia and the Black Sea Letters
A Painted House,John Grisham,Fiction,3.69,
Hamlet,William Shakespeare;Burton Raffel;Harold Bloom,Drama,4.01,
Guerilla Film Makers Movie Blueprint,Chris Jones,Social Science,4.2,
Get Out of Your Mind & Into Your Life,Steven C. Hayes;Spencer Xavier Smith,Self-Help,4.05,The New Acceptance & Commitment Therapy
A break with charity,Ann Rinaldi,Humor,3.79,a story about the Salem witch trials
The Passion of Jesus Christ,John Piper,Religion,4.23,Fifty Reasons why He Came to Die
The Gospel of the Flying Spaghetti Monster,Bobby Henderson,Humor,3.92,
The Complete Idiot's Guide to World Religions,Brandon Toropov;Luke Buckles,Religion,3.66,
I'm Too Young To Be Seventy,Judith Viorst,Humor,3.94,I'm Too Young To Be Seventy
"Hamlet, Prince of Denmark",William Shakespeare;Philip Edwards,Drama,4.01,
Star Wars: Empire Volume 5,Various,Comics & Graphic Novels,3.51,
A History of Modern Psychology,Duane Schultz;Sydney Schultz,Psychology,3.85,
The Survivor's Guide to Sex,Staci Haines,Self-Help,4.31,How to Have an Empowered Sex Life After Child Sexual Abuse
God's Generals,Roberts Liardon,Biography & Autobiography,4.45,Why They Succeeded and why Some Failed
The Nicomachean Ethics,Aristotle,Philosophy,3.93,
Fear of Falling,Barbara Ehrenreich,Social Science,3.9,The Inner Life of the Middle Class
Geisha,Liza Crihfield Dalby,Social Science,4.0,
The Dream Giver,Bruce Wilkinson,Religion,4.25,
Downsize This!,Michael Moore,Humor,3.62,
King Henry IV Part 2,William Shakespeare;A. R. Humphreys,Drama,3.8,Second Series
"Philosophical Papers: Volume 1, Human Agency and Language",Charles Taylor,Philosophy,4.31,
The Crowd: Extradordinary Popular Delusions: Twin Classics of Crowd Pyschology,Gustave Le Bon;Charles Mackay,Psychology,3.94,
"The Percy Jackson and the Olympians, Book Three: Titan's Curse",Rick Riordan,Juvenile Fiction,4.35,
The Principles of Psychology,William James,Psychology,4.18,"The principles of psychology / William James. Notes, appendixes, apparatus, general index"
History of Philosophy,Frederick Charles Copleston,Philosophy,4.22,
Dirty Jokes and Beer,Drew Carey,Biography & Autobiography,3.54,Stories of the Unrefined
Société de Consommation,Jean Baudrillard,Social Science,4.13,"Ses Mythes, Ses Structures"
The Crucible,Arthur Miller,Drama,3.57,Text and Criticism
The Defense,Vladimir Vladimirovich Nabokov;Michael Scammell,Fiction,3.95,A Novel
Readings in Classical Chinese Philosophy (Second Edition),Philip J. Ivanhoe;Bryan W. Van Norden,Philosophy,3.97,
Angels and Demons,Craig Thompson,Comics & Graphic Novels,3.52,
"Sit, Walk, Stand",Watchman Nee,Religion,4.41,
A Calendar of Wisdom,Leo Tolstoy,Religion,4.1,"Daily Thoughts to Nourish the Soul, Written and Selected from the World's Sacred Texts"
Vinyl Cafe Unplugged,Stuart McLean,Humor,4.23,
Godless,Ann H. Coulter,Science,3.31,The Church of Liberalism
A Second Chance at Eden,Peter F. Hamilton,Science,4.02,
Inattentional Blindness,Arien Mack;Irvin Rock,Psychology,4.2,
Book of Haikus,Jack Kerouac,Poetry,3.92,
Night Draws Near,Anthony Shadid,History,4.11,Iraq's People in the Shadow of America's War
The Fantastic Vampire,James Craig Holte,Literary Criticism,0.0,Studies in the Children of the Night : Selected Essays from the Eighteenth International Conference on the Fantastic in the Arts
The Pilgrimage,Paulo Coelho;Alan R. Clarke,Fiction,3.65,
Vicars of Christ,Charles A. Coulombe,Religion,3.97,A History of the Popes
Inside the Mind of Gideon Rayburn,Sarah Miller,Juvenile Fiction,3.39,
Challengers of the Unknown,Howard Chaykin;Michelle Madsen,Comics & Graphic Novels,2.86,"Stolen Moments, Borrowed Time"
Medea,Eurípides;Michael Collier;Georgia Machemer,Drama,3.85,
The Calvin and Hobbes Tenth Anniversary Book,Bill Watterson,Humor,4.63,
Simple Acts of Faith,Margaret Feinberg,Religion,4.55,Heartwarming Stories of One Life Touching Another
Introduction to Phenomenology,Robert Sokolowski,Philosophy,3.96,
Romeo and Juliet,William Shakespeare,Drama,3.74,
The Poetry of Robert Frost,Robert Frost,Poetry,4.31,"The Collected Poems, Complete and Unabridged"
Great Speeches by African Americans,James Daley,Social Science,4.29,"Frederick Douglass, Sojourner Truth, Dr. Martin Luther King, Jr., Barack Obama, and Others"
Yiddish with Dick and Jane,Ellis Weiner;Barbara Davilman,Humor,3.91,
When I was Puerto Rican,Esmeralda Santiago,Biography & Autobiography,4.01,
Critique of Pure Reason,Immanuel Kant;J. M. D. Meiklejohn,Philosophy,3.94,
Letters from the Earth,Mark Twain,Literary Criticism,4.22,Uncensored Writings
An Adult Evening of Shel Silverstein,Shel Silverstein,Drama,4.02,
"Job, a Comedy of Justice",Robert Anson Heinlein,Fiction,3.78,
Kaddish and Other Poems: 1958-1960,Allen Ginsberg,Poetry,4.19,Pocket Poets Number 14
There is Always Enough,Rolland Baker;Heidi Baker,Humor,4.45,The Story of Rolland and Heidi Baker's Miraculous Ministry Among the Poor
"Nathaniel Hawthorne, The Scarlet Letter",Nathaniel Hawthorne,Literary Criticism,3.39,
Selected Poems,E. E. Cummings,Poetry,4.22,
Mythology,Edith Hamilton,Social Science,3.99,
Ultimate Unofficial Guide to the Mysteries of Harry Potter,Galadriel Waters;Astre Mithrandir,Literary Criticism,4.05,
Existentialists and Mystics,Iris Murdoch,Philosophy,4.1,Writings on Philosophy and Literature
The Leader In You,Dale Carnegie,Self-Help,4.09,The Leader In You
The Outsiders,S. E. Hinton,Psychology,4.08,
Europe and the People Without History,Eric R. Wolf,Social Science,4.13,
Get Out of Your Mind & Into Your Life,Steven C. Hayes;Spencer Xavier Smith,Self-Help,4.05,The New Acceptance & Commitment Therapy
The Admirable Crichton ; Peter Pan ; When Wendy Grew Up ; What Every Woman Knows ; Mary Rose,James Matthew Barrie,Drama,3.99,"Peter Pan ; When Wendy Grew Up ; What Every Woman Knows ; Mary Rose ; General Editor Michael Cordner ; Associate General Editors Peter Holland, Martin Wiggins"
Anna Karenina,Leo Nikolayevich Tolstoy;Leo Tolstoy;Constance Garnett,Fiction,4.04,
Vampire Hunter D Volume 4: Tale of the Dead Town,Hideyuki Kikuchi;Yoshitaka Amano;Kevin Leahy,Comics & Graphic Novels,3.92,
Difficult Conversations,Douglas Stone;Bruce Patton;Sheila Heen,Psychology,4.07,How to Discuss what Matters Most
Europe and the People Without History,Eric R. Wolf,Social Science,4.13,
", said the shotgun to the head.",Saul Williams,Poetry,4.22,
Thanksgiving,Janet Evanovich,Fiction,3.6,
Hegel: Elements of the Philosophy of Right,Georg Wilhelm Fredrich Hegel,History,3.86,
Metamorphoses,Ovid,Science,4.57,
Learned Optimism,Martin E. P. Seligman,Psychology,4.0,How to Change Your Mind and Your Life
Dispatches from the Tenth Circle,Robert Siegel,Humor,4.2,The Best of The Onion
Autobiography of Thomas Jefferson,Thomas Jefferson,History,3.86,
Every Book Its Reader,Nicholas A. Basbanes,Literary Criticism,3.96,The Power of the Printed Word to Stir the World
The Skeptic's Dictionary,Robert Carroll,Science,4.03,"A Collection of Strange Beliefs, Amusing Deceptions, and Dangerous Delusions"
Ten Days to Self-Esteem,David D. Burns,Self-Help,3.97,
The Red Notebook,Paul Auster,Fiction,3.77,True Stories
Manufacturing Consent,Edward S. Herman;Noam Chomsky,Science,4.24,The Political Economy of the Mass Media
Mayflower,Nathaniel Philbrick,History,3.87,"A Story of Courage, Community, and War"
The Heidi Chronicles and Other Plays,Wendy Wasserstein,Drama,3.83,
"Paris Spleen, 1869",Charles Baudelaire;Charles Pierre Baudelaire,Poetry,4.3,
The Cat in the Hat,Dr. Seuss,Juvenile Fiction,4.16,
Nations and Nationalism Since 1780,E. J. Hobsbawm,History,3.89,"Programme, Myth, Reality"
The Heidi Chronicles and Other Plays,Wendy Wasserstein,Drama,3.83,
What Christians Believe,C. S. Lewis,Religion,4.2,
Phaedrus,Plato,Philosophy,4.12,"And, The Seventh and Eighth Letters"
The Feeling Good Handbook,David D. Burns,Psychology,4.0,
Philosophy of Mind,David John Chalmers,Philosophy,4.07,Classical and Contemporary Readings
Aristophanes' Peace,Aristophanes;S. Douglas Olson,Drama,3.58,
The Psychology of Winning,Denis Waitley,Psychology,4.2,
Kitchen Confidential,Anthony Bourdain,Biography & Autobiography,4.06,Adventures in the Culinary Underbelly
Grace (eventually),Anne Lamott,Religion,3.98,Thoughts on Faith
Hegel's Phenomenology of Spirit,Martin Heidegger,Philosophy,4.19,
Beauty,Robin McKinley,Juvenile Fiction,4.05,A Retelling of the Story of Beauty and the Beast
Unlimited Power,Tony Robbins,Self-Help,4.22,The New Science Of Personal Achievement
Lovingkindness,Sharon Salzberg;Jon Kabat-Zinn,Self-Help,4.26,The Revolutionary Art of Happiness
Intuition,Allegra Goodman,Fiction,3.33,A Novel
Guide to Stress Reduction,L. John Mason,Self-Help,4.22,
A Short History of Nearly Everything,Bill Bryson,Science,4.2,7 Steps to Financial Aid: Facilitator's Guide
The Gospel of the Flying Spaghetti Monster,Bobby Henderson,Humor,3.92,
Writing Down the Bones,Natalie Goldberg,Self-Help,4.18,Freeing the Writer Within : Expanded with a New Preface and Interview with the Author
Dragons of Winter Night,Margaret Weis;Tracy Hickman;Andrew Dabb,Comics & Graphic Novels,4.14,
What Christians Believe,C. S. Lewis,Religion,4.2,
William Faulkner,Nicolas Tredell,Literary Criticism,3.96,The Sound and the Fury ; As I Lay Dying
Regeneration Through Violence,Richard Slotkin,Literary Criticism,4.28,"The Mythology of the American Frontier, 1600-1860"
The Calvin and Hobbes Lazy Sunday Book,Bill Watterson,Humor,4.67,
The Canterbury Tales of Geoffrey Chaucer,"Simon & Schuster, Limited",Poetry,3.49,
Everything Bad is Good for You,Steven Johnson,Psychology,3.49,How Today's Popular Culture is Actually Making Us Smarter
The Anatomy of Human Destructiveness,Erich Fromm,Psychology,4.2,
Marxism and Literary Criticism,Terry Eagleton,Literary Criticism,3.89,
The War of Art,Steven Pressfield,Self-Help,4.02,Break Through the Blocks and Win Your Inner Creative Battles
The Merchant of Venice,William Shakespeare,Drama,3.8,
The Storm,Cynthia Rylant,Juvenile Fiction,4.18,
The Cambridge Companion to Schopenhauer,Christopher Janaway,Philosophy,3.89,
Tulips and Chimneys,E. E. Cummings,Poetry,4.38,
The White House,Debra Hess,History,4.0,
An Odyssey in Learning and Perception,Eleanor J. Gibson,Psychology,4.5,
Best of the Eighties,John L. Goldwater,Comics & Graphic Novels,3.94,
JoJo's Bizarre Adventure: Part 3--Stardust Crusaders,Hirohiko Araki,Comics & Graphic Novels,4.42,
Colossians and Philemon,Robert McL Wilson,Religion,5.0,
Off to Sea,Robert Louis Stevenson;Catherine Nichols,Juvenile Fiction,4.17,
Introduction to World Religions,Christopher Hugh Partridge,Religion,3.68,
"Animal, Vegetable, Miracle",Barbara Kingsolver;Camille Kingsolver;Steven L. Hopp,Biography & Autobiography,4.04,A Year of Food Life
The Amen Corner,James Baldwin,Drama,3.9,A Play
From Socrates to Sartre,T. Z. Lavine,Philosophy,3.93,The Philosophic Quest
Ten Things I Wish I'd Known - Before I Went Out into the Real World,Maria Shriver,Self-Help,3.69,
Summerland,Michael Chabon,Juvenile Fiction,3.55,A Novel
It's a Magical World,Bill Watterson,Humor,4.76,
Love Visions,Geoffrey Chaucer,Literary Criticism,3.58,
The Illustrated on the Shoulders of Giants,Stephen W. Hawking,Science,4.2,The Great Works of Physics and Astronomy
The Life You Were Born to Live,Dan Millman,Self-Help,4.1,
Kingdom Come,Mark Waid;Alex Ross;Todd Klein,Comics & Graphic Novels,4.25,
Death in Holy Orders,P. D. James,Fiction,3.92,
The 10 Commandments of Parenting,H. Edwin Young,Religion,4.0,The Do's and Don'ts for Raising Great Kids
Girls who Wore Black,Ronna Johnson;Nancy McCampbell Grace,Literary Criticism,3.66,Women Writing the Beat Generation
Unlimited Power,Tony Robbins,Self-Help,4.22,The New Science Of Personal Achievement
Agapē Agape,William Gaddis,Fiction,3.81,
Mischief,Douglas Clegg,Fiction,3.49,
Luther and Erasmus,Ernest Gordon Rupp;Philip Saville Watson,Religion,3.81,Free Will and Salvation
The Annotated Waste Land with Eliot's Contemporary Prose,Thomas Stearns Eliot;Lawrence S. Rainey,Literary Criticism,4.11,
"Laguna, I Love You",John Weld,History,0.0,"The Best of ""Our Town"""
The War of Art,Steven Pressfield,Self-Help,4.02,Break Through the Blocks and Win Your Inner Creative Battles
Introduction to Phenomenology,Dermot Moran,Philosophy,4.25,
Venice: Lion City,Garry Wills,History,3.74,The Religion of Empire
Confessions,Jean-Jacques Rousseau,Literary Criticism,3.62,
Five Dialogues,Plato;George Maximilian Anthony Grube,Philosophy,4.12,
Lands of Promise and Despair,Rose Marie Beebe;Robert M. Senkewicz,History,3.69,"Chronicles of Early California, 1535-1846"
Breaking Free from Compulsive Eating,Geneen Roth,Self-Help,4.01,
The Pound Era,Hugh Kenner,Literary Criticism,4.39,
A Little House Birthday,Laura Ingalls Wilder,Juvenile Fiction,4.13,
King Lear,William Shakespeare,Literary Criticism,3.9,
Henry V,William Shakespeare,Drama,0.0,
The Punisher,Garth Ennis;Jeff Youngquist;John McCrea,Comics & Graphic Novels,4.03,Confederacy of Dunces
"Open My Eyes, Lord",Gary Oates,Religion,4.27,A Practical Guide to Angelic Visitations and Heavenly Experiences
The Origin of Species,Charles Darwin,Science,4.13,"And, The Voyage of the Beagle"
J.D. Salinger's The Catcher in the Rye,Harold Bloom,Fiction,3.58,
Harriet Spies Again,Helen Ericson;Louise Fitzhugh,Juvenile Fiction,3.83,
Pride and Prejudice,Jane Austen,Fiction,4.25,
The Twelve Dancing Princesses,Marianna Mayer,Juvenile Fiction,4.32,
The Collected Poetry of Nikki Giovanni,Nikki Giovanni,Poetry,0.0,1968-1998
The Oedipus Plays of Sophocles,Sophocles;Paul Roche,Drama,3.97,"Oedipus the King, Oedipus at Colonus, Antigone"
Foucault's Virginity,Simon Goldhill;Professor of Greek Literature and Culture and Fellow and Director of Studies in Classics Simon Goldhill,History,3.75,Ancient Erotic Fiction and the History of Sexuality
100 Years of Lynchings,Ralph Ginzburg,Social Science,4.63,
The Origin of Species,Charles Darwin,Science,4.13,"And, The Voyage of the Beagle"
History of the Peloponnesian War,Thucydides,History,4.28,In Four Volumes
From Counterculture to Cyberculture,Fred Turner,Social Science,3.96,"Stewart Brand, the Whole Earth Network, and the Rise of Digital Utopianism"
The Perennial Philosophy,Aldous Huxley,Philosophy,4.23,
Book of Haikus,Jack Kerouac,Poetry,3.92,
Charlie Wilson's War,George Crile,History,4.0,
Feeding the Future,Andrew Heintzman;Evan Solomon,Social Science,3.5,"From Fat to Famine, How to Solve the World's Food Crises"
The Plague,Albert Camus,Fiction,4.34,"The Fall ; Exile and the Kingdom ; And, Selected Essays"
The Trouble With Poetry,Billy Collins,Poetry,4.17,And Other Poems
"Eat, Pray, Love",Elizabeth Gilbert,Biography & Autobiography,3.54,"One Woman's Search for Everything Across Italy, India, and Indonesia"
Sex For Dummies,Sabine Walter,Self-Help,3.62,
Drama Of The Gifted,Alice Miller,Psychology,4.09,
Becoming a Goddess of Inner Poise,Donna Freitas,Social Science,3.59,Spirituality for the Bridget Jones in All of Us
From Hinton to Hamlet,Sarah K. Herz;Donald R. Gallo,Literary Criticism,4.01,Building Bridges Between Young Adult Literature and the Classics
The Drowned and the Saved,Primo Levi,Humor,4.39,
A History of Modern Psychology,Duane Schultz;Sydney Schultz,Psychology,3.85,
Clouds,Aristophanes,Drama,3.76,
DREAM & THE UNDERWOR,James Hillman,Psychology,4.23,
Open House,Jill Mansell,Humor,3.89,
A Supposedly Fun Thing I'll Never Do Again,David Foster Wallace,Humor,4.27,Essays and Arguments Tag - Author of Infinite Jest
On the Bus,Paul Perry;Ken Babbs,Social Science,3.86,The Complete Guide to the Legendary Trip of Ken Kesey and the Merry Pranksters and the Birth of the Counterculture
The Adventures of Huckleberry Finn,Mark Twain,Juvenile Fiction,3.81,
Same Sex in the City,Lauren Levin;Lauren Blitzer,Self-Help,3.58,(So Your Prince Charming Is Really a Cinderella)
"Medieval Philosophy : A New History of Western Philosophy, Volume 2",Anthony Kenny,Philosophy,3.85,A New History of Western Philosophy
Death of a Gossip,M. C. Beaton,Fiction,3.72,
Evolution and the Theory of Games,John Maynard Smith,Science,4.0,
The Gospel According to Job,Mike Mason,Religion,4.43,
The Ecological Approach to Visual Perception,James Jerome Gibson,Psychology,4.28,
Charles Dickens as a Legal Historian,William Searle Holdsworth,History,3.67,
Aristophanes' Acharnians,Aristophanes;Jeffrey Henderson,Drama,3.42,
Love in Vein,Poppy Z. Brite,Fiction,3.6,
One Flew Over the Cuckoo's Nest (SparkNotes Literature Guide),Ken Kesey,Literary Criticism,4.12,
No More Dead Dogs,Gordon Korman,Drama,3.71,
The Hand of Chaos,Margaret Weis,Fiction,4.06,
Sister Freaks,Rebecca St. James,Religion,4.11,Stories of Women Who Gave Up Everything for God
Batman Gothic,Grant Morrison;Klaus Janson,Comics & Graphic Novels,3.79,
Feel the Fear-- and Do it Anyway,Susan J. Jeffers,Psychology,4.03,
A History of Modern Psychology,Duane Schultz;Sydney Schultz,Psychology,3.85,
No Dress Rehearsal,Marian Keyes,Psychology,3.3,
The Confessions of St. Augustine,Saint Augustine (Bishop of Hippo.);Saint Augustine of Hippo;Joseph Mary Leleu,Biography & Autobiography,3.91,Revision of the Translation of Rev. J.M. Lelen
The Other Boleyn Girl,Philippa Gregory,Fiction,4.05,
Betty Friedan and the Making of The Feminine Mystique,Daniel Horowitz,Science,3.59,"The American Left, the Cold War, and Modern Feminism"
Over the Moon,Angela Knight;MaryJanice Davidson;Virginia Kantra;Sunny,Fiction,3.9,
Demon Diary,Kara Lim;Lee Yun Hee,Comics & Graphic Novels,4.11,
Godless,Ann H. Coulter,Science,3.31,The Church of Liberalism
Love Poems and Sonnets of William Shakespeare,William Shakespeare,Drama,4.34,
Fullmetal Alchemist,Hiromu Arakawa,Comics & Graphic Novels,4.59,
Anne of Avonlea,Lucy Maud Montgomery,Juvenile Fiction,4.22,An Anne of Green Gables Story
Hikaru no Go,Yumi Hotta,Comics & Graphic Novels,4.22,
The Birth of Heroin and the Demonization of the Dope Fiend,Th Metzger,Social Science,3.88,
Crime and Punishment in America,Elliott Currie,Social Science,3.82,
Full House,Stephen Jay Gould,Science,3.95,The Spread of Excellence from Plato to Darwin
Norse Mythology,John Lindow,Fiction,4.1,"A Guide to Gods, Heroes, Rituals, and Beliefs"
New Rules,Bill Maher,Humor,3.71,Polite Musings from a Timid Observer
One Hundred Demons,Lynda Barry,Comics & Graphic Novels,4.16,
The Cure,Warren Ellis,Comics & Graphic Novels,4.43,
Always Enough,Rolland Baker;Heidi Baker,Religion,4.45,God's Miraculous Provision Among the Poorest Children on Earth
The Bacchae of Euripides,Wole Soyinka,Drama,3.85,A Communion Rite
Keats's Poetry and Prose,John Keats,Poetry,4.31,"Authoritative Texts, Criticism"
Toast,Charles Stross,Comics & Graphic Novels,3.8,
An Unfinished Life,Robert Dallek,Biography & Autobiography,4.07,"John F. Kennedy, 1917 - 1963"
In the Beginning,Alister E. McGrath,Religion,3.96,"The Story of the King James Bible and How It Changed a Nation, a Language,and a Culture"
Mere Christianity,C. S. Lewis,Religion,4.32,"Comprising The Case for Christianity, Christian Behaviour, and Beyond Personality"
The Skeptic's Dictionary,Robert Carroll,Science,4.03,"A Collection of Strange Beliefs, Amusing Deceptions, and Dangerous Delusions"
Learned Optimism,Martin E. P. Seligman,Psychology,4.0,How to Change Your Mind and Your Life
A Supposedly Fun Thing I'll Never Do Again,David Foster Wallace,Humor,4.27,Essays and Arguments Tag - Author of Infinite Jest
Sociology in Our Times,Diana Kendall,Science,3.22,
Ghost in the Shell 2: Innocence (Novel - Paperback),Masaki Yamada,Comics & Graphic Novels,3.99,After The Long Goodbye
The Illustrated Book of Ballet Stories,Barbara Newman;Gill Tomblin;Darcey Bussell,Juvenile Fiction,4.09,
Self-made Man,Norah Vincent,Social Science,3.32,One Woman's Journey Into Manhood and Back Again
Henry VIII,Alison Weir,Biography & Autobiography,4.17,The King and His Court
Bioinformatics,David W. Mount,Science,3.87,Sequence and Genome Analysis
The Fabric of the Cosmos,Brian Greene,Science,4.12,"Space, Time and the Texture of Reality"
Silver Nights,Jane Feather,Fiction,3.53,
"The Adventures of Tom Sawyer, And, Adventures of Huckleberry Finn",Mark Twain,Fiction,4.08,
Restless Till We Rest in You,"Saint Augustine, Bishop of Hippo;Thomas Paul Thigpen",Religion,4.67,60 Reflections from the Writings of St. Augustine
The Roman Empire,Colin Michael Wells,History,3.58,
The Last Templar,Raymond Khoury,Fiction,3.6,
Discourse on Method ; and,René Descartes,Philosophy,3.7,Meditations on First Philosophy
The Good Liar,Gregory Maguire,Juvenile Fiction,3.53,
How to Stop Worrying and Start Living,Dale Carnegie,Psychology,4.11,
Poems Between Women,Emma Donoghue,Poetry,3.86,"Four Centuries of Love, Romantic Friendship, and Desire"
"The Art of Love, and Other Poems",Ovid,Poetry,4.02,
American Gospel,Jon Meacham,History,3.79,"God, the Founding Fathers, and the Making of a Nation"
Bad Astronomy,Philip C. Plait,Science,4.04,"Misconceptions and Misuses Revealed, from Astrology to the Moon Landing ""Hoax"""
Fragmenta,Plutarcus;Ευριπιδες,Literary Criticism,3.97,
The Lost Lunar Baedeker,Mina Loy,Poetry,4.17,Poems of Mina Loy
Grammar Snobs are Great Big Meanies,June Casagrande,Humor,3.78,A Guide to Language for Fun and Spite
Little Butterfly,Hinako Takanaga;Sachiko Sato,Comics & Graphic Novels,4.07,
JLA,Grant Morrison,Juvenile Fiction,3.97,New World Order
Christian Mythmakers,Rolland Hein,Literary Criticism,3.93,"C.S. Lewis, Madeleine L'Engle, J.R. Tolkien, George MacDonald, G.K. Chesterton, Charles Williams, Dante Alighieri, John Bunyan, Walter Wangerin, Robert Siegel, and Hannah Hurnard"
The Sly Spy,Marjorie Weinman Sharmat,Juvenile Fiction,3.79,
Republic,Plato,Science,3.93,
Essentials of Conservation Biology,Richard B. Primack,Science,3.89,
The Birds and Other Plays,Aristophanes;David Barrett;Alan H. Sommerstein,Drama,4.13,
"John Constantine, Hellblazer: Setting sun",Warren Ellis,Comics & Graphic Novels,4.19,
Things,Georges Perec;David Bellos,Comics & Graphic Novels,3.98,A Story of the Sixties
The Puppet and the Dwarf,Slavoj Žižek;Žižek;Stockholm Inst Of Transition Staff;Mladen Dolar;Alenka Zupancic,Philosophy,3.83,The Perverse Core of Christianity
The Tristan Betrayal,Robert Ludlum,Fiction,3.83,
Three Early Novels,Philip K. Dick,Science,3.71,
Zen and the Art of Motorcycle Maintenance,Robert M. Pirsig,Psychology,3.77,An Inquiry Into Values
The Frequencies,Noah Eli Gordon,Poetry,4.32,A Poem
The Collected Poetry of Nikki Giovanni,Nikki Giovanni,Poetry,0.0,1968-1998
The Crucible,Arthur Miller,Drama,3.57,A Play in Four Acts
Awakening the Buddha Within,Surya Das;Lama Surya Das,Philosophy,4.2,
Created In Darkness By Troubled Americans,Dave Eggers,Humor,3.76,The Best Of Mcsweeney's Humor Category
Attack of the Jaguar,M. A. Harvey,Juvenile Fiction,3.4,
"Bernard Shaw's Saint Joan, Major Barbara, Androcles and the Lion",Bernard Shaw,Drama,3.55,
The Absolute Sandman,Neil Gaiman;Sam Kieth,Comics & Graphic Novels,4.65,
The Sex Lives of Cannibals,J. Maarten Troost,Social Science,3.87,Adrift in the Equatorial Pacific
"Poems, New and Collected, 1957-1997",Wislawa Szymborska;Stanisław Barańczak;Clare Cavanagh,Poetry,4.42,
"Resistance, Rebellion, and Death",Albert Camus,Fiction,4.2,
Another Bullshit Night in Suck City: A Memoir,Nick Flynn,Biography & Autobiography,3.78,
The Future of the Universe,A.J. Meadows,Science,3.75,
", said the shotgun to the head.",Saul Williams,Poetry,4.22,
Plan of Attack,Bob Woodward,Science,3.67,
Daughters of Decadence,Elaine Showalter,Social Science,3.84,Women Writers of the Fin-de-Siècle
Zen and the Art of Motorcycle Maintenance,Robert M. Pirsig,Psychology,3.77,An Inquiry Into Values
Star Wars: OmnibusXWing Rogue Squadron Vol. 2,Various,Comics & Graphic Novels,3.87,
Ten Things I Wish I'd Known - Before I Went Out into the Real World,Maria Shriver,Self-Help,3.69,
Vicars of Christ,Charles A. Coulombe,Religion,3.97,A History of the Popes
A Brief History of Time,Stephen Hawking,Science,4.16,
Drop the Rock,Bill P.;Todd W.;Sara S.,Self-Help,4.45,Removing Character Defects - Steps Six and Seven
Achilles in Vietnam,Jonathan Shay,Psychology,4.24,Combat Trauma and the Undoing of Character
Howl,Allen Ginsberg;Barry Miles,Poetry,4.22,"original draft facsimile, transcript, and variant versions, fully annotated by author, with contemporaneous correspondence, account of first public reading, legal skirmishes, precursor texts, and bibliography"
Guide to Stress Reduction,L. John Mason,Self-Help,4.22,
Long Day's Journey Into Night,Eugene O'Neill,Drama,4.07,
The Noonday Demon,Andrew Solomon,Psychology,4.17,An Atlas of Depression
From Hell,Alan Moore;Eddie Campbell;Pete Mullins,Comics & Graphic Novels,4.16,Being a Melodrama in Sixteen Parts
"Star Wars: Clone Wars Volume 8: The Last Siege, The Final Truth",John Ostrander;Jan Duursema;Dan Parsons; Brad Anderson; Tom√É¬•s Giorello,Comics & Graphic Novels,4.09,
Manufacturing Consent,Edward S. Herman;Noam Chomsky,Science,4.24,The Political Economy of the Mass Media
Notre-Dame de Paris,Victor Hugo;John Sturrock,Fiction,3.99,
100 Years of Lynchings,Ralph Ginzburg,Social Science,4.63,
Star Wars: Clone Wars Volume 9: Endgame,John Ostrander;Welles Hartley;Jan Duursema; Doug Wheatley; Dan Parsons; Brad Anderson; Chris Chuckry; Tomas Giorello,Comics & Graphic Novels,4.11,
Everything Bad is Good for You,Steven Johnson,Psychology,3.49,How Today's Popular Culture is Actually Making Us Smarter
Good Fight,Judd Winick;Matthew Clark,Juvenile Fiction,0.0,
The Meanest Doll in the World,Laura Godwin;Ann M. M. Martin,Juvenile Fiction,3.96,
Police Brutality,Jill Nelson,Social Science,3.79,An Anthology
The Marvel Comics Encyclopedia,"DK Publishing, Inc",Comics & Graphic Novels,4.36,The Complete Guide to the Characters of the Marvel Universe
New Rules,Bill Maher,Humor,3.71,Polite Musings from a Timid Observer
60 Million Frenchmen Can't be Wrong,Jean-Benoît Nadeau;Julie Barlow,Social Science,3.74,
The Strange Case of Dr. Jekyll and Mr. Hyde and Other Stories,Robert Louis Stevenson,Fiction,4.01,
"R-T, Margaret, and the Rats of NIMH",Jane Leslie Conly,Juvenile Fiction,3.52,
Interesting Times,Eric J. Hobsbawm,Biography & Autobiography,4.06,A Twentieth-century Life
Sociology,Anthony Giddens;Simon Griffiths,Social Science,3.96,
A guided tour of five works by Plato,Christopher Biffle;Plato,Philosophy,4.33,"with complete translations of Euthyphro, Apology, Crito, Phaedo (death scene), and ""Allegory of the Cave"""
Western Philosophy,John G. Cottingham,Philosophy,4.06,An Anthology
Lemon Meringue Pie Murder,Joanne Fluke,Fiction,3.88,
LOVE MODE Volume 1: (Yaoi),Yuki Shimizu,Comics & Graphic Novels,3.92,
"Three Plays of Euripides: Alcestis, Medea, The Bacchae",Euripides,Drama,3.95,
No Dress Rehearsal,Marian Keyes,Psychology,3.3,
Reader's digest complete guide to the Bible,Reader's Digest,Religion,4.55,an illustrated book-by-book companion to the Scriptures
Essential Dialogues of Plato,Plato,Philosophy,4.05,
Three case histories,Sigmund Freud;Philip Rieff,Psychology,3.91,
Babrius and Phaedrus,Babrius;Phaedrus;Ben Edwin Perry,Biography & Autobiography,4.31,
Lützen 1632,Richard Brzezinski,History,3.61,Climax of the Thirty Years War
C.S. Lewis,C. S. Lewis,Religion,4.31,Readings for Meditation and Reflection
Dominion,Masamune Shirow;Dana Lewis;Frederik L. Schodt;Toren Smith;Tom Orzechowski,Comics & Graphic Novels,3.73,
The Two-Mile Time Machine,Richard B. Alley,Science,3.99,"Ice Cores, Abrupt Climate Change, and Our Future"
CliffsNotes on Shakespeare's Macbeth,Alex Went,Literary Criticism,3.55,
The Art of Loving,Erich Fromm,Self-Help,4.03,
The Collected Poems of Wilfred Owen,Wilfred Owen,Poetry,4.33,
The Blank Slate,Steven Pinker,Psychology,4.08,The Modern Denial of Human Nature
Ronald Reagan,Dinesh D'Souza,Biography & Autobiography,4.12,How an Ordinary Man Became an Extraordinary Leader
Good Poems for Hard Times,Garrison Keillor,Poetry,4.14,
New Rules,Bill Maher,Humor,3.71,Polite Musings from a Timid Observer
The Beatles years,Barry Miles;Keith Badman,Biography & Autobiography,4.53,
Diary Of Virginia Woolf Volume 5,Virginia Woolf,Biography & Autobiography,4.49,Vol. 5 (1936-1941)
Modern Mind,Peter Watson,Science,4.27,An Intellectual History of the 20th Century
The Art of Loving,Erich Fromm,Self-Help,4.03,
Chomsky on Anarchism,Noam Chomsky,Science,3.95,
Long Day's Journey,Carlos A. Schwantes,History,4.0,The Steamboat & Stagecoach Era in the Northern West
The Complete C. S. Lewis Signature Classics,C. S. Lewis,Religion,4.61,
The Illustrated a Brief History of Time,Stephen Hawking,Science,4.16,
CliffsNotes on Shakespeare's Hamlet,Carla Lynn Stockton,Literary Criticism,3.68,
"X/1999, Volume 2",CLAMP,Comics & Graphic Novels,4.02,Overture
Thus Spake the Corpse,Andrei Codrescu;Laura Rosenthal,Poetry,3.83,"An Exquisite Corpse Reader, 1988-1998"
Romeo and Juliet,William Shakespeare,Drama,3.74,
For the Sins of My Father,Albert DeMeo;Mary Jane Ross,Biography & Autobiography,4.05,"A Mafia Killer, His Son, and the Legacy of a Mob Life"
A Guide to the Words of My Perfect Teacher,Khenpo Ngawang Pelzang;Ṅag-dbaṅ-dpal-bzaṅ (Mkhan-po),Religion,4.61,
The Waste Land and Other Writings,Thomas Stearns Eliot,Poetry,4.21,
How I Became a Pirate,Melinda Long;David Shannon,Juvenile Fiction,4.08,
Paradise Lost,John Milton;John A. Himes,Poetry,3.81,
Critical Studies,Kathleen Parkinson,Literary Criticism,3.88,The Great Gatsby
The Wood Boy,Raymond E. Feist;Sean J. Jordan;Tad Williams,Comics & Graphic Novels,3.63,
Erotism,Georges Bataille,Philosophy,4.1,
Living with Passion and Purpose,Elizabeth George,Religion,3.96,
The Treasure Principle,Randy Alcorn,Religion,4.13,
The Golden Country,Shusaku Endo;Shūsaku Endō,Drama,3.74,A Play About Christian Martyrs in Japan
The Histories,Herodotus,History,3.98,
Ten Things I Wish I'd Known - Before I Went Out into the Real World,Maria Shriver,Self-Help,3.69,
Goodbye Forever,Barbara Conklin,Juvenile Fiction,3.72,
End zone,Don DeLillo,Fiction,3.64,
Democracy in America,Alexis de Tocqueville;Arthur Goldhammer,Philosophy,4.02,
Code Orange,Caroline B. Cooney,Juvenile Fiction,3.64,
The Iliad,Homer,Poetry,3.85,
The Apple that Astonished Paris,Billy Collins,Poetry,4.2,Poems
Women and Writing,Virginia Woolf,Literary Criticism,4.07,
The Coalwood Way,Homer H. Hickam,Biography & Autobiography,4.13,
Genome,Matt Ridley,Science,4.03,The Autobiography of a Species in 23 Chapters
Another Day in Paradise,Jim Toomey,Humor,4.34,The Fourth Sherman's Lagoon Collection
Bioinformatics,David W. Mount,Science,3.87,Sequence and Genome Analysis
The Summit,Gordon Korman,Juvenile Fiction,3.96,
The Complete ACOA Sourcebook,Janet G. Woititz,Self-Help,4.06,"Adult Children of Alcoholics at Home, at Work and in Love"
Messenger,Lois Lowry,Juvenile Fiction,3.91,
"Cathedral, Forge and Waterwheel",Joseph Gies,History,3.85,
Velvet Elvis,Rob Bell,Religion,3.78,Repainting the Christian Faith
The Straight Dope,Cecil Adams;Ed Zotti,Humor,4.19,A Compendium of Human Knowledge
Société de Consommation,Jean Baudrillard,Social Science,4.13,"Ses Mythes, Ses Structures"
Ten Things I Wish I'd Known - Before I Went Out into the Real World,Maria Shriver,Self-Help,3.69,
The Master of Whitestorm,Janny Wurts,Fiction,3.91,
Collected Poems,Chinua Achebe,Poetry,3.79,
Henry Miller on Writing,Henry Miller,Literary Criticism,4.23,
Inferno,Alex Irvine;Bob Kane,Comics & Graphic Novels,3.6,
Introduction to Philosophy,John Perry;Michael Bratman;John Martin Fischer,Philosophy,3.76,Classical and Contemporary Readings
The Sonnets,William Shakespeare,Drama,4.25,
The Giraffe who was Afraid of Heights,David A. Ufer,Juvenile Fiction,3.81,
The Art of the Novel,Milan Kundera,Literary Criticism,3.96,
Genetics and the Origin of Species,Theodosius Dobzhansky,Science,4.15,
Magic Carpet Ride,John Kay;John Einarson,Biography & Autobiography,4.1,The Autobiography of John Kay and Steppenwolf
Complete Poems,Edgar Allan Poe,Poetry,4.32,
The Corner,David Simon;Edward Burns,Social Science,4.42,A Year in the Life of an Inner-city Neighborhood
Saint Ignatius Loyola,James Brodrick,Biography & Autobiography,4.1,"The Pilgrim Years, 1491-1538"
CliffsNotes on Dostoevsky's The Brothers Karamazov,James L. Roberts;Gary Carey,Literary Criticism,3.5,
The Crying of Lot 49,Thomas Pynchon,Fiction,3.7,
The Mutineer,Hunter S. Thompson,Biography & Autobiography,4.1,"Rants, Ravings, and Missives from the Mountaintop 1977-2005"
Saint-Exupery,Stacy Schiff,Biography & Autobiography,4.05,A Biography
Yesterday I Cried,Iyanla Vanzant,Self-Help,4.22,Celebrating The Lessons Of Living And Loving
Four Comedies,Aristophanes;Dudley Fitts,Drama,4.03,
Four Stupid Cupids,Gregory Maguire,Juvenile Fiction,3.52,
Ten Days to Self-Esteem,David D. Burns,Self-Help,3.97,
Les Miserables,Victor Hugo;Norman Denny,Fiction,4.16,
"The Columbia Reader on Lesbians and Gay Men in Media, Society, and Politics",Larry P. Gross;James D. Woods,Social Science,3.93,
The Universe in a Nutshell,Stephen W. Hawking;STEPHEN W AUTOR HAWKING,Science,4.15,
The House of Bernarda Alba and Other Plays,Federico García Lorca;Michael Dewell;Carmen Zapata,Psychology,4.07,
Devil by the Deed,Matt Wagner;Rich Rankin,Comics & Graphic Novels,4.08,
1421,Gavin Menzies,History,3.59,The Year China Discovered America
Does Anything Eat Wasps?,New Scientist,Humor,3.51,"And 101 Other Unsettling, Witty Answers to Questions You Never Thought You Wanted to Ask"
The Road to Reality,Roger Penrose,Science,4.1,A Complete Guide to the Laws of the Universe
Quito 1599,Kris E. Lane,History,3.59,City and Colony in Transition
The Best American Science Writing 2002,Matt Ridley;Alan Lightman,Science,3.88,
Anthonology,Piers Anthony,Fiction,3.64,
The Girls of Lighthouse Lane #3,Thomas Kinkade;Erika Tamar,Juvenile Fiction,3.96,Lizabeth's Story
Insurgent Collective Action and Civil War in El Salvador,Elisabeth Jean Wood;Wood Elisabeth Jean,History,3.8,
"Acme Novelty Datebook, Volume One",Chris Ware,Comics & Graphic Novels,4.17,Volume One
A Theory of Semiotics,Umberto Eco,Literary Criticism,4.01,
The Strangers in the House,Georges Simenon,Fiction,3.76,
New Rules,Bill Maher,Humor,3.71,Polite Musings from a Timid Observer
The House of Bernarda Alba and Other Plays,Federico García Lorca;Michael Dewell;Carmen Zapata,Psychology,4.07,
Zen and the Art of Motorcycle Maintenance,Robert M. Pirsig,Philosophy,3.77,An Inquiry Into Values
My Wicked Pirate,Rona Sharon,Fiction,3.9,
Zen and the Art of Motorcycle Maintenance,Robert M. Pirsig,Psychology,3.77,An Inquiry Into Values
Strangers in Paradise,Terry Moore,Comics & Graphic Novels,4.38,
King Henry IV Part 1,William Shakespeare;David Scott Kastan,Drama,3.82,Third Series
Early Greek Philosophy,Jonathan Barnes,Philosophy,4.09,
100 Love Sonnets,Pablo Neruda,Poetry,4.4,Cien sonetos de amor
Vernon God Little,D. B. C. Pierre,Humor,3.59,A 21st Century Comedy in the Presence of Death
The Littles and Their Amazing New Friend,John Peterson,Juvenile Fiction,3.92,
The Complete C. S. Lewis Signature Classics,C. S. Lewis,Religion,4.61,
The Tales from the Odyssey #1: One-Eyed Giant,Mary Pope Osborne,Juvenile Fiction,3.88,
A Short History of Nearly Everything,Bill Bryson,Science,4.2,
When I Don't Desire God,John Piper,Religion,4.18,How to Fight for Joy
The Art of Shakespeare's Sonnets,Helen Vendler,Literary Criticism,4.3,
Ovid's Metamorphoses,Ovid,Drama,4.25,
Social Psychology,Elliot Aronson;Timothy D. Wilson;Robin M. Akert,Psychology,3.98,
Unlimited Power,Tony Robbins,Self-Help,4.22,The New Science Of Personal Achievement
The King of Elfland's Daughter,Edward John Moreton Drax Plunkett Baron Dunsany,Fiction,3.84,
Introduction to World Religions,Christopher Hugh Partridge,Religion,3.68,
The Oedipus Plays of Sophocles,Sophocles;Paul Roche,Drama,3.97,"Oedipus the King, Oedipus at Colonus, Antigone"
The Selected Poems of Federico García Lorca,Federico García Lorca,Poetry,4.31,
Cross-X,Joe Miller,Social Science,3.8,
The Oresteia Trilogy,Aeschylus;E. D. A. Morshead,Drama,4.01,"Agamemnon, the Libation-Bearers and the Furies"
Aristotle: The Politics and the Constitution of Athens,Aristotle,History,3.94,
The Rescue,Gordon Korman,Juvenile Fiction,4.11,
The Botany of Desire,Michael Pollan,Social Science,4.06,A Plant's-eye View of the World
The birds,Aristophanes;Sean O'Brien,Drama,2.67,
Cheetah Girls #2: Shop in the Name of Love,Deborah Gregory;Paul Mantell,Juvenile Fiction,3.64,
"Narrative of the Life of Frederick Douglass, an American Slave",Frederick Douglass;Harriet Jacobs,Biography & Autobiography,4.0,
Walt Whitman,Justin Kaplan,Biography & Autobiography,3.99,A Life
Dream Country,Neil Gaiman;Kelley Jones;Charles Vess,Comics & Graphic Novels,4.24,
Primo Levi,Ian Thomson,Biography & Autobiography,4.14,A Life
The Will to Believe,William James,Philosophy,4.06,"And Other Essays in Popular Philosophy, and Human Immortality"
Lao Tzu,Lao-tzu;Ursula K. Le Guin;Jerome P. Seaton,Philosophy,4.32,
Gideon's Trumpet,Anthony Lewis,History,3.9,
A Circle of Quiet,Madeleine L'Engle,Religion,4.21,
Basic Writings of Nietzsche,Friedrich Wilhelm Nietzsche,Philosophy,4.11,
Filth,William A. Cohen,History,4.17,"Dirt, Disgust, and Modern Life"
The Polysyllabic Spree,Nick Hornby,Literary Criticism,3.73,
Tom Clancy's Net Force: Virtual Vandals,Tom Clancy;Steve Pieczenik;Diane Duane,Fiction,0.0,Net Force 01
The Ethics of Authenticity,Charles Taylor,Philosophy,3.9,
The Price of the Ticket,James Baldwin,Literary Criticism,4.7,"Collected Nonfiction, 1948-1985"
The Will to Power,Friedrich Wilhelm Nietzsche;Walter Arnold Kaufmann;R. J. Hollingdale,Philosophy,4.05,
"Aeschylus, 2",Aeschylus,Drama,4.1,"The Persians, Seven Against Thebes, The Suppliants, Prometheus Bound"
It's a Magical World,Bill Watterson,Humor,4.76,
Strangers from a Different Shore,Ronald Takaki,History,4.12,A History of Asian Americans Au of...
Four Baboons Adoring the Sun,John Guare,Drama,4.0,
How to Make Money Like a Porn Star,Neil Strauss;Bernard Chang,Comics & Graphic Novels,3.31,
Sodom and Gomorrah,Marcel Proust,Fiction,4.36,
Melville,Andrew Delbanco,Biography & Autobiography,4.03,His World and Work
Mysteries,Knut Hamsun,Fiction,4.1,
The Poetry of Robert Frost,Robert Frost,Poetry,4.31,"The Collected Poems, Complete and Unabridged"
The Secret Garden,Martha Hailey Dubose;Frances Hodgson Burnett;Martha Hailey,Juvenile Fiction,4.3,
Tolkien on film,Janet Brennan Croft,Literary Criticism,3.77,essays on Peter Jackson's The lord of the rings
Yiddish with Dick and Jane,Ellis Weiner;Barbara Davilman,Humor,3.91,
"The End of Faith: Religion, Terror, and the Future of Reason",Sam Harris,Philosophy,3.94,
Another Day in Cubicle Paradise,Scott Adams,Humor,3.99,
The Essential Kierkegaard,S瞨en·Kierkegaard,Philosophy,4.18,
Created In Darkness By Troubled Americans,Dave Eggers,Humor,3.76,The Best Of Mcsweeney's Humor Category
Manufacturing Consent,Edward S. Herman;Noam Chomsky,Science,4.24,The Political Economy of the Mass Media
"Poems, New and Collected, 1957-1997",Wislawa Szymborska;Stanisław Barańczak;Clare Cavanagh,Poetry,4.42,
A Christmas Carol,Charles Dickens,Fiction,4.04,
Live Like a Jesus Freak,DC Talk,Religion,4.05,Spend Today as if it Were Your Last
The Sonnets,William Shakespeare,Drama,4.25,
In the Name of Love,Ann Rule,Literary Criticism,4.03,Ann Rule's Crime Files
Do Not Open this Book!,Michaela Muntean,Juvenile Fiction,3.89,
Beyond the Chains of Illusion,Erich Fromm;Rainer Funk,Philosophy,4.09,My Encounter with Marx and Freud
The Calvin and Hobbes Lazy Sunday Book,Bill Watterson,Humor,4.67,
The Survivor's Guide to Sex,Staci Haines,Self-Help,4.31,How to Have an Empowered Sex Life After Child Sexual Abuse
Confucius Analects,Confucius;Edward Gilman Slingerland,Philosophy,3.84,With Selections from Traditional Commentaries
The Art of Loving,Erich Fromm,Self-Help,4.03,
The Guns of August,Barbara Wertheim Tuchman,History,4.18,Kits for Teens
五輪書 : 英文版,武蔵·宮本,Philosophy,4.08,
Collected Poems,Chinua Achebe,Poetry,3.79,
The Living and the Dead,Paul Hendrickson,History,4.03,Robert McNamara and Five Lives of a Lost War
Black Hole,Charles Burns,Comics & Graphic Novels,3.83,
On the Road,Jack Kerouac,Fiction,3.63,
How to Stop Worrying and Start Living,Dale Carnegie,Psychology,4.11,
The Collected Poems of Robert Penn Warren,Robert Penn Warren;John Burt,Poetry,4.37,
Saint Thomas of Aquinas,Gilbert Keith Chesterton,Religion,4.15,
Geisha,Liza Crihfield Dalby,Social Science,4.0,
On the Road to Perdition,Max Allan Collins;Jose Luis Garcia-Lopez,Comics & Graphic Novels,3.54,Oasis
The Invisible Man,H. G. Wells;M. T. Anderson,Juvenile Fiction,3.63,
The Norton Anthology of Theory and Criticism,Vincent B. Leitch,Literary Criticism,4.13,
The Second World War,Martin Gilbert,History,4.19,A Complete History
Kevin Trudeau's Mega Memory,Kevin Trudeau,Self-Help,3.51,How to Release Your Superpower Memory in 30 Minutes Or Less a Day
No Dress Rehearsal,Marian Keyes,Psychology,3.3,
Assassinating Shakespeare,Thomas Goltz,Biography & Autobiography,3.36,The True Confessions of a Bard in the Bush
"Paris Spleen, 1869",Charles Baudelaire;Charles Pierre Baudelaire,Poetry,4.3,
Female Chauvinist Pigs,Ariel Levy,Social Science,3.68,Women and the Rise of Raunch Culture
Disney's Little Einsteins: Birthday Machine,Susan Ring,Juvenile Fiction,4.29,
"The Poet, the Warrior, the Prophet",Rubem A. Alves,Religion,4.43,
The Sgt. Rock Archives,Robert Kanigher;Bob Haney,Comics & Graphic Novels,4.56,
Exploring the Northern Tradition,Galina Krasskova,Religion,3.83,"A Guide to the Gods, Lore, Rites, and Celebrations from the Norse, German, and Anglo-Saxon Traditions"
"BLOOD SUCKER Volume 1: Legend of ""Zipangu""",Saki Okuse;Aki Shimizu,Comics & Graphic Novels,3.2,
Life Management for Busy Women,Elizabeth George,Religion,4.54,Growth and study guide
The End of Nana Sahib,Jules Verne,Fiction,3.62,The Steam House
E,David Bodanis,Science,4.09,A Biography of the World's Most Famous Equation
The Throne of the Third Heaven of the Nations Millennium General Assembly,Denis Johnson,Poetry,4.16,Poems Collected and New
Culture of Fear Revisited,Frank Furedi,Social Science,3.53,
Tearing the Silence,Ursula Hegi,Social Science,3.86,On Being German in America
Mythology,Edith Hamilton,Social Science,3.99,
The Radicalism of the American Revolution,Gordon S. Wood,History,4.05,
The Best American Science Writing 2002,Matt Ridley;Alan Lightman,Science,3.88,
CliffsNotes on Wright's Black Boy,Carl Senna,Literary Criticism,3.75,
How to Build a Time Machine,Paul Davies,Science,3.82,
CliffsNotes on Voltaire's Candide,Francois Marie Arouet;James K. Lowers,Literary Criticism,3.4,
The Tin Can Tree,Anne Tyler,Fiction,3.6,
Savage Love,Dan Savage,Self-Help,3.84,Straight Answers from America's Most Popular Sex Columnist
"The Road Not Taken, and Other Poems",Robert Frost,Poetry,4.27,
Bad Childhood---Good Life,Laura Schlessinger,Self-Help,3.92,How to Blossom and Thrive in Spite of an Unhappy Childhood
Transcending the Levels of Consciousness,David R. Hawkins,Religion,4.53,The Stairway of Enlightenment
Snow Crash,Neal Stephenson,Fiction,4.03,
Every Good Boy Deserves Favor and Professional Foul,Tom Stoppard,Drama,3.9,
The Illustrated on the Shoulders of Giants,Stephen W. Hawking,Science,4.2,The Great Works of Physics and Astronomy
The Right Stuff,Tom Wolfe,Biography & Autobiography,4.25,
"Remembrance of Things Past, Part 2",Stéphane Heuet;Marcel Proust;Stanislas Brézet,Comics & Graphic Novels,4.03,Within a Budding Grove
The Chaneysville Incident,David Bradley,History,3.96,
Homecoming,Richard K. Morgan;Bill Sienkiewicz;Goran Parlov,Comics & Graphic Novels,3.81,
Genetics and the Origin of Species,Theodosius Dobzhansky,Science,4.15,
Paradise Lost,John Milton,Literary Criticism,3.81,"Authoritative Text, Sources and Backgrounds, Criticism"
Political Philosophy,Adam Swift,Philosophy,3.93,A Beginners' Guide for Students and Politicians
The Review of Comtemporary Fiction - Future of Fiction,John O'Brien;David Foster Wallace,Literary Criticism,3.82,
William Shakespeare: The Complete Works,William Shakespeare,Drama,4.62,
Lovingkindness,Sharon Salzberg;Jon Kabat-Zinn,Self-Help,4.26,The Revolutionary Art of Happiness
Artesia,Mark Smylie,Comics & Graphic Novels,4.0,
Harry Potter and the Order of the Phoenix (Book 5),"Rowling, J.K.",Juvenile Fiction,4.49,
The Little Big Book for God's Children,Lena Tabori;Alice Wong,Religion,4.88,
The Final Battle,Mary Pope Osborne,Juvenile Fiction,4.08,
From Counterculture to Cyberculture,Fred Turner,Social Science,3.96,"Stewart Brand, the Whole Earth Network, and the Rise of Digital Utopianism"
Psychoanalysis and Religion,Erich Fromm,Psychology,4.04,
"The Columbia Reader on Lesbians and Gay Men in Media, Society, and Politics",Larry P. Gross;James D. Woods,Social Science,3.93,
Geisha,Liza Crihfield Dalby,Social Science,4.0,
The Dance of Intimacy,Harriet Lerner,Psychology,4.06,A Woman's Guide to Courageous Acts of Change in Key Relationships
Paris 1919,Margaret MacMillan,History,4.07,Six Months That Changed the World
Sophocles: the Theban Plays,Sophocles,Drama,3.97,
Giovanni and Lusanna,Gene Brucker,History,3.56,Love and Marriage in Renaissance Florence
The Adventures of Jimmy Skunk,Thornton W. Burgess;Harrison Cady;Thea Kliros,Juvenile Fiction,4.13,
Aches & Pains,Maeve Binchy,Humor,3.54,
My Name Is Maria Isabel,Alma Flor Ada;Ana M. Cerro,Juvenile Fiction,3.88,
Homelands,Patricia Justine Tumang;Jenesha de Rivera,Social Science,4.43,"Women's Journeys Across Race, Place, and Time"
No Heroes,Chris Offutt,Biography & Autobiography,3.85,A Memoir of Coming Home
Identity and Violence: The Illusion of Destiny (Issues of Our Time),Amartya Sen,Philosophy,3.85,
The Gospel According to Job,Mike Mason,Religion,4.43,
The Bradbury Chronicles,Sam Weller,Biography & Autobiography,4.22,The Life of Ray Bradbury
"John Constantine, Hellblazer",Garth Ennis;Steve Dillon,Comics & Graphic Novels,4.17,Fear and Loathing
The Southern Haunting of Truman Capote,Marie Rudisill;James Coleman Simmons,Literary Criticism,3.96,
The Writer of Modern Life,Walter Benjamin,Literary Criticism,4.3,Essays on Charles Baudelaire
C.G. Jung and Hermann Hesse,Miguel Serrano,Psychology,4.03,A Record of Two Friendships
The 7 Habits of Highly Effective People Personal Workbook,Stephen R. Covey,Self-Help,4.22,
The Tesla Papers,Nikola Tesla,Science,4.12,
All Fall Down,John Saul,Fiction,3.92,
Crime and Punishment in America,Elliott Currie,Social Science,3.82,
"The Road Not Taken, and Other Poems",Robert Frost,Poetry,4.27,
Taran Wanderer,Lloyd Alexander,Juvenile Fiction,4.14,
Under the Banner of Heaven,Jon Krakauer,History,3.99,A Story of Violent Faith
Leviathan,Thomas Hobbes;Edwin M. Curley,Philosophy,3.69,With Selected Variants from the Latin Edition of 1668
The Woman in Black,Susan Hill,Juvenile Fiction,3.7,A Ghost Story
Monkeewrench,P. J. Tracy,Fiction,4.12,
The Christians and the Fall of Rome,Edward Gibbon,History,3.57,
Lost Continents,Lyon Sprague De Camp,Social Science,3.64,"The Atlantis Theme in History, Science, and Literature"
The Conquest of Gaul,Julius Caesar;F. P. Long;Cheryl Walker,History,3.99,
Aristophanes' Peace,Aristophanes;S. Douglas Olson,Drama,3.58,
The Birth of Tragedy,Friedrich Nietzsche,Literary Criticism,3.98,Out of the Spirit of Music
The Straight Dope,Cecil Adams;Ed Zotti,Humor,4.19,A Compendium of Human Knowledge
Does Anything Eat Wasps?,New Scientist,Humor,3.51,"And 101 Other Unsettling, Witty Answers to Questions You Never Thought You Wanted to Ask"
This Side of Paradise,Steven L. Layne,Juvenile Fiction,3.74,
An Inconvenient Truth,Al Gore,Science,3.76,The Planetary Emergency of Global Warming and What We Can Do About It
Holy Madness,Georg Feuerstein,Religion,3.71,"The Shock Tactics and Radical Teachings of Crazy-Wise Adepts, Holy Fools, and Rascal Gurus"
Dry,Augusten Burroughs,Biography & Autobiography,4.02,A Memoir
The Boomer Bible,R. F. Laird;Robert F. Laird,Humor,4.25,
The Crowd: Extradordinary Popular Delusions: Twin Classics of Crowd Pyschology,Gustave Le Bon;Charles Mackay,Psychology,3.94,
The Golden Country,Shusaku Endo;Shūsaku Endō,Drama,3.74,A Play About Christian Martyrs in Japan
The Birth of Tragedy and The Genealogy of Morals,Friedrich Wilhelm Nietzsche,Philosophy,4.0,
"Iphigenia, Phaedra, Athaliah",Jean Racine,Drama,3.85,
The Monster of Frankenstein,Gary Friedrich;Doug Moench;Mike Ploog;John Buscema;Val Mayerik,Comics & Graphic Novels,3.61,
BFF,Judy Blume,Juvenile Fiction,4.25,Best Friends Forever : Two Novels
Conan and the Demons of Khitai,Akira Yoshida;Paul Lee;Robert Ervin Howard;Pat Lee,Comics & Graphic Novels,3.3,
Homelands,Patricia Justine Tumang;Jenesha de Rivera,Social Science,4.43,"Women's Journeys Across Race, Place, and Time"
CliffsNotes on Shakespeare's King Henry IV,James K. Lowers,Literary Criticism,3.88,
Democracy in America,Alexis Tocqueville;Gerald Bevan;Isaac Kramnick,History,4.02,And Two Essays on America
Moll Flanders,Daniel Defoe,Fiction,3.52,
Late Victorian Holocausts: El Nino Famines and the Making of the Third World,Mike Davis,History,4.1,
The Female Brain,Louann Brizendine,Psychology,3.82,
"Complete Poems, 1904-1962",Edward Estlin Cummings,Poetry,4.35,
Red Road From Stalingrad,Mansur Abdulin,History,4.12,Recollections of a Soviet Infantryman
Mother Maria Skobtsova,Mariia,Biography & Autobiography,4.31,Essential Writings
The Stowaway Solution,Gordon Korman,Juvenile Fiction,4.11,
Creatures of the Night,Neil Gaiman;Michael Zulli;Todd Klein,Comics & Graphic Novels,3.84,
Twelfth Night,William Shakespeare,Drama,3.98,
Alcoholics Anonymous,Alcoholics Anonymous,Self-Help,4.44,
How to Have a Beautiful Mind,Edward De Bono,Self-Help,3.63,
Psychoanalysis and Religion,Erich Fromm,Psychology,4.04,
The Communist Manifesto,Karl Marx;Friedrich Engels,Science,3.54,A Modern Edition
Becoming a Goddess of Inner Poise,Donna Freitas,Social Science,3.59,Spirituality for the Bridget Jones in All of Us
A History of Modern Psychology,Duane Schultz;Sydney Schultz,Psychology,3.85,
Terry Jones' Medieval Lives,Terry Jones;Alan Ereira,History,4.02,
Sammlung,William Shakespeare,Drama,4.59,
Last Train to Paradise,Les Standiford,History,4.02,Henry Flagler and the Spectacular Rise and Fall of the Railroad That Crossed an Ocean
A Clockwork Orange,Anthony Burgess,Drama,3.82,
The Dot and the Line,Norton Juster,Humor,4.33,A Romance on Lower Mathematics
Transform Your Life,Diana Cooper,Self-Help,4.0,A Step-by-step Programme for Change
Ovid's Metamorphoses,Ovid,Social Science,4.3,Books 6-10
Orientalism,Edward W. Said,History,4.09,
Awakening at Midlife,Kathleen A. Brehony,Psychology,3.99,"A Guide to Reviving Your Spirit, Recreating Your Life, and Returning to Your Truest Self"
זן ואומנות האושר,Chris Prentiss,Philosophy,4.04,
60 Million Frenchmen Can't be Wrong,Jean-Benoît Nadeau;Julie Barlow,Social Science,3.74,
Isak Dinesen,Judith Thurman,Biography & Autobiography,4.07,The Life of a Storyteller
"I'm Good Enough, I'm Smart Enough, and Doggone It, People Like Me!",Al Franken;Stuart Smalley,Humor,3.8,Daily Affirmations by Stuart Smalley
The Search for Power,Margaret Weis,Fiction,3.97,Dragons of the War of Souls
Edge of Victory II,Greg Keyes,Fiction,3.77,Rebirth
Li Po and Tu Fu,Arthur R. V. Cooper,Poetry,4.11,
Buried Child,Sam Shepard,Drama,3.91,A Play
Naked Pictures of Famous People,Jon Stewart,Humor,3.59,
Henry IV Part Two,William Shakespeare;Adrian Poole,Literary Criticism,3.8,
Giovanni's Room,James Baldwin,Fiction,4.23,
Boogaloo on 2nd Avenue,Mark Kurlansky,Fiction,3.15,"A Novel of Pastry, Guilt, and Music"
Sister Outsider,Professor Audre Lorde;Audre Lorde,Social Science,4.48,Essays and Speeches
Existentialism and Human Emotions,Jean-Paul Sartre,Philosophy,3.84,
Spandau,Albert Speer,History,4.12,The Secret Diaries
60 Million Frenchmen Can't be Wrong,Jean-Benoît Nadeau;Julie Barlow,Social Science,3.74,
Simple Acts of Faith,Margaret Feinberg,Religion,4.55,Heartwarming Stories of One Life Touching Another
Ranma 1/2,Rumiko Takahashi,Comics & Graphic Novels,4.08,
The Blazing Center Study Guide,John Piper;Desiring God,Religion,4.28,The Soul-Satisfying Supremacy of God in All Things
Romeo and Juliet,William Shakespeare,Drama,3.74,
The Best Defense,Robert Kirkman;Charlie Adlard;Cliff Rathburn,Comics & Graphic Novels,4.29,
A Calendar of Wisdom,Leo Tolstoy,Religion,4.1,"Daily Thoughts to Nourish the Soul, Written and Selected from the World's Sacred Texts"
The diaries,Franz Kafka,Biography & Autobiography,4.23,1910-1923
Dante's Vita Nuova,Alighieri Dante;Dante Alighieri,Literary Criticism,3.87,A Translation and an Essay
The Book of Ruth,Jane Hamilton,Fiction,3.84,
The Dead Beat,Marilyn Johnson,Social Science,3.41,"Lost Souls, Lucky Stiffs, and the Perverse Pleasures of Obituaries"
Muhammad,Karen Armstrong,Biography & Autobiography,4.15,
Simulacra and Simulation,Jean Baudrillard,Social Science,3.98,
How to Read Literature Like a Professor,Thomas C. Foster,Literary Criticism,3.65,a Lively and Entertaining Guide to Reading Between the Lines
The Iliad,Homer,Poetry,3.85,
Greek Tragedies,David Grene;Richmond Lattimore,Literary Criticism,4.28,
Pygmalion,George Bernard Shaw,Literary Criticism,3.9,
Fanny,Erica Jong,Fiction,3.79,Being the True History of the Adventures of Fanny Hackabout-Jones : a Novel
How to Win Friends and Influence People for Teen Girls,Donna Dale Carnegie,Self-Help,3.9,
Pendulum,Amir D. Aczel,Biography & Autobiography,3.72,Leon Foucault and the Triumph of Science
Japan at War,Haruko Taya Cook;Theodore F. Cook,History,4.32,An Oral History
The Prince of Tides,Pat Conroy,Fiction,4.24,
Tides of War,Steven Pressfield,Fiction,3.89,A Novel of Alcibiades and the Peloponnesian War
Saint Thomas of Aquinas,Gilbert Keith Chesterton,Religion,4.15,
Star Wars Tales Volume 1,Various;Tsuneo Sanda,Comics & Graphic Novels,3.89,
The World of Mr. Mulliner,Pelham Grenville Wodehouse,Humor,4.31,"The Mulliner Omnibus : an Omnibus Volume Containing Mr. Mulliner Speaking, Meet Mr. Mulliner, Mulliner Nights"
The Grits (Girls Raised in the South) Guide to Life,Deborah Ford;Edie Hand,Social Science,3.78,
Plato's Symposium,Plato;Seth Benardete,Philosophy,4.03,A Translation by Seth Benardete with Commentaries by Allan Bloom and Seth Benardete
City of God,Augustine;Henry Scowcroft Bettenson;Gillian Rosemary Evans,History,3.92,
Proust's Way: A Field Guide to In Search of Lost Time,Roger Shattuck,Literary Criticism,3.92,
Tsubasa,CLAMP (Mangaka group),Juvenile Fiction,4.29,vol. 7
Berlin Diary,William L. Shirer,Biography & Autobiography,4.29,"The Journal of a Foreign Correspondent, 1934-1941"
Boltzmon!,William Sleator,Juvenile Fiction,3.65,
That Godless Court?,Ronald Bruce Flowers,Religion,3.54,Supreme Court Decisions on Church-state Relationships
Nietzsche and Philosophy,Gilles Deleuze,Philosophy,4.16,
The Simple Truth,Philip Levine,Poetry,4.22,Poems
The Pilgrim's Regress,C. S. Lewis,Religion,3.86,
The Presocratic Philosophers,Jonathan Barnes,Philosophy,4.14,
"Billy Budd, Sailor",Herman Melville,Fiction,3.11,
Sgt. Rock,Joe Kubert,Comics & Graphic Novels,3.48,The Prophecy
Betty Friedan and the Making of The Feminine Mystique,Daniel Horowitz,Science,3.59,"The American Left, the Cold War, and Modern Feminism"
Triax,Robert Silverberg,Science,3.69,"Three Original Novellas by James Gunn, Keith Roberts [and] Jack Vance"
Fads and Fallacies in the Name of Science,Martin Gardner,Science,4.06,
EUGENE ONEGIN - A NOVEL IN VERSE V.1,Aleksandr Sergeevich Pushkin,Literary Criticism,4.22,A NOVEL IN VERSE
Use of Weapons,Iain Banks,Science,4.19,
How to Stop Worrying and Start Living,Dale Carnegie,Psychology,4.11,
Man's Search for Meaning,Viktor Emil Frankl,Psychology,4.36,An Introduction to Logotherapy
"Julie, Or, The New Heloise",Jean-Jacques Rousseau;Roger D. Masters;Christopher Kelly,Literary Criticism,3.46,Letters of Two Lovers who Live in a Small Town at the Foot of the Alps
Politics,Aristotle;Benjamin Jowett;H. W. C. Davis,Science,3.93,
Stupid White Men,Michael Moore,Humor,3.31,And Other Sorry Excuses for the State of the Nation
CliffsNotes on Hansberry's A Raisin in the Sun,Rosetta James,Literary Criticism,3.9,
I'm Too Young To Be Seventy,Judith Viorst,Humor,3.94,I'm Too Young To Be Seventy
CliffsNotes on Williams' The Glass Menagerie & Streetcar Named Desire,James L. Roberts,Literary Criticism,3.78,
Multiculturalism,Charles Taylor;Amy Gutmann,Philosophy,3.81,(Expanded Paperback Edition)
From Counterculture to Cyberculture,Fred Turner,Social Science,3.96,"Stewart Brand, the Whole Earth Network, and the Rise of Digital Utopianism"
The House of Bernarda Alba and Other Plays,Federico García Lorca;Michael Dewell;Carmen Zapata,Psychology,4.07,
The Gramsci Reader,Antonio Gramsci,Philosophy,4.28,"Selected Writings, 1916-1935"
"20,000 Leagues Under the Sea",Jules Verne,Science,3.88,
The Missionary Position,Christopher Hitchens,Biography & Autobiography,4.06,Mother Teresa in Theory and Practice
The World as Will and Representation,Arthur Schopenhauer,Philosophy,4.18,
The Oresteia Trilogy,Aeschylus;E. D. A. Morshead,Drama,4.01,"Agamemnon, the Libation-Bearers and the Furies"
The Orion Mystery,Robert Bauval,History,3.93,Unlocking the Secrets of the Pyramids
Alcoholics Anonymous,Alcoholics Anonymous,Self-Help,4.44,
The Sex Lives of Cannibals,J. Maarten Troost,Social Science,3.87,Adrift in the Equatorial Pacific
The Illustrated Alchemist,Paulo Coelho;Alan R. Clarke;Moebius,Fiction,3.85,A Fable About Following Your Dream
F. Scott Fitzgerald on Authorship,Francis Scott Fitzgerald;Judith Baughman,Literary Criticism,3.57,
Calvin and Hobbes: Sunday Pages 1985-1995,Bill Watterson,Comics & Graphic Novels,4.71,
The Pillars of Creation,Terry Goodkind,Fiction,3.68,
Selected Verse,Federico García Lorca;Christopher Maurer;Catherine Brown,Poetry,4.43,Revised Bilingual Edition
Hell House,Ian Edginton;Simon Fraser,Comics & Graphic Novels,4.5,
The Eclogues of Virgil,Virgil,Poetry,3.91,A Bilingual Edition
Diary of a Spider,Doreen Cronin,Juvenile Fiction,4.25,
Social Intelligence,Daniel Goleman,Psychology,3.98,The New Science of Human Relationships
Aristophanes' Acharnians,Aristophanes;Jeffrey Henderson,Drama,3.42,
The Merchant of Venice,William Shakespeare,Drama,3.8,
"Fullmetal Alchemist, Vol. 5",Hiromu Arakawa,Comics & Graphic Novels,4.56,Hana Yori Dango
"Haussmann, Or the Distinction",Paul LaFarge,Fiction,3.64,A Novel
Conversations with Zizek,Slavoj Žižek;Glyn Daly,Philosophy,3.87,
The Twelve Steps and Twelve Traditions of Overeaters Anonymous,"Overeaters Anonymous, Inc. (U.S.)",Self-Help,4.37,
Inuyasha Ani-Manga,Rumiko Takahashi,Comics & Graphic Novels,4.36,
Harry Potter and the Goblet of Fire,J. K. Rowling,Juvenile Fiction,4.55,
The Riverside Shakespeare,William Shakespeare;Gwynne Blakemore Evans;Irving Babbitt Professor of Comparative Literature Harry Levin;Herschel Baker;J. J. M. Tobin;Anne Barton;Heather Dubrow;William T. Liston;Frank Kermode;Harry Levin;Marie Edel;Hallet Smith;Charles H. Shattuck,Drama,4.55,
Tales from Ovid,Ovid;Ted Hughes,Poetry,4.23,Twenty-four Passages from the Metamorphoses
Yesterday I Cried,Iyanla Vanzant,Self-Help,4.22,Celebrating The Lessons Of Living And Loving
Zen and the Art of Motorcycle Maintenance,Robert M. Pirsig,Psychology,3.77,An Inquiry Into Values
"Lafcadio, the Lion Who Shot Back",Shel Silverstein,Juvenile Fiction,4.15,
"Euripides, 3",Euripides,Drama,3.88,"Alcestis, Daughters of Troy, The Phoenician Women, Iphigenia at Aulis, Rhesus"
A History of Modern Psychology,Duane Schultz;Sydney Schultz,Psychology,3.85,
Surfer's Code,Shaun Tomson;Patrick J. Moser,Self-Help,3.81,12 Simple Lessons for Riding Through Life
Guerilla Film Makers Movie Blueprint,Chris Jones,Social Science,4.2,
The Duplicate,William Sleator,Juvenile Fiction,3.68,
Writing Down the Bones,Natalie Goldberg,Self-Help,4.18,Freeing the Writer Within : Expanded with a New Preface and Interview with the Author
The Gatekeeper,Terry Eagleton,Biography & Autobiography,3.8,A Memoir
Dancing on my grave,Gelsey Kirkland,Biography & Autobiography,3.79,
The Future of Spacetime,Stephen W. Hawking;Kip S. Thorne;Igor D. Novikov;Timothy Ferris;Alan Lightman,Science,3.93,
Roald Dahl's James and the giant peach,Roald Dahl,Drama,4.04,a play
Sources of the Self,Charles Taylor,Philosophy,4.19,The Making of the Modern Identity
The Sex Lives of Cannibals,J. Maarten Troost,Social Science,3.87,Adrift in the Equatorial Pacific
The Poetry of Robert Frost,Robert Frost,Poetry,4.31,"The Collected Poems, Complete and Unabridged"
The Trouble With Poetry,Billy Collins,Poetry,4.17,And Other Poems
The Poetry of Robert Frost,Robert Frost,Poetry,4.31,"The Collected Poems, Complete and Unabridged"
A Scandalous Life,Mary S. Lovell,Biography & Autobiography,4.03,The Biography of Jane Digby
Harry Potter and the Chamber of Secrets (Book 2),"Rowling, J.K.",Juvenile Fiction,4.41,
Child of the Owl,Laurence Yep,Juvenile Fiction,3.6,Golden Mountain Chronicles: 1965
Shout Out Loud! Volume 5: (Yaoi),Satosumi Takaguchi,Comics & Graphic Novels,3.95,
The Art of Loving,Eiki Eiki;Yukine Honami,Comics & Graphic Novels,3.48,
Justice Oliver Wendell Holmes,G. Edward White,Literary Criticism,3.67,Law and the Inner Self
From Counterculture to Cyberculture,Fred Turner,Social Science,3.96,"Stewart Brand, the Whole Earth Network, and the Rise of Digital Utopianism"
CliffsNotes on Faulkner's The Sound and the Fury,James L. Roberts,Literary Criticism,3.83,
Yesterday I Cried,Iyanla Vanzant,Self-Help,4.22,Celebrating The Lessons Of Living And Loving
Bad Childhood---Good Life,Laura Schlessinger,Self-Help,3.92,How to Blossom and Thrive in Spite of an Unhappy Childhood
Mansfield Park,Jane Austen,Literary Criticism,3.85,
Razor's Edge,Hugh Bicheno;Richard Holmes,History,3.77,The Unofficial History of the Falklands War
Unweaving the Rainbow,Richard Dawkins,Science,4.02,"Science, Delusion and the Appetite for Wonder"
Writing Down the Bones,Natalie Goldberg,Self-Help,4.18,Freeing the Writer Within : Expanded with a New Preface and Interview with the Author
Selections from the Oakland Tribune Archives,Annalee Allen,History,3.0,
SeinLanguage,Jerry Seinfeld,Humor,3.63,
"Catherine, Called Birdy (Summer Reading Edition)",Karen Cushman,Juvenile Fiction,3.71,
Stupid White Men,Michael Moore,Humor,3.31,And Other Sorry Excuses for the State of the Nation
On the Edge of the New Century,Eric J. Hobsbawm;Antonio Polito,History,3.72,
This bridge called my back,Cherríe Moraga;Gloria Anzaldúa,Social Science,4.47,writings by radical women of color
Inattentional Blindness,Arien Mack;Irvin Rock,Psychology,4.2,
The Lord of the Rings,Chris Smith,Literary Criticism,4.53,Weapons and Warfare
The Confidence-man,Herman Melville,Literary Criticism,3.66,His Masquerade
Tsubasa 12 Reservoir Chronicle,CLAMP (Mangaka group),Comics & Graphic Novels,4.31,Dragonfly Battle
Behind the Curtain,Peter Abrahams,Juvenile Fiction,3.9,An Echo Falls Mystery
It's a Magical World,Bill Watterson,Humor,4.76,A Calvin and Hobbes Collection
Downsize This!,Michael Moore,Humor,3.62,
The Throne of the Third Heaven of the Nations Millennium General Assembly,Denis Johnson,Poetry,4.16,Poems Collected and New
Lysistrata,Aristophanes;Sarah Ruden,Literary Criticism,3.85,
Philosophy For Dummies,Tom Morris,Philosophy,3.65,
Eugene Onegin: Commentary and index,Aleksandr Sergeevich Pushkin,Literary Criticism,4.22,
Authentic Happiness,Martin E. P. Seligman,Psychology,3.95,Using the New Positive Psychology to Realize Your Potential for Lasting Fulfillment
Confessions of a Teenage Drama Queen,Dyan Sheldon,Juvenile Fiction,3.34,
Vampire Hunter D Volume 3: Demon Deathase,Hideyuki Kikuchi;Yoshitaka Amano;Kevin Leahy,Comics & Graphic Novels,4.02,
Exiled in Paris,James Campbell,Biography & Autobiography,3.97,"Richard Wright, James Baldwin, Samuel Beckett, and Others on the Left Bank"
The Drowned and the Saved,Primo Levi,Humor,4.39,
Meet Mr. Mulliner,Pelham Grenville Wodehouse,Fiction,4.06,
Fear and Loathing,Hunter S. Thompson,Biography & Autobiography,4.11,On the Campaign Trail '72
Love Is Blind,Lynsay Sands,Fiction,4.0,
Ivanhoe,Walter Scott,Fiction,3.75,
Having Our Say,Emily Mann;Sarah Louise Delany,Drama,4.06,The Delany Sisters' First 100 Years : a Play
The Intelligence of Evil or the Lucidity Pact,Jean Baudrillard,Philosophy,3.86,
A Room of One's Own,Virginia Woolf;Susan Gubar,Fiction,4.13,
The Invisibles,Grant Morrison;Chris Weston;Ivan Reis;Ray Kryssing,Comics & Graphic Novels,4.24,Kissing Mister Quimper
Guerilla Film Makers Movie Blueprint,Chris Jones,Social Science,4.2,
The Philosophy of History,Georg Wilhelm Friedrich Hegel;J. Sibree,Philosophy,3.82,
Disney's Little Einsteins: Butterfly Suits,Disney Book Group;Marcy Kelman,Juvenile Fiction,3.68,
A Pirate Looks at Fifty,Jimmy Buffett,Biography & Autobiography,3.83,
On Bullshit,Harry G. Frankfurt,Philosophy,3.57,
Introduction to World Religions,Christopher Hugh Partridge,Religion,3.68,
Odes to Common Things,Pablo Neruda,Poetry,4.38,
The Blazing Center Study Guide,John Piper;Desiring God,Religion,4.28,The Soul-Satisfying Supremacy of God in All Things
Cross-X,Joe Miller,Social Science,3.8,
The Waste Land and Other Writings,Thomas Stearns Eliot,Poetry,4.21,
America Alone,Mark Steyn,Science,4.14,The End of the World As We Know It
The Wheel of Life,Elisabeth Kübler-Ross,Biography & Autobiography,4.16,A Memoir of Living and Dying
Prometheus Bound and Other Plays,Aeschylus;Philip Vellacott,Drama,4.1,
So Far from God,John S. D. Eisenhower,History,3.93,"The U.S. War with Mexico, 1846-1848"
"The Bald Soprano, and Other Plays",Eugène Ionesco,Drama,4.04,
"Aeschylus, 2",Aeschylus,Drama,4.1,"The Persians, Seven Against Thebes, The Suppliants, Prometheus Bound"
To America with Love,Abbie Hoffman,Biography & Autobiography,3.93,Letters from the Underground
Laughter and Tears,Ann Hewetson,Psychology,4.0,A Family's Journey to Understanding the Autism Spectrum
The Very Persistent Gappers of Frip,George Saunders;Lane Smith,Juvenile Fiction,4.11,
Not Even Wrong,Peter Woit,Science,3.93,The Failure of String Theory and the Search for Unity in Physical Law
Seamus Heaney,Helen Hennessy Vendler,Literary Criticism,4.08,
What Would Machiavelli Do?,Stanley Bing,Humor,3.46,The Ends Justify the Meanness
Nietzsche: Daybreak,Friedrich Nietzsche,Philosophy,4.17,Thoughts on the Prejudices of Morality
Star Wars: Clone Wars Volume 1 - The Defense of Kamino,Haden Blackman;John Ostrander;Scott Allie; Jan Duursema; Stephen Thompson; Tomas Giorello; Dan Parsons; Ray Krissing,Comics & Graphic Novels,3.85,
Strawberry Days,David A. Neiwert,History,3.97,How Internment Destroyed a Japanese American Community
Monster,Walter Dean Myers,Juvenile Fiction,3.71,
Gilgamesh Epic and Old Testament Parallels,Alexander Heidel,Religion,3.97,
The Blank Slate,Steven Pinker,Psychology,4.08,The Modern Denial of Human Nature
This bridge called my back,Cherríe Moraga;Gloria Anzaldúa,Social Science,4.47,writings by radical women of color
Art of Being,Erich Fromm,Philosophy,4.1,
Modern Mind,Peter Watson,Science,4.27,An Intellectual History of the 20th Century
Beowulf,Howell D. Chickering,Literary Criticism,3.43,A Dual-language Edition
Beauty is the Beast,Tomo Matsumoto,Comics & Graphic Novels,3.79,
Guilty But Insane,Poppy Z. Brite,Biography & Autobiography,3.97,
Airborne,Tom Clancy,History,3.76,A Guided Tour of an Airborne Task Force
"The Hobbit, Or, There and Back Again",John Ronald Reuel Tolkien,Juvenile Fiction,4.26,
Gilgamesh Epic and Old Testament Parallels,Alexander Heidel,Religion,3.97,
Social Intelligence,Daniel Goleman,Psychology,3.98,The New Science of Human Relationships
The Lays of Beleriand,John Ronald Reuel Tolkien;Christopher Tolkien,Poetry,3.96,
The Feminine Mystique,Betty Friedan,Social Science,3.87,
Beyond the Postmodern Mind,Huston Smith,Philosophy,4.21,The Place of Meaning in a Global Civilization
Difficult Conversations,Douglas Stone;Bruce Patton;Sheila Heen,Psychology,4.07,How to Discuss what Matters Most
Eureka Mill,Ron Rash,Poetry,4.22,
Romeo and Juliet,William Shakespeare;Barbara A. Mowat;Paul Werstine,Drama,3.74,
Divina Commedia. English,Dante Alighieri,Poetry,4.02,
Bit the Jackpot,Erin McCarthy,Fiction,3.88,
The Two-Mile Time Machine,Richard B. Alley,Science,3.99,"Ice Cores, Abrupt Climate Change, and Our Future"
The Stephen King Universe,Stanley Wiater;Christopher Golden;Hank Wagner,Literary Criticism,4.14,The Guide to the Worlds of the King of Horror
The Art of Loving,Erich Fromm,Self-Help,4.03,
Vinyl Cafe Unplugged,Stuart McLean,Humor,4.23,
America Alone,Mark Steyn,Science,4.14,The End of the World As We Know It
The Responsibility of Forms,Roland Barthes,Literary Criticism,3.94,"Critical Essays on Music, Art, and Representation"
Strangers in Paradise,Terry Moore,Comics & Graphic Novels,4.09,
Charlotte's Web (full color),E. B. White,Juvenile Fiction,4.16,
The Blank Slate,Steven Pinker,Psychology,4.08,The Modern Denial of Human Nature
Palm Sunday,Kurt Vonnegut,Biography & Autobiography,3.77,An Autobiographical Collage
The Complete Monty Python's Flying Circus,Graham Chapman;Monty Python (Comedy troupe);Terry Gilliam;Eric Idle;Terry Jones,Humor,4.44,All the Words
The Origin of the Bible,Philip Wesley Comfort,Religion,3.84,
Exercitia Spiritualia,Saint Gertrude (the Great),Religion,3.2,
Wokini,Billy Mills;Nicholas Sparks,Self-Help,3.56,A Lakota Journey to Happiness and Self-understanding
Notebook of a Return to the Native Land,Aimé Césaire;Clayton Eshleman;Annette Smith,Literary Criticism,4.08,
Enzyme-Catalyzed Synthesis of Polymers,Shiro Kobayashi;Helmut Ritter;David Kaplan,Science,0.0,
A Wife After God's Own Heart Growth and Study Guide,Elizabeth George,Religion,4.75,
Aristophanes 1,Aristophanes;Peter Meineck,Drama,3.76,"Clouds, Wasps, Birds"
The Twelve Steps and Twelve Traditions of Overeaters Anonymous,"Overeaters Anonymous, Inc. (U.S.)",Self-Help,4.37,
Frankenstein,Mary Shelley,Literary Criticism,3.47,Mary Shelley
The Story of Philosophy,Bryan Magee,Philosophy,4.13,
Drop the Rock,Bill P.;Todd W.;Sara S.,Self-Help,4.45,Removing Character Defects - Steps Six and Seven
The Complete Collected Poems of Maya Angelou,Maya Angelou,Poetry,4.42,Poems (1965-1992)
CliffsNotes on Woolf's Mrs. Dalloway,Gary Carey,Literary Criticism,3.0,
Declarations of Independence,Howard Zinn,Science,4.26,Cross-examining American Ideology
Zen Buddhism & Psychoanalysis,Daisetz Teitaro Suzuki;Erich Fromm;Richard De Martino,Religion,3.94,
Abandonment,Kate Atkinson,Drama,3.6,
Modern Mind,Peter Watson,Science,4.27,An Intellectual History of the 20th Century
The Scripture of the Golden Eternity,Jack Kerouac,Literary Criticism,3.95,Pocket Poets Number 51
Tractatus Logico-philosophicus,Ludwig Wittgenstein,Philosophy,4.06,
Orestes and Other Plays,Euripides;James Morwood,Literary Criticism,4.07,
Approaches to Teaching Atwood's The Handmaid's Tale and Other Works,Sharon Rose Wilson;Thomas B. Friedman;Shannon Eileen Hengen,Literary Criticism,3.75,
The Pleasure of Finding Things Out,Richard Phillips Feynman,Science,4.25,The Best Short Works of Richard P. Feynman
"Hamlet, Prince of Denmark",William Shakespeare;Philip Edwards,Drama,4.01,
Teacher's Pet,Laurie Halse Anderson,Juvenile Fiction,4.07,
The Origins of Totalitarianism,Hannah Arendt,Philosophy,4.27,
Cults in Our Midst,Margaret Thaler Singer,Psychology,3.92,The Continuing Fight Against Their Hidden Menace
Longitude,Dava Sobel;Neil Armstrong,Science,3.96,The True Story of a Lone Genius Who Solved the Greatest Scientific Problem of His Time
The Ring Finger Falls Silent,Satoru Kannagi,Comics & Graphic Novels,4.02,
Exercitia Spiritualia,Saint Gertrude (the Great),Religion,3.2,
Holy the Firm,Annie Dillard,Literary Criticism,4.22,
Presocratic Philosophy: A Very Short Introduction,Catherine Osborne,Philosophy,3.56,
The Poetry of Robert Frost,Robert Frost,Poetry,4.31,"The Collected Poems, Complete and Unabridged"
Does Anybody Have a Problem with That?,Bill Maher,Humor,3.49,Politically Incorrect's Greatest Hits
In the Shadow of No Towers,Art Spiegelman,Comics & Graphic Novels,3.68,
The Drowned and the Saved,Primo Levi,Humor,4.39,
A Crack in the Edge of the World,Simon Winchester,History,3.78,America and the Great California Earthquake of 1906
Atlas Shrugged,Ayn Rand,Fiction,3.68,
Bull Halsey,Elmer Belmont Potter,Biography & Autobiography,4.16,
Life Management for Busy Women,Elizabeth George,Religion,4.54,Growth and study guide
Indian Givers,J. McIver Weatherford,History,4.12,How the Indians of the Americas Transformed the World
Good Poems for Hard Times,Garrison Keillor,Poetry,4.14,
Tales from Ovid,Ovid;Ted Hughes,Poetry,4.23,Twenty-four Passages from the Metamorphoses
Europe and the People Without History,Eric R. Wolf,Social Science,4.13,
From Nomads to Pilgrims,Diana Butler Bass;Joseph Stewart-Sicking,Religion,4.0,Stories from Practicing Congregations
Aeschylus: The Oresteia,Simon Goldhill,Drama,4.03,
Battle Angel Alita: Last Order,Yukito Kishiro,Comics & Graphic Novels,4.12,
The Drowned and the Saved,Primo Levi,Humor,4.39,
Westmark,Lloyd Alexander,Juvenile Fiction,3.92,
"Vampire Hunter D Volume 7: Mysterious Journey to the North Sea, Part 1",Hideyuki Kikuchi;Yoshitaka Amano,Comics & Graphic Novels,4.27,
Europe and the People Without History,Eric R. Wolf,Social Science,4.13,
The Tragical Comedy Or Comical Tragedy of Mr. Punch,Neil Gaiman,Comics & Graphic Novels,3.77,A Romance
Stephen Hawking's Universe,David Filkin,Science,4.28,The Cosmos Explained
Fanning the Flame,Christopher J. H. Wright,Religion,5.0,"Bible, Cross & Mission : Meeting the Challenge in a Changing World"
I Shouldn't Even Be Doing This!,Bob Newhart,Biography & Autobiography,3.74,And Other Things That Strike Me as Funny
Another Day in Cubicle Paradise,Scott Adams,Humor,3.99,
Black Holes and Time Warps,Kip Thorne;Kip S. Thorne;Stephen Hawking,Science,4.18,Einstein's Outrageous Legacy
How to Have a Beautiful Mind,Edward De Bono,Self-Help,3.63,
Geisha,Liza Crihfield Dalby,Social Science,4.0,
The Church in Ancient Society,Henry Chadwick,Religion,4.21,From Galilee to Gregory the Great
The Last Days of Henry VIII,Robert Hutchinson,Biography & Autobiography,4.14,"Conspiracies, Treason and Heresy at the Court of the Dying Tyrant"
Fell,Warren Ellis;Ben Templesmith,Comics & Graphic Novels,4.16,Feral City. Volume 1
The End of Days,Zecharia Sitchin,History,4.06,Armageddon and Prophecies of the Return
All Creatures Great and Small,James Herriot,Biography & Autobiography,4.32,
Jane Austen,Carol Shields,Biography & Autobiography,3.85,
"V.S. Naipaul, Second Edition",Bruce King,Literary Criticism,2.0,
Goddess of the Rose,P. C. Cast,Fiction,4.14,
Six Characters in Search of an Author and Other Plays,Luigi Pirandello,Drama,3.95,
The Iliad,Homer,Poetry,3.85,
Lovingkindness,Sharon Salzberg;Jon Kabat-Zinn,Self-Help,4.26,The Revolutionary Art of Happiness
Medea,Robinson Jeffers,Drama,4.2,
The Oedipus Plays of Sophocles,Sophocles;Paul Roche,Drama,3.97,"Oedipus the King, Oedipus at Colonus, Antigone"
The Consequences of Modernity,Anthony Giddens,Social Science,3.79,
Twelfth Night,William Shakespeare,Drama,3.98,
The Wit and Wisdom of Winston Churchill,James C. Humes,History,0.0,A Treasury of More than 1000 Quotations
The Orange Trees of Versailles,Annie Pietri,Juvenile Fiction,3.77,
The African-American Odyssey,Darlene Clark Hine;William C. Hine;Stanley Harrold,History,3.95,
Five Tʻang poets,David Young,Poetry,4.31,
Man's Search for Meaning,Viktor Emil Frankl,Psychology,4.36,An Introduction to Logotherapy
Conversations with Jerzy Kosinski,Jerzy Kosinski,Literary Criticism,3.75,
The Mating Mind,Geoffrey Miller,Psychology,4.09,How Sexual Choice Shaped the Evolution of Human Nature
The Canterbury Tales,Geoffrey Chaucer,Poetry,3.49,
Diabolo,Kaoru Ohashi;Kei Kusunoki,Comics & Graphic Novels,3.44,
The Act of Creation,Arthur Koestler,Philosophy,4.26,
Manufacturing Consent,Edward S. Herman;Noam Chomsky,Science,4.24,The Political Economy of the Mass Media
All the King's Men,L. David Allen;Robert H. Lynn,Literary Criticism,3.4,Notes
The Faiths of the Founding Fathers,David L. Holmes,Biography & Autobiography,3.86,
Robert Frost,Jay Parini,Biography & Autobiography,4.13,A Life
"Stiff Upper Lip, Jeeves",P. G. Wodehouse,Humor,4.29,
Slouching Toward Nirvana,Charles Bukowski,Poetry,3.99,New Poems
Holy Madness,Georg Feuerstein,Religion,3.71,"The Shock Tactics and Radical Teachings of Crazy-Wise Adepts, Holy Fools, and Rascal Gurus"
Same Sex in the City,Lauren Levin;Lauren Blitzer,Self-Help,3.58,(So Your Prince Charming Is Really a Cinderella)
Shadow of the Almighty,Elisabeth Elliot,Religion,4.39,The Life and Testament of Jim Elliot
SeinLanguage,Jerry Seinfeld,Humor,3.63,
All I Really Need to Know I Learned in Kindergarten,Robert Fulghum,Self-Help,4.03,
Juneau and Sauk Counties,Jacqueline Ann;Sheila Zenk,History,2.67,1850-2000
The Ancestor's Tale,Richard Dawkins;Yan Wong,Science,4.13,A Pilgrimage to the Dawn of Evolution
Downsize This!,Michael Moore,Humor,3.62,
The Book of Leviathan,Peter Blegvad,Comics & Graphic Novels,4.17,
Robert Van Gulik,Janwillem Van de Wetering,Literary Criticism,3.56,"His Life, His Work"
Fear of Falling,Barbara Ehrenreich,Social Science,3.9,The Inner Life of the Middle Class
Everything Bad is Good for You,Steven Johnson,Psychology,3.49,How Today's Popular Culture is Actually Making Us Smarter
The Calvin and Hobbes Lazy Sunday Book,Bill Watterson,Humor,4.67,
Stranger in a Strange Land,Robert A. Heinlein,Science,3.92,
Same Sex in the City,Lauren Levin;Lauren Blitzer,Self-Help,3.58,(So Your Prince Charming Is Really a Cinderella)
Fat Tuesday,Sandra Brown,Fiction,3.84,
The Drowned and the Saved,Primo Levi,Humor,4.39,
How to Read a Poem,Terry Eagleton,Literary Criticism,3.75,
Godless,Pete Hautman,Juvenile Fiction,3.6,
Book of Haikus,Jack Kerouac,Poetry,3.92,
The 9/11 Commission Report: Final Report of the National Commission on Terrorist Attacks Upon the United States (Authorized Edition),National Commission on Terrorist Attacks;National Commission on Terrorist Attacks upon the United States;United States. National Commission on Terrorist Attacks upon the United States;Govt. Commission Usa;Stany Zjednoczone. National Commission on Terrorist Attacks upon the United States;NORTON & CO.;Stati Uniti d' America. National commission on terrorist attacks upon the United States;USA National Commission on Terrorist Attacks Upon the United States,History,3.59,
"Sit, Walk, Stand",Watchman Nee,Religion,4.41,
Myths of Light,Joseph Campbell,Philosophy,4.42,Eastern Metaphors of the Eternal
The Wake,Neil Gaiman,Comics & Graphic Novels,4.52,
"The Art of Love, and Other Poems",Ovid,Poetry,4.02,
The Twelve Steps and Twelve Traditions of Overeaters Anonymous,"Overeaters Anonymous, Inc. (U.S.)",Self-Help,4.37,
The Great Shark Hunt,Hunter S. Thompson,Biography & Autobiography,4.08,Strange Tales from a Strange Time
The Basic Problems of Phenomenology,Martin Heidegger,Philosophy,4.28,
Superman,Mark Waid;Leinil Francis Yu,Comics & Graphic Novels,4.13,Birthright
The Bacchae and Other Plays,Euripides;John N. Davie;R. B. Rutherford,Drama,4.13,
On the Trail of Mary Queen of Scots,J. Keith Cheetham,Biography & Autobiography,3.27,
The Twelve Steps and Twelve Traditions of Overeaters Anonymous,"Overeaters Anonymous, Inc. (U.S.)",Self-Help,4.37,
Graphic Storytelling,Will Eisner,Literary Criticism,4.09,
Courageous Faith Through the Year,Bill Hybels,Religion,3.5,
Journey into God's Word,J. Scott Duvall;J. Daniel Hays,Religion,4.16,Your Guide to Understanding and Applying the Bible
The Handbook (The Encheiridion),Epictetus;Nicholas P. White,Philosophy,4.22,
The Pirate Dictionary,Terry Breverton,History,3.69,
