title,authors,categories,average_rating,subtitle
Muhammad,Karen Armstrong,Biography & Autobiography,4.15,
The Name of the Rose,Umberto Eco,Fiction,4.12,
Prophet,Frank E. Peretti,Fiction,3.94,
The White Rhino Hotel,Bartle Bull,Fiction,3.94,
As You Like It,William Shakespeare,Drama,0,
Four Mothers at Chautauqua,Isabella Alden,Fiction,4.01,
The Crowd: Extradordinary Popular Delusions: Twin Classics of Crowd Pyschology,Gustave Le Bon;Charles Mackay,Psychology,3.94,
A Thousand Acres,Jane Smiley,Fiction,3.8,A Novel
Maus II,Art Spiegelman,Biography & Autobiography,4.39,a survivor's tale : and here my troubles began
Who Will Run the Frog Hospital?,Lorrie Moore,Juvenile Fiction,3.79,A Novel
A Persian requiem,Sīmīn Dānishvar,Fiction,3.89,a novel
Love Letters,Kahlil Gibran;Suheil Bushrui,Biography & Autobiography,3.67,The Love Letters of Kahlil Gibran to May Ziadah
The Collected Poems of Robert Penn Warren,Robert Penn Warren;John Burt,Poetry,4.37,
The Unmasking of Oscar Wilde,Joseph Pearce,Religion,4.25,
Stephen King from A to Z,George Beahm,Fiction,3.83,An Encyclopedia of His Life and Work
Love Bites,Lynsay Sands,Fiction,4.12,
Doctor Who Short Trips: Repercussions,Gary Russell,Fiction,3.38,
Angry Black White Boy,Adam Mansbach,Fiction,3.55,
RG Veda,Clamp,Comics & Graphic Novels,3.72,
The Lost Lunar Baedeker,Mina Loy,Poetry,4.17,Poems of Mina Loy
Saving Faith,David Baldacci,Fiction,3.86,
El Paso,Matt Braun,Fiction,3.4,
Rent Girl,Michelle Tea,Comics & Graphic Novels,3.79,
The Hotel New Hampshire,John Irving,Fiction,3.9,
Two of Us,Peter Smith,Biography & Autobiography,3.53,"The Story of a Father, a Son, and the Beatles"
Anatomy of a Boyfriend,Daria Snadowsky,Juvenile Fiction,3.41,A Novel
Slowness,Milan Kundera,Fiction,3.66,A Novel
No Cherubs for Melanie,James Hawkins,Fiction,4,An Inspector Bliss Mystery
Picture Perfect,Jodi Picoult,Fiction,3.54,
The Gunslinger's Bride,Cheryl St. John,Fiction,3.66,
The Collected Stories of Arthur C. Clarke,Arthur C. Clarke,Fiction,4.3,
The Cambridge Companion to Plotinus,Lloyd Phillip Gerson;Lloyd P. Gerson,Philosophy,4.3,
The Confessions of St. Augustine,Saint Augustine (Bishop of Hippo.);Saint Augustine of Hippo;Joseph Mary Leleu,Biography & Autobiography,3.91,Revision of the Translation of Rev. J.M. Lelen
The Game,Neil Strauss,Biography & Autobiography,3.74,Penetrating the Secret Society of Pickup Artists
The Antiquary,Sir Walter Scott,Fiction,3.85,
Fragile Things,Neil Gaiman,Fiction,4.01,Short Fictions and Wonders
By the River Piedra I Sat Down and Wept,Paulo Coelho,Fiction,3.57,A Novel of Forgiveness
Tono-Bungay,H.G. Wells,Fiction,3.42,
The Cursed One,Ronda Thompson,Fiction,4.02,
Edie,Jean Stein,Biography & Autobiography,4.13,American Girl
The Sea Hunters II,Clive Cussler;Craig Dirgo,History,3.84,
Vampire Hunter D Volume 4: Tale of the Dead Town,Hideyuki Kikuchi;Yoshitaka Amano;Kevin Leahy,Comics & Graphic Novels,3.92,
The Rise of Endymion,Dan Simmons,Fiction,4.17,
Best Ghost and Horror Stories,Bram Stoker;Richard Dalby;Stefan R. Dziemianowicz;S. T. Joshi,Fiction,3.49,
Youth,J. M. Coetzee,Fiction,3.79,
Sugarplums and Scandal,Dana Cameron;Mary Daheim;Lori Avocato;Kerrelyn Sparks;Suzanne Macpherson;Cait London,Fiction,0,
No One Left to Lie to,Christopher Hitchens,History,3.85,The Triangulations of William Jefferson Clinton
The Dress Lodger,Sheri Holman,Fiction,3.57,
The witches,Roald Dahl,Fiction,4.17,
The Ghost in the Machine,Arthur Koestler,Philosophy,4.01,
Keep the Aspidistra Flying,George Orwell,Fiction,3.88,
Regeneration,Pat Barker,Fiction,4.03,
Fear and Loathing in Las Vegas and Other American Stories,Hunter S. Thompson,Biography & Autobiography,4.21,
The Eiger Sanction,Trevanian,Fiction,4.06,A Novel
Anne of Green Gables,Lucy Maud Montgomery,Fiction,4.24,
Guide to Stress Reduction,L. John Mason,Self-Help,4.22,
The Diary of Anaïs Nin,Anaïs Nin,Biography & Autobiography,4.16,1966-1974
The Complete Short Stories Of Ernest Hemingway,Ernest Hemingway,Fiction,4.29,The Finca Vigia Edition
The Magician's Assistant,Ann Patchett,Fiction,3.65,
Fiskadoro,Denis Johnson,Fiction,3.54,
Reversible Errors,Scott Turow,Fiction,3.84,
The Schopenhauer Cure,Irvin Yalom,Fiction,4.21,A Novel
The Attraction,Douglas Clegg,Fiction,3.63,
When the Lion Feeds,Wilbur Smith,Fiction,4.18,
How to Win Friends and Influence People for Teen Girls,Donna Dale Carnegie,Self-Help,3.9,
Mayflower Treasure Hunt,Ron Roy,Juvenile Fiction,4.18,
Ju-on,Kei Ōishi;Joe Swift,Fiction,3.84,A Novel
Minion,L. A. Banks,Fiction,3.44,
The Work of Mourning,Jacques Derrida,Literary Criticism,4.22,
The Ships of Earth,Orson Scott Card,Fiction,3.54,Homecoming:
On a pale horse,Piers Anthony,Fiction,4.13,
The Norton Anthology of Theory and Criticism,Vincent B. Leitch,Literary Criticism,4.13,
The Assault,Reinaldo Arenas;Andrew Hurley,Fiction,3.78,
Sex For Dummies,Sabine Walter,Self-Help,3.62,
Second Ring of Power,Carlos Castaneda,Fiction,4.02,
"Lost Boy, Lost Girl",Peter Straub,Fiction,3.48,
In Dark Waters,Mary Burton,Fiction,3.8,
Tales from Ovid,Ovid;Ted Hughes,Poetry,4.23,Twenty-four Passages from the Metamorphoses
Orientalism,Edward W. Said,History,4.09,
Jerusalem Inn,Martha Grimes,Fiction,3.96,
Yellow Dog,Martin Amis,Fiction,2.78,
The Aeneid,Virgil,Poetry,3.83,
The Great Good Place,Ray Oldenburg,Social Science,3.84,"Cafes, Coffee Shops, Bookstores, Bars, Hair Salons, and Other Hangouts at the Heart of a Community"
Hit Parade,Lawrence Block,Fiction,3.86,
The Treasure Principle,Randy Alcorn,Religion,4.13,
Cane River,Lalita Tademy,Fiction,4.05,
The Bram Stoker Bedside Companion,Bram Stoker,Fiction,3.44,10 Stories by the Author of Dracula
New Rules,Bill Maher,Humor,3.71,Polite Musings from a Timid Observer
Angels,Jacqueline Carey,Religion,4,Celestial Spirits in Art & Legend
Steamed,Jessica Conant-Park;Susan Conant,Fiction,3.47,
LOVE MODE Volume 1: (Yaoi),Yuki Shimizu,Comics & Graphic Novels,3.92,
Fear and Loathing,Hunter S. Thompson,Biography & Autobiography,4.11,On the Campaign Trail '72
Walt Whitman's America,David S. Reynolds,Biography & Autobiography,4.17,A Cultural Biography
The Amber Spyglass,Philip Pullman,Juvenile Fiction,4.09,
IWoz,Steve Wozniak;Gina Smith,Biography & Autobiography,3.86,"Computer Geek to Cult Icon : how I Invented the Personal Computer, Co-founded Apple, and Had Fun Doing it"
The Stranger,Albert Camus;Matthew Ward,Fiction,3.97,
A Certain Justice,John T. Lescroart,Fiction,4,
American Psycho,Bret Easton Ellis,Fiction,3.82,A Novel
Dates From Hell,Kim Harrison;Lynsay Sands;Kelley Armstrong;Lori Handeland,Fiction,3.78,
Prayers for Rain,Dennis Lehane,Fiction,4.09,
How Democratic is the American Constitution?,Robert A. Dahl,History,3.64,Second Edition
Hegel: Elements of the Philosophy of Right,Georg Wilhelm Fredrich Hegel,History,3.86,
A Virtuous Woman,Kaye Gibbons,Fiction,3.68,
Master of Dragons,Angela Knight,Fiction,4.22,
The Roman Empire,Colin Michael Wells,History,3.58,
"The Porcelain Dove, Or, Constancy's Reward",Delia Sherman,Fiction,3.42,
The Last Days,Raymond Queneau;Barbara Wright;Vivian Kogan,Fiction,3.8,
Son of a Witch,Gregory Maguire,Fiction,3.47,A Novel
Laura Ingalls Wilder's Fairy Poems,Laura Ingalls Wilder;Stephen W. Hines;Richard Hull,Poetry,3.97,
Make Four Million Dollars by Next Thursday!,Stephen Manes,Juvenile Fiction,3.7,
They Do it with Mirrors,Agatha Christie,Fiction,3.75,
Marilyn Monroe,Donald Spoto,Biography & Autobiography,4.03,The Biography
Shout Out Loud! Volume 5: (Yaoi),Satosumi Takaguchi,Comics & Graphic Novels,3.95,
Running from Safety,Richard Bach,Biography & Autobiography,3.79,An Adventure of the Spirit
Fluke,Christopher Moore,Fiction,3.75,"Or, I Know Why the Winged Whale Sings"
Parachutes & Kisses,Erica Jong,Fiction,3.47,
"The Metamorphosis, in the Penal Colony and Other Stories",Franz Kafka,Fiction,4.04,The Great Short Works of Franz Kafka
"Notebooks, 1935-1951",Albert Camus;Philip Malcolm Waller Thody;Justin O'Brien,Biography & Autobiography,4.28,
A Light in the Attic Book and CD,Shel Silverstein,Fiction,4.34,
Journal of a Novel,John Steinbeck,Literary Criticism,4.09,The East of Eden Letters
Tooth and Claw,T. Coraghessan Boyle,Fiction,3.82,
Black Elk Speaks,Black Elk;John Gneisenau Neihardt;Alexis N. Petri;Lori Utecht,Biography & Autobiography,4.14,Being the Life Story of a Holy Man of the Oglala Sioux
Lysistrata and Other Plays,Aristophanes;Alan H. Sommerstein,Drama,3.96,
Legends,George R. R. Martin;Anne McCaffrey,Fiction,3.88,Short Novels by the Masters of Modern Fantasy
What Christians Believe,C. S. Lewis,Religion,4.2,
Crime and Punishment,Fyodor Dostoyevsky,Fiction,4.2,A Novel in Six Parts with Epilogue
"Fullmetal Alchemist, Vol. 5",Hiromu Arakawa,Comics & Graphic Novels,4.56,Hana Yori Dango
Knife of Dreams,Robert Jordan,Fiction,4.14,
President Nixon,Richard Reeves,Biography & Autobiography,3.96,Alone in the White House
Exemplary Stories,Miguel de Cervantes Saavedra;Lesley Lipson,Fiction,3.73,
Charon's Landing,Jack Du Brul,Fiction,4.07,
Marilyn Manson,Richard D. Nelson,Religion,4,The Lonely Watchman
The Convenient Marriage,Georgette Heyer,Fiction,3.68,
A Midsummer Night's Dream,William Shakespeare,Fiction,3.94,
A Christmas Carol,Charles Dickens,Juvenile Fiction,4.34,
Drawing Blood,Poppy Z. Brite,Fiction,4.03,
"Euthyphro, Apology, Crito, Meno, Gorgias, Menexenus",Plato,Philosophy,4.14,
The Feynman Lectures on Physics,Richard Phillips Feynman;Robert B. Leighton;Matthew Linzee Sands,Science,4.61,
Difficult Loves,Italo Calvino,Fiction,3.93,
Winds of Fate,Mercedes Lackey,Fiction,4.03,
Tales of the Dying Earth,Jack Vance,Fiction,4.14,"Including 'The Dying Earth,' 'The Eyes of the Overworld,' 'Cugel's Saga,' and 'Rhialto the Marvellous'"
Michael Moorcock's Multiverse,Michael Moorcock;Walter Simonson;Mark Reeve;John Ridgway,Comics & Graphic Novels,3.95,
Chilly Scenes of Winter,Ann Beattie,Fiction,3.91,
"Good-bye, Chunky Rice",Craig Thompson,Comics & Graphic Novels,3.8,
What is the what,Dave Eggers,Fiction,4.16,The Autobiography of Valentino Achak Deng : a Novel
The Color of Water,James McBride,Biography & Autobiography,4.08,A Black Man's Tribute to His White Mother
The Future of the Universe,A.J. Meadows,Science,3.75,
Fear Nothing,Dean Ray Koontz,Fiction,3.99,
Loving God with All Your Mind,Elizabeth George,Religion,4.43,
Pastwatch,Orson Scott Card,Fiction,3.97,The Redemption of Christopher Columbus
Beowulf,Burton Raffel,Fiction,3.43,The British tradition
Faust,Johann Goethe,Drama,3.73,
Dragon Wing,Margaret Weis;Tracy Hickman,Fiction,3.95,
Seven Spiders Spinning,Gregory Maguire,Juvenile Fiction,3.61,
Whirlpool,Elizabeth Lowell,Fiction,3.78,
The Wanting Seed,Anthony Burgess,Fiction,3.78,
The Easy Way to Stop Smoking,Allen Carr,Self-Help,4.29,
Hope Springs Eternal,Kristiana Gregory,Juvenile Fiction,4.26,
Misreadings,Umberto Eco,Literary Criticism,3.86,
The Karamazov Brothers,Fyodor Dostoevsky;Ignat Avsey,Fiction,4.32,
In the Lake of the Woods,Tim O'Brien,Fiction,3.78,
The October Horse,Colleen McCullough,Fiction,4.28,
Emma,Jane Austen,Literary Criticism,3.99,
A Cast of Corbies,Josepha Sherman;Mercedes Lackey,Fiction,3.78,
The Dream Kingdom,Cynthia Harrod-Eagles,Fiction,4.33,
Wicked Musical Tie-in Edition,Gregory Maguire,Fiction,3.53,The Life and Times of the Wicked Witch of the West
Gossip Girl 7,Cecily von Ziegesar,Juvenile Fiction,3.62,Nobody Does It Better
Marcel Proust,William C. Carter,Biography & Autobiography,4.32,A Life
Magician,Raymond E. Feist,Fiction,4.26,Master
Patty Jane's House of Curl,Lorna Landvik,Fiction,3.86,
The Oresteia,Aeschylus,Drama,4.01,
Tropic of Capricorn,Henry Miller,Fiction,3.82,
The Prince of Tides,Pat Conroy,Fiction,4.24,
Gold,Isaac Asimov,Fiction,3.99,The Final Science Fiction Collection
Krakatoa,Simon Winchester,History,3.87,"The Day the World Exploded: August 27, 1883"
Bliss,Lynsay Sands,Fiction,3.97,
The Beasties,William Sleator,Juvenile Fiction,3.84,
The Cambridge Companion to Jane Austen,John O. Jordan,Literary Criticism,4.08,
Betsy and the Great World,Maud Hart Lovelace,Juvenile Fiction,4.13,
Inventing America,Garry Wills,History,3.92,Jefferson's Declaration of Independence
Spring Fever,P.G. Wodehouse,Fiction,4.06,
Back Bay,William Martin,Fiction,3.91,
Black Holes and Time Warps,Kip Thorne;Kip S. Thorne;Stephen Hawking,Science,4.18,Einstein's Outrageous Legacy
Thanksgiving,Janet Evanovich,Fiction,3.6,
Requiem for a Dream,Hubert Selby,Fiction,4.11,A Novel
Hamlet,William Shakespeare;Burton Raffel;Harold Bloom,Drama,4.01,
"The Trial of God (as it was Held on February 25, 1649, in Shamgorod)",Elie Wiesel,Fiction,4.13,A Play
Don't Wait for Your Ship to Come In,John Mason,Religion,3.22,Swim Out to Get It!
Vicars of Christ,Charles A. Coulombe,Religion,3.97,A History of the Popes
Shadow of the Moon,Rebecca York,Fiction,3.79,
Stamboul Train,Graham Greene,Fiction,3.46,
On the Road,Jack Kerouac,Fiction,3.63,
Will in the World,Stephen Greenblatt;Stephen Jay Greenblatt,Biography & Autobiography,3.94,How Shakespeare Became Shakespeare
Patrick,Tomie DePaola,Fiction,4.06,Patron Saint of Ireland
The Green Toenails Gang,Marjorie Weinman Sharmat,Juvenile Fiction,3.74,
The Gonzo Way,Anita Thompson,Biography & Autobiography,3.95,
The Favored Child,Philippa Gregory,Fiction,3.61,A Novel
Fablehaven,Brandon Mull,Juvenile Fiction,4.09,
Anita Diamant's The Red Tent,Ann Finding,Literary Criticism,4.13,A Reader's Guide
Mockingbird Wish Me Luck,Charles Bukowski,Fiction,4.13,
Don't Stop the Carnival,Herman Wouk,Fiction,3.93,A Novel
Ten Days to Self-Esteem,David D. Burns,Self-Help,3.97,
The Value of X,Poppy Z. Brite,Fiction,4.14,
The Pizza Monster,Marjorie Weinman Sharmat;Mitchell Sharmat,Juvenile Fiction,3.55,
Five Dialogues,Plato;George Maximilian Anthony Grube,Philosophy,4.12,
Joust,Mercedes Lackey,Fiction,4.01,
Crime and Punishment,Fyodor Dostoyevsky,Fiction,0,
The Fantastic Vampire,James Craig Holte,Literary Criticism,0,Studies in the Children of the Night : Selected Essays from the Eighteenth International Conference on the Fantastic in the Arts
The Universe in a Nutshell,Stephen W. Hawking;STEPHEN W AUTOR HAWKING,Science,4.15,
Planet of Slums,Mike Davis,Science,3.91,
The Brief History of the Dead,Kevin Brockmeier,Fiction,3.67,
The Gods Themselves,Isaac Asimov,Science,4.09,
Practical Philosophy,Immanuel Kant,Philosophy,4.09,
It's a Magical World,Bill Watterson,Humor,4.76,
The Fires of Heaven,Robert Jordan,Fiction,4.15,
The Art of War,Sun-Tzu;Sunzi,Philosophy,3.97,
Tropic of Cancer,Henry Miller,Fiction,3.69,
Betsy and Tacy Go Over the Big Hill,Maud Hart Lovelace,Juvenile Fiction,4.17,
The Secret Garden Cookbook,Amy Cotler,Fiction,4.28,Recipes Inspired by Frances Hodgson Burnett's THE SECRET GARDEN
What A Lady Wants,Victoria Alexander,Fiction,0,
Farmer Giles of Ham,John Ronald Reuel Tolkien,Fiction,3.84,"The Rise and Wonderful Adventures of Farmer Giles, Lord of Tame, Count of Worminghall, and King of the Little Kingdom"
Acts of God,Ted Steinberg,History,3.74,The Unnatural History of Natural Disaster in America
Five Children and it,Edith Nesbit,Juvenile Fiction,3.88,
Quo Vadis,Henryk Sienkiewicz,Fiction,4.15,
Amelia's 6th-Grade Notebook,Marissa Moss,Juvenile Fiction,4.01,
Star Wars Republic Commando,Karen Traviss,Fiction,4.24,Triple zero
Founding Brothers,Joseph J. Ellis,Biography & Autobiography,3.92,The Revolutionary Generation
Sexus,Henry Miller,Fiction,4.04,The Rosy Crucifixion I
CliffsNotes on Heller's Catch-22,C. A. Peek,Literary Criticism,3.56,
The Bush Dyslexicon,Mark Crispin Miller,Biography & Autobiography,3.56,Observations on a National Disorder
CliffsNotes on Dickens' A Tale of Two Cities,Marie Kalil,Literary Criticism,3.49,
The Mouse and His Child,Russell Hoban;David Small,Juvenile Fiction,3.97,
Beauty and Sadness,Yasunari Kawabata,Fiction,3.86,
Don DeLillo's White Noise,Leonard Orr,Literary Criticism,3.91,A Reader's Guide
Euripides,Pantelis Michelakis,Drama,4.02,Iphigenia at Aulis
Down and Out in the Magic Kingdom,Cory Doctorow,Fiction,3.56,
A New Leash on Death,Susan Conant,Fiction,3.79,
Moral Luck,Bernard Williams,Philosophy,4.1,Philosophical Papers 1973-1980
An Ideal Husband,Oscar Wilde,Humor,4.04,
A Little Prairie House,Laura Ingalls Wilder,Juvenile Fiction,4.19,
When Rain Clouds Gather,Bessie Head,Fiction,3.84,
Société de Consommation,Jean Baudrillard,Social Science,4.13,"Ses Mythes, Ses Structures"
A Void,Georges Perec,Fiction,3.8,
The Left Hand Dreams of Him,Satoru Kannagi,Comics & Graphic Novels,3.95,
The Complete Short Stories of H.G. Wells,Herbert George Wells;John R. Hammond,Fiction,4.14,
Black Sunday,Thomas Harris,Fiction,3.6,
The Humanoids,Jack Williamson,Fiction,3.75,A Novel
Velvet Elvis,Rob Bell,Religion,3.78,Repainting the Christian Faith
Mere Christianity,C. S. Lewis,Religion,4.32,
George Bernard Shaw's Plays,Bernard Shaw,Drama,3.94,"Mrs Warren's Profession, Pygmalion, Man and Superman, Major Barbara : Contexts and Criticism"
A Tourist Guide to Lancre,Terry Pratchett;Stephen Briggs,Fiction,4.06,
Blood Enemy,Greg Cox,Fiction,3.9,Underworld
God Knows,Joseph Heller,Fiction,3.8,
The Invisible Man,H. G. Wells;M. T. Anderson,Juvenile Fiction,3.63,
E=mc2,David Bodanis,Science,4.09,A Biography of the World's Most Famous Equation
The Last Temptation,Nikos Kazantzakis,Fiction,4.16,
The Time Machine,H. G. Wells;Melvin Burgess,Juvenile Fiction,3.88,
The Sea,John Banville,Fiction,3.51,
"Complete Poems, 1904-1962",Edward Estlin Cummings,Poetry,4.35,
Checkpoint,Nicholson Baker,Fiction,2.89,
The Eyre Affair,Jasper Fforde,Fiction,3.91,A Novel
Sisters,Charles Higham,Biography & Autobiography,3.3,The Story of Olivia de Havilland and Joan Fontaine
Songmaster,Orson Scott Card,Fiction,3.73,
A History of Modern Europe,John M. Merriman,History,3.98,From the French Revolution to the present
Owning Your Own Shadow,Robert A. Johnson,Self-Help,4.07,Understanding the Dark Side of the Psyche
Homegrown Democrat,Garrison Keillor,Science,3.96,A Few Plain Thoughts from the Heart of America
Power of Silence,Carlos Castaneda,Fiction,4.21,
"Exit the King, The Killer, and Macbett",Eugène Ionesco,Drama,4.11,Three Plays
The Naked Ape,Desmond Morris,Science,3.95,A Zoologist's Study of the Human Animal
Tyranny of the Majority,Lani Guinier,History,3.82,Funamental Fairness in Representative Democracy
The Review of Comtemporary Fiction - Future of Fiction,John O'Brien;David Foster Wallace,Literary Criticism,3.82,
Stormie,Stormie Omartian,Biography & Autobiography,4.39,A Story of Forgiveness and Healing
Bleach,Tite Kubo,Comics & Graphic Novels,4.36,
Counting Christmas,Karen Katz,Juvenile Fiction,3.56,
The Empire of Ice Cream,Jeffrey Ford,Fiction,4.06,
The Denial of Death,Ernest Becker,Philosophy,4.17,
The Cutting Room,Louise Welsh,Fiction,3.62,
The Art of Shakespeare's Sonnets,Helen Vendler,Literary Criticism,4.3,
If this is a Man ; and The Truce,Primo Levi,History,4.55,
Savage Beauty,Nancy Milford,Biography & Autobiography,4.01,The Life of Edna St. Vincent Millay
Castle of Wizardry,David Eddings,Fiction,4.17,
Cat Laughing Last,Shirley Rousseau Murphy,Fiction,4.21,A Joe Grey Mystery
The Twenty-Seventh City,Jonathan Franzen,Fiction,3.12,A Novel
Achilles in Vietnam,Jonathan Shay,Psychology,4.24,Combat Trauma and the Undoing of Character
Wild Magic,Tamora Pierce,Juvenile Fiction,4.33,
Floaters,Joseph Wambaugh,Fiction,3.5,
The Secret Swan,Shana Abé,Fiction,3.66,
Sunny Chandler's Return,Sandra Brown,Fiction,3.59,
Reunion,Alan Dean Foster,Fiction,3.87,
Leaving the 20th Century,Christopher Gray,Philosophy,4.14,The Incomplete Work of the Situationist International
A Sparrow Falls,Wilbur Smith,Fiction,4.17,
The Deer in the Wood,Laura Ingalls Wilder,Juvenile Fiction,4.17,
Terrier,Tamora Pierce,Juvenile Fiction,4.16,
Guilty But Insane,Poppy Z. Brite,Biography & Autobiography,3.97,
Alcoholics Anonymous,Anonymous,Self-Help,4.44,
The Metamorphosis and Other Stories,Franz Kafka;Malcolm Pasley,Fiction,3.8,
Laura,Donald Zochert,Biography & Autobiography,4.11,The Life of Laura Ingalls Wilder
Nations and Nationalism Since 1780,E. J. Hobsbawm,History,3.89,"Programme, Myth, Reality"
"Edgar Allan Poe, A to Z",Dawn B. Sova;Branko·Sou閏ek,Biography & Autobiography,4.33,The Essential Reference to His Life and Work
Lucie Babbidge's House,Sylvia Cassedy,Juvenile Fiction,3.75,
Main Street,Sinclair Lewis,Fiction,3.76,
Prince of the Blood,Raymond E. Feist,Fiction,3.97,
The Tenants of Moonbloom,Edward Lewis Wallant,Fiction,3.89,
The Vampire Lestat,Anne Rice,Fiction,4.07,
The Warrior Prophet,R. Scott Bakker,Fiction,3.95,The Prince of Nothing
Back to the Bedroom,Janet Evanovich,Fiction,3.67,
Christian Theology,Alister E. McGrath,Religion,4.04,An Introduction
The Future of Spacetime,Stephen W. Hawking;Kip S. Thorne;Igor D. Novikov;Timothy Ferris;Alan Lightman,Science,3.93,
Harvesting the Heart,Jodi Picoult,Fiction,3.6,
The Eternal Champion,Michael Moorcock;Tom Canty,Fiction,3.94,
Catch-22,Joseph Heller,Fiction,3.98,
The Origin of the Bible,Philip Wesley Comfort,Religion,3.84,
The Damned,L. A. Banks,Fiction,4.28,
Heart Songs and Other Stories,Annie Proulx,Fiction,3.93,
Salt in His Shoes,Deloris Jordan;Roslyn M. Jordan,Fiction,4.21,Michael Jordan in Pursuit of a Dream
"I, Claudius",Robert Graves,Fiction,4.27,"From the Autobiography of Tiberius Claudius, Born 10 B.C., Murdered and Deified A.D. 54"
Miss Or Mrs?,Wilkie Collins,Fiction,3.79,The Haunted Hotel ; The Guilty River
You Get So Alone at Times,Charles Bukowski,Fiction,4.25,
Shakespeare's Champion,Charlaine Harris,Fiction,3.83,
Either/Or,Soren Kierkegaard,Philosophy,4.17,A Fragment of Life
Unsung Heroes of Rock 'n' Roll,Nick Tosches,Biography & Autobiography,4.1,The Birth of Rock in the Wild Years Before Elvis
Layer Cake,J. J. Connolly,Fiction,3.99,Life and Thought in Mexico
From Bondage,Henry Roth,Fiction,4.1,Volume III of Mercy of a Rude Stream
The Wakefields of Sweet Valley,Kate William;Francine Pascal,Juvenile Fiction,3.91,
Spellbound,Nora Roberts,Fiction,3.8,
A Matter of Trust,Radclyffe,Fiction,4.2,
Halsey's Typhoon,Bob Drury;Thomas Clavin,History,4.09,"The True Story of a Fighting Admiral, an Epic Storm, and an Untold Rescue"
Beach Music,Pat Conroy,Fiction,4.15,
The Story of Philosophy,Will Durant,Biography & Autobiography,4.11,
The Other Woman,Ann O'Leary,Fiction,3.64,
The Politics of Cultural Despair,Fritz R. Stern,History,4.05,A Study in the Rise of the Germanic Ideology
Grizzwold,Syd Hoff,Juvenile Fiction,3.8,
American writers,Gale Group,Biography & Autobiography,0,
Haroun and the Sea of Stories,Salman Rushdie,Fiction,4.01,
Island of the Sequined Love Nun,Christopher Moore,Fiction,3.79,
David Copperfield,Charles Dickens,Fiction,3.98,
Political Philosophy,Adam Swift,Philosophy,3.93,A Beginners' Guide for Students and Politicians
Awakening at Midlife,Kathleen A. Brehony,Psychology,3.99,"A Guide to Reviving Your Spirit, Recreating Your Life, and Returning to Your Truest Self"
Blaming the Victims,Edward W. Said;Christopher Hitchens,History,4.21,Spurious Scholarship and the Palestinian Question
Treasure Box,Orson Scott Card,Fiction,3.32,
"Power, Faith, and Fantasy",Michael B. Oren,History,3.98,"America in the Middle East, 1776 to the Present"
Omega Path,James Axler,Fiction,3.87,
"Caramelo, Or, Puro Cuento",Sandra Cisneros,Fiction,3.89,A Novel
The Nubian Prince,Juan Bonilla,Fiction,3.56,A Novel
No Dress Rehearsal,Marian Keyes,Psychology,3.3,
Nightingale's Song,Kate Pennington,Juvenile Fiction,3,
Present Tense,L. A. Graf,Fiction,3.65,
What Looks Like Crazy On an Ordinary Day,Pearl Cleage,Fiction,3.72,
The White Road,Cynthia Harrod-Eagles,Fiction,4.26,
Matters of Choice,Noah Gordon,Fiction,3.37,
James Dean,David Dalton,Biography & Autobiography,4.07,The Mutant King : a Biography
The Hitchhiker's Guide to the Galaxy,Douglas Adams,Fiction,4.22,
Metamorphosis,Ovid;David Raeburn,Fiction,4.05,
When the Elephants Dance,Tess Uriza Holthe,Fiction,4.03,A Novel
A Quantum Murder,Peter F. Hamilton,Fiction,3.97,
Cry to Heaven,Anne Rice,Fiction,3.84,
The Satanic Verses,Salman Rushdie,Fiction,3.71,A Novel
History of Philosophy,Frederick Charles Copleston,Philosophy,4.22,
Vegas Bites,L. A. Banks;J. M. Jeffries;Seressia Glass;Natalie Dunbar,Fiction,4.11,A Werewolf Romance Anthology
Dancing on my grave,Gelsey Kirkland,Biography & Autobiography,3.79,
World Light,Halldór Laxness,Fiction,4.13,
The Illustrated a Brief History of Time,Stephen Hawking,Science,4.16,
1 Henry IV,William Shakespeare,Drama,3.82,"Text Edited from the First Quarto : Contexts and Sources, Criticism"
Before the Frost,Henning Mankell,Fiction,3.85,
The Terminal Man,Michael Crichton,Fiction,3.36,
Moonspinners,Mary Stewart,Fiction,4.03,
The Strange Case of Dr. Jekyll and Mr. Hyde and Other Stories,Robert Louis Stevenson,Fiction,4.01,
Mandy,Julie Andrews Edwards,Juvenile Fiction,4.24,
The Girl in the Flammable Skirt,Aimee Bender,Fiction,3.88,Stories
Li Po and Tu Fu,Arthur R. V. Cooper,Poetry,4.11,
Assassinating Shakespeare,Thomas Goltz,Biography & Autobiography,3.36,The True Confessions of a Bard in the Bush
The Little Red Lighthouse and the Great Gray Bridge,Hildegarde Hoyt Swift;Lynd Ward,Juvenile Fiction,4.26,
The Art of the Novel,Milan Kundera,Literary Criticism,3.96,
In the Footsteps of Mr. Kurtz,Michela Wrong,History,3.98,Living on the Brink of Disaster in Mobutu's Congo
I Shouldn't Even Be Doing This!,Bob Newhart,Biography & Autobiography,3.74,And Other Things That Strike Me as Funny
The Angry Hills,Leon Uris,Fiction,3.66,
Conan: Sword of Skelos,Andrew Offutt,Fiction,3.94,
Dogeaters,Jessica Tarahata Hagedorn,Drama,3.58,A Play about the Philippines
Sleeping Beauty Novels,A.N. Roquelaure,Fiction,3.99,
Blackmailed Into Bed,Heidi Betts,Fiction,3.38,
Intuition,Allegra Goodman,Fiction,3.33,A Novel
Angel of the Outback,Patricia Hickman,Fiction,3.27,
The Discomfort Zone,Jonathan Franzen,Biography & Autobiography,3.39,A Personal History
Diary of a Man in Despair,Fritz Percy Reck-Malleczewen;Friedrich Reck;Paul Rubens;Richard J. Evans,Biography & Autobiography,4.22,
A Little Princess,Frances Hodgson Burnett,Fiction,4.19,
Angel Christmas,Topaz;Mary Balogh;Emma Merritt;Marilyn Campbell;Patricia Rice;Carole Nelson Douglas,Fiction,3.56,
Ranma 1/2,Rumiko Takahashi,Comics & Graphic Novels,4.12,
CliffsNotes on Remarque's All Quiet on the Western Front,Susan Van Kirk,Literary Criticism,4.24,
The Orange Girl,Jostein Gaarder,Fiction,3.91,
Earthly Powers,Anthony Burgess,Fiction,4.15,
The Law of Enclosures,Dale Peck,Fiction,3.65,
Mary Queen of Scotland & The Isles,Margaret George,Fiction,4.05,A Novel
A Short History of Nearly Everything,Bill Bryson,Science,4.2,7 Steps to Financial Aid: Facilitator's Guide
The Last Shogun,Ryotaro Shiba,Fiction,3.74,The Life of Tokugawa Yoshinobu
The Knight Of Maison-Rouge,Alexandre Dumas,Fiction,3.89,A Novel of Marie Antoinette
Gravity,Tess Gerritsen,Science,4.04,
Read my lips,Riki Anne Wilchins,Biography & Autobiography,3.95,sexual subversion and the end of gender
Many Luscious Lollipops,Ruth Heller,Fiction,4.06,A Book about Adjectives
Philosophy in a Time of Terror,Jürgen Habermas;Giovanna Borradori;Jacques Derrida,History,3.89,Dialogues with Jurgen Habermas and Jacques Derrida
Bram Stoker's Dracula,Harold Bloom,Fiction,3.83,
The Littles and the Lost Children,John Peterson,Juvenile Fiction,3.75,
The Real Thing,Tom Stoppard,Drama,3.94,A Play
Firebirds,Sharyn November,Juvenile Fiction,3.96,An Anthology of Original Fantasy and Science Fiction
Girl in Hyacinth Blue,Susan Vreeland,Fiction,3.73,
Over the Moon,Angela Knight;MaryJanice Davidson;Virginia Kantra;Sunny,Fiction,3.9,
The Poetry and Short Stories of Dorothy Parker,Dorothy Parker,Poetry,4.49,
Daughters of Decadence,Elaine Showalter,Social Science,3.84,Women Writers of the Fin-de-Siècle
Tea with Jane Austen,Kim Wilson,Biography & Autobiography,3.78,
Banco,Henri Charrière,Biography & Autobiography,3.73,
Love @ First Site,Jane Moore,Fiction,3.4,A Novel
Christmas in Noisy Village,Astrid Lindgren;Ilon Wikland,Juvenile Fiction,4.18,
Strange Pilgrims,Gabriel García Márquez,Fiction,4.03,Twelve Stories
The Skeptic's Dictionary,Robert Carroll,Science,4.03,"A Collection of Strange Beliefs, Amusing Deceptions, and Dangerous Delusions"
Ulysses S. Grant,Josiah Bunting,Biography & Autobiography,3.85,"The American Presidents Series: The 18th President, 1869-1877"
Arthur and George,Julian Barnes,Fiction,3.7,
The Gospel of the Flying Spaghetti Monster,Bobby Henderson,Humor,3.92,
Another Day in Paradise,Jim Toomey,Humor,4.34,The Fourth Sherman's Lagoon Collection
Prisoner's Dilemma,Richard Powers,Fiction,3.87,
Philosophy of Right,G. W. F. Hegel;S. W. Dyde,Philosophy,3.86,
Sophie Pitt-Turnbull Discovers America,Dyan Sheldon,Juvenile Fiction,3.22,
The Cross from a Distance,Peter G. Bolt,Religion,3.87,Atonement in Mark's Gospel
The Road to Reality,Roger Penrose,Science,4.1,A Complete Guide to the Laws of the Universe
Four to Score,Janet Evanovich,Fiction,4.17,
Moments of Being,Virginia Woolf,Biography & Autobiography,4.26,
Song of Solomon,Toni Morrison,Fiction,4.04,
Sector 7,David Wiesner,Juvenile Fiction,4.21,
Farmer Boy,Laura Ingalls Wilder,Juvenile Fiction,4.06,
Tales from Shakespeare,Charles Lamb;Mary Lamb,Fiction,3.94,
Basic Writings of Nietzsche,Friedrich Wilhelm Nietzsche,Philosophy,4.11,
Life of the Beloved,Henri J. M. Nouwen,Religion,4.29,Spiritual Living in a Secular World
The Bromeliad Trilogy,Terry Pratchett,Juvenile Fiction,4.06,"Truckers, Diggers, and Wings"
"History of Religious Ideas, Volume 3",Mircea Eliade,Religion,4.43,From Muhammad to the Age of Reforms
Living Faith,Jimmy Carter,Religion,3.79,
"Boy, Were We Wrong about Dinosaurs!",Kathleen V. Kudlinski,Fiction,3.93,
The Girls of Lighthouse Lane #3,Thomas Kinkade;Erika Tamar,Juvenile Fiction,3.96,Lizabeth's Story
The Battle for God,Karen Armstrong,Religion,3.93,
CliffsNotes on Faulkner's The Sound and the Fury,James L. Roberts,Literary Criticism,3.83,
Hydra's Ring,James Axler,Fiction,3.88,
The Charterhouse of Parma,Stendhal,Fiction,3.82,
"God Bless You, Dr. Kevorkian",Kurt Vonnegut,Fiction,3.84,
Pet Peeve,Piers Anthony,Fiction,3.86,
"Plato, with an English Translation",Plato,Philosophy,0,
Beatrice's Goat,Page McBrier,Fiction,4.24,
Superheroes and Philosophy,Thomas V. Morris;Matt Morris;William Irwin,Comics & Graphic Novels,3.87,"Truth, Justice, and the Socratic Way"
Drop City,T. Coraghessan Boyle,Fiction,3.85,
Lake Orion,James E. Ingram;Lori Grove,History,5,
Where the Red Fern Grows,Wilson Rawls,Juvenile Fiction,4.37,The Story of Two Dogs and a Boy : with Connections
Enchantress from the Stars,Sylvia Louise Engdahl,Juvenile Fiction,3.94,
Masters of Death,Richard Rhodes,History,4.05,The Ss-Einsatzgruppen and the Invention of the Holocaust
The Song of Rhiannon,Evangeline Walton,Fiction,4.02,The Third Branch of the Mabinogion
The Confusion,Neal Stephenson,Fiction,4.25,Volume Two of The Baroque Cycle
Daisy Miller and Other Stories,Henry James,Fiction,3.51,
Selections from the Oakland Tribune Archives,Annalee Allen,History,3,
Worlds,Joe Haldeman,Fiction,3.51,
The Abhorsen Trilogy,Garth Nix,Fiction,4.66,"Sabriel, Lirael, Abhorsen"
A Search for What Makes Sense,Brian D. McLaren,Religion,3.59,
The Fellowship of the Ring,John Ronald Reuel Tolkien,Fiction,4.52,Being the First Part of the Lord of the Rings
Tolkien and C.S. Lewis,Colin Duriez,Biography & Autobiography,4,The Gift of Friendship
The Samurai,Shūsaku Endō,Fiction,3.95,A Novel
De Vita Propria Liber,Girolamo Cardano;Jean Stoner,Biography & Autobiography,3.79,
The Moviegoer,Walker Percy,Fiction,3.69,
Becoming a Contagious Christian,Mark Mittelberg;Lee Strobel;Bill Hybels,Religion,3.75,Leader's Guide ; Communicationg Your Faith in a Style that Fits You
Hocus Pocus,Kurt Vonnegut,Fiction,3.82,
Salem's Lot,Stephen King,Fiction,4.01,
Beyond the Postmodern Mind,Huston Smith,Philosophy,4.21,The Place of Meaning in a Global Civilization
Red Prophet,Orson Scott Card,Fiction,3.79,The Tales of Alvin Maker
Samantha,Tamara Thorne,Fiction,3.79,
Sometimes a Great Notion,Ken Kesey,Fiction,4.21,
The Bacchae of Euripides,Wole Soyinka,Drama,3.85,A Communion Rite
Holy Madness,Georg Feuerstein,Religion,3.71,"The Shock Tactics and Radical Teachings of Crazy-Wise Adepts, Holy Fools, and Rascal Gurus"
"Billy Budd, Sailor",Herman Melville,Fiction,3.11,
Metro Girl,Janet Evanovich,Fiction,3.62,
Demons Don't Dream,Piers Anthony,Fiction,3.8,
Shadows,John Saul,Fiction,3.92,
Mysteries of Pittsburgh,Michael Chabon,Fiction,3.64,A Novel
The Best of Tales,Margaret Weis;Tracy Hickman,Fiction,3.81,
The Rise and Fall of Anne Boleyn,Retha M. Warnicke,History,3.95,Family Politics at the Court of Henry VIII
The Wizard,Gene Wolfe,Fiction,3.86,Book Two of The Wizard Knight
Bad Boys in Black Tie,Lori Foster;Erin McCarthy;Morgan Leigh,Fiction,3.73,
Princess,Jean Sasson,Fiction,4.02,
A Confederacy of Dunces,John Kennedy Toole,Fiction,3.89,
Rounding the Mark,Andrea Camilleri,Fiction,4.06,
Wanderlust,Rebecca Solnit,Social Science,3.92,A History of Walking
I Am Charlotte Simmons,Tom Wolfe,Fiction,3.41,A Novel
The Murders in the Rue Morgue,Edgar Allan Poe,Fiction,3.87,The Dupin Tales
Einstein,Walter Isaacson,Biography & Autobiography,4.1,His Life and Universe
The Diary of Virginia Woolf: 1925-1930,Virginia Woolf,Biography & Autobiography,4.43,
Goodnight Moon 60th Anniversary Edition,Margaret Wise Brown,Juvenile Fiction,4.27,
Book of the Dead,Patricia Daniels Cornwell,Fiction,3.65,
To America with Love,Abbie Hoffman,Biography & Autobiography,3.93,Letters from the Underground
Lara's Leap of Faith,Alexandra Moss,Juvenile Fiction,4.06,
The Man who Tricked a Ghost,Laurence Yep,Fiction,3.83,
Bloodcurdling Tales of Horror and the Macabre: The Best of H. P. Lovecraft,H. P. Lovecraft,Fiction,0,
Black Sugar,Jeremy Reed,Poetry,4.2,Trisexual Poems
Little Dorrit,Charles Dickens,Fiction,3.98,
A Murder is Announced,Agatha Christie,Fiction,3.98,A Miss Marple Mystery
Laughter in the Dark,Vladimir Nabokov;Vladimir Vladimirovich Nabokov;John Banville,Fiction,3.96,
The Alchemist,Paulo Coelho,Fiction,3.85,
Betty Friedan and the Making of The Feminine Mystique,Daniel Horowitz,Science,3.59,"The American Left, the Cold War, and Modern Feminism"
Spring's Awakening,Frank Wedekind,Fiction,3.81,Tragedy of Childhood
Clown Girl,Monica Drake,Fiction,3.42,A Novel
"Three Famous Short Novels: short novels, Spotted Horses, Old Man, The Bear",William Faulkner,Fiction,3.86,
The Master,Colm Toibin,Fiction,3.83,A Novel
Simple Acts of Faith,Margaret Feinberg,Religion,4.55,Heartwarming Stories of One Life Touching Another
The Firefly,P. T. Deutermann,Fiction,3.76,A Novel
"Vampire Hunter D Volume 7: Mysterious Journey to the North Sea, Part 1",Hideyuki Kikuchi;Yoshitaka Amano,Comics & Graphic Novels,4.27,
Dublin 4,Maeve Binchy,Fiction,3.64,
The Essential Calvin And Hobbes,Bill Watterson,Comics & Graphic Novels,4.64,
Zizek,Sarah Kay,Social Science,3.38,A Critical Introduction
Myths of Light,Joseph Campbell,Philosophy,4.42,Eastern Metaphors of the Eternal
Use of Weapons,Iain Banks,Science,4.19,
Freak the Mighty,W. Rodman Philbrick,Juvenile Fiction,4,
Tunnel in the Sky,Robert A. Heinlein,Fiction,3.93,
American Dragons,Laurence Yep,Juvenile Fiction,3.41,Twenty-five Asian American Voices
The Dark Arena,Mario Puzo,Fiction,3.35,
Gifts,Ursula K. Le Guin,Juvenile Fiction,3.69,
A Child's Garden of Verses,Robert Louis Stevenson,Juvenile Fiction,4.3,
Cold Counsel,Sarah M. Anderson;Karen Swenson,Literary Criticism,3.61,Women in Old Norse Literature and Mythology : a Collection of Essays
"Israel's Shepherd; Or, Thoughts on the Love of God, Manifested in Christ Jesus. in a Series of Letters",Hardpress,History,3.72,
Magic Carpet Ride,John Kay;John Einarson,Biography & Autobiography,4.1,The Autobiography of John Kay and Steppenwolf
Mating in Captivity,Esther Perel,Psychology,4.13,Reconciling the Erotic and the Domestic
Juniper,Monica Furlong,Fiction,4.16,
"Twelve Kingdoms, The - Hardcover Edition Volume 1: Sea of Shadow",Fuyumi Ono;Akihiro Yamada;Alexander O. Smith,Comics & Graphic Novels,4.21,
The Lord of the Rings,John Ronald Reuel Tolkien,Fiction,4.49,
A Thread of Grace,Mary Doria Russell,Fiction,4.02,A Novel
CliffsNotes on Woolf's Mrs. Dalloway,Gary Carey,Literary Criticism,3,
I'm Afraid You've Got Dragons,Peter S. Beagle,Juvenile Fiction,4.1,
Gone for Good,Harlan Coben,Fiction,4.11,
Three Rotten Eggs,Gregory Maguire,Juvenile Fiction,3.74,
Odes to Common Things,Pablo Neruda,Poetry,4.38,
Hunters of Dune,Brian Herbert;Kevin J. Anderson,Fiction,3.65,
"Baby Einstein: Water, Water Everywhere","Disney Book Group,",Juvenile Fiction,3.7,
The Summons,John Grisham,Fiction,3.69,
The Fourteen Sisters of Emilio Montez O'Brien,Oscar Hijuelos,Fiction,3.69,
The Law and the Lady,Wilkie Collins,Fiction,3.8,
Excursion to Tindari,Andrea Camilleri,Fiction,4.03,
Three Graphic Novels,E.F. Bleiler,Fiction,3.75,
City of God,E. L. Doctorow,Fiction,3.41,a novel
Fire Sea,Margaret Weis;Tracy Hickman,Fiction,4.06,
Something Borrowed,Emily Giffin,Fiction,3.84,
Colossians and Philemon,Robert McL Wilson,Religion,5,
"20,000 Leagues Under the Sea",Jules Verne,Science,3.88,
Paradise Lost,John Milton;John A. Himes,Poetry,3.81,
The Gospel According to Job,Mike Mason,Religion,4.43,
Vagabond,Takehiko Inoue,Comics & Graphic Novels,4.41,
Insurgent Collective Action and Civil War in El Salvador,Elisabeth Jean Wood;Wood Elisabeth Jean,History,3.8,
Waiting for the Barbarians,J. M. Coetzee,Fiction,3.93,
Remember,Karen Kingsbury;Gary Smalley,Fiction,4.42,
100 Years of Lynchings,Ralph Ginzburg,Social Science,4.63,
Already Dead,Charlie Huston,Fiction,3.79,
Confessions of a Teenage Drama Queen,Dyan Sheldon,Juvenile Fiction,3.34,
Tales of the City,Armistead Maupin,Fiction,4.04,
The Nicomachean Ethics,Aristotle,Philosophy,3.93,
The All-true Travels and Adventures of Lidie Newton,Jane Smiley,Fiction,3.57,A Novel
Ice,V. C. Andrews,Fiction,3.75,
Sister of My Heart,Chitra Banerjee Divakaruni,Fiction,3.98,
Mistress of the Empire,Raymond E. Feist;Janny Wurts,Fiction,4.31,
The Nightingale's Song,Kathleen Eschenburg,Fiction,3.8,
Riddle-master,Patricia A. McKillip,Fiction,4.22,The Complete Trilogy
Lost City,Clive Cussler,Fiction,3.89,
Cravings,MaryJanice Davidson;Eileen Wilks;Rebecca York,Fiction,3.81,By Laurell K. Hamilton
Acts of Faith,Philip Caputo,Fiction,3.93,
Black Lamb and Grey Falcon,Rebecca West,History,4.23,A Journey Through Yugoslavia
Jane Austen For Dummies,Joan Elizabeth Klingel Ray,Biography & Autobiography,4.02,
The Blank Slate,Steven Pinker,Psychology,4.08,The Modern Denial of Human Nature
Blood Sport,Dick Francis,Fiction,3.87,
Good Grief,Rheta Grimsley Johnson,Biography & Autobiography,3.72,The Story of Charles M. Schulz
Sirens and Sea Monsters,Mary Pope Osborne,Juvenile Fiction,4.05,
The Razor's Edge,W. Somerset Maugham,Fiction,4.19,
Judy Moody Gets Famous!,Megan McDonald;Peter Reynolds,Juvenile Fiction,4.03,
A Woman of Substance,Barbara Taylor Bradford,Fiction,4.17,
Tree,David Burnie,Fiction,4.07,
Bleak House,Charles Dickens;Nicola Bradbury,Fiction,4.01,
The 7 Habits of Highly Effective People,Stephen R. Covey,Self-Help,4.09,Powerful Lessons in Personal Change
Anybody Out There?,Marian Keyes,Fiction,3.91,A Novel
Xanth 15: The Color of Her Panties,Piers Anthony;Piers A. Jacob,Fiction,3.67,
The Yiddish Policemen's Union,Michael Chabon,Fiction,3.7,A Novel
A Tear and a Smile,Kahlil Gibran,Philosophy,4.03,
The Dead Beat,Marilyn Johnson,Social Science,3.41,"Lost Souls, Lucky Stiffs, and the Perverse Pleasures of Obituaries"
Women in Love,D. H. Lawrence,Fiction,3.66,
Rita Hayworth and Shawshank Redemption,Stephen King,Fiction,4.52,A Story from Different Seasons
Kristy's Great Idea,Ann M. Martin;Raina Telgemeier,Juvenile Fiction,4.17,
The Basic Problems of Phenomenology,Martin Heidegger,Philosophy,4.28,
Under Orders,Dick Francis,Fiction,3.86,
Arthur Edward Waite's Quest of the Golden Stairs,Arthur Edward Waite,Fiction,4.1,
Turtle Island,Gary Snyder,Poetry,4.09,
One Flew Over the Cuckoo's Nest (SparkNotes Literature Guide),Ken Kesey,Literary Criticism,4.12,
A Guide to the Words of My Perfect Teacher,Khenpo Ngawang Pelzang;Ṅag-dbaṅ-dpal-bzaṅ (Mkhan-po),Religion,4.61,
Good Poems for Hard Times,Garrison Keillor,Poetry,4.14,
Bagombo Snuff Box,Kurt Vonnegut,Fiction,3.72,Uncollected Short Fiction
Fear of Fifty,Erica Jong,Biography & Autobiography,3.56,A Midlife Memoir
The Case of the Curious Bride,Erle Stanley Gardner,Fiction,3.86,
Sabriel (adult),Garth Nix,Fiction,4.17,
Awakening,Robin Wasserman,Juvenile Fiction,3.95,
Go Ask Alice,Anonymous,Fiction,3.76,
Dakota,Matt Braun,Fiction,3.69,
"The Girlhood Diary of Louisa May Alcott, 1843-1846",Louisa May Alcott,Fiction,3.87,Writings of a Young Author
The Honourable Schoolboy,John le Carre,Fiction,3.95,
Dionysiac Poetics and Euripides' Bacchae,Charles Segal,Literary Criticism,4.62,
"Sleep, Pale Sister",Joanne Harris,Fiction,0,
Gilgamesh Epic and Old Testament Parallels,Alexander Heidel,Religion,3.97,
The Pirates Laffite,William C. Davis,Biography & Autobiography,3.51,The Treacherous World of the Corsairs of the Gulf
"""Gorgias"" and ""Phaedrus""",Plato,Philosophy,4.41,"Rhetoric, Philosophy, and Politics"
Heat Wave,Eric Klinenberg,History,3.84,A Social Autopsy of Disaster in Chicago
Trinity Blood,Sunao Yoshida;Beni Axia Conrad;Christine Boylan,Comics & Graphic Novels,4.11,
I. Asimov,Isaac Asimov,Biography & Autobiography,4.19,A Memoir
Discourse on Method ; and,René Descartes,Philosophy,3.7,Meditations on First Philosophy
The Face of Another,Kobo Abe;Kōbō Abe,Fiction,3.77,
The Boomer Bible,R. F. Laird;Robert F. Laird,Humor,4.25,
Sodom and Gomorrah,Marcel Proust,Fiction,4.36,
The Rule of Four,Ian Caldwell;Dustin Thomason,Fiction,3.22,
CliffsNotes on Steinbeck's The Grapes of Wrath,Kelly McGrath Vlcek,Literary Criticism,3.74,
Sailing from Byzantium,Colin Wells,History,3.87,How a Lost Empire Shaped the World
Chapterhouse: Dune,Frank Herbert,Fiction,3.9,
Weetzie Bat,Francesca Lia Block,Juvenile Fiction,3.74,
The Heights of Courage,Avigdor Kahalani,History,4.18,A Tank Leader's War on the Golan
Aquinas's Shorter Summa,Saint Thomas (Aquinas),Religion,4.1,St. Thomas Aquinas's Own Concise Version of His Summa Theologica
The Hungry Tide,Amitav Ghosh,Fiction,3.94,
Heaven's Price,Sandra Brown,Fiction,3.54,
What Would Machiavelli Do?,Stanley Bing,Humor,3.46,The Ends Justify the Meanness
Rebekah,Orson Scott Card,Fiction,3.84,
Night Has a Thousand Eyes,Cornell Woolrich,Fiction,3.77,
"The Road Not Taken, and Other Poems",Robert Frost,Poetry,4.27,
The Killer Angels,Michael Shaara,Fiction,4.32,A Novel of the Civil War
Daughter of Fortune,Isabel Allende,Fiction,3.9,A Novel
Chuck Klosterman IV,Chuck Klosterman,Biography & Autobiography,3.85,A Decade of Curious People and Dangerous Ideas
Jane Austen,Carol Shields,Biography & Autobiography,3.85,
The Will to Power,Friedrich Wilhelm Nietzsche;Walter Arnold Kaufmann;R. J. Hollingdale,Philosophy,4.05,
Triumph of the Darksword,Margaret Weis;Tracy Hickman,Fiction,3.57,
"The Nightmare Room, Books 1-2-3: The Nightmare Begins!",R.L. Stine,Juvenile Fiction,3.89,
Midnight is a Place,Joan Aiken,Juvenile Fiction,3.91,
King Henry IV Part 2,William Shakespeare;A. R. Humphreys,Drama,3.8,Second Series
Muhammad,Karen Armstrong,Biography & Autobiography,4.04,A Prophet for Our Time
Cypress Gardens,Mary M. Flekke;Sarah E. MacDonald;Randall M. MacDonald,History,3,
Introduction to Philosophy,John Perry;Michael Bratman;John Martin Fischer,Philosophy,3.76,Classical and Contemporary Readings
Firefly Summer,Maeve Binchy,Fiction,3.9,
An Unfortunate Woman,Richard Brautigan,Fiction,3.78,A Journey
The Origins of the Civil Rights Movement,Aldon D. Morris,History,4.04,
An Adult Evening of Shel Silverstein,Shel Silverstein,Drama,4.02,
Strangers,Dean Koontz,Fiction,4,
South Park and Philosophy,Robert Arp,Philosophy,3.41,"You Know, I Learned Something Today"
Isis,Douglas Clegg,Fiction,3.68,
The Last of the Really Great Whangdoodles,Julie Andrews Edwards,Juvenile Fiction,4.25,
Tim Burton,Tim Burton,Biography & Autobiography,4.28,Interviews
For the Sins of My Father,Albert DeMeo;Mary Jane Ross,Biography & Autobiography,4.05,"A Mafia Killer, His Son, and the Legacy of a Mob Life"
The Call of the Wild,Jack London,Juvenile Fiction,3.85,
Animal Farm and 1984,George Orwell,Fiction,4.28,
Madouc,Jack Vance,Fiction,4.15,
Remind Me Again Why I Need A Man,Claudia Carroll,Fiction,3.31,
Mahatma Gandhi and His Myths,Mark Shepard,Science,3.64,"Civil Disobedience, Nonviolence, and Satyagraha in the Real World (Plus Why It's Gandhi, Not Ghandi )"
The Road to Gandolfo,Robert Ludlum,Fiction,3.64,
Twisted,Jeffery Deaver,Fiction,3.92,The Collected Stories of Jeffery Deaver
The Devil's Labyrinth,John Saul,Fiction,3.46,A Novel
Dracula,Bram Stoker,Fiction,3.99,"Authoritative Text, Backgrounds, Reviews and Reactions, Dramatic and Film Variations, Criticism"
King Solomon's Mines,Henry Rider Haggard;James Danly,Fiction,3.8,
Davita's Harp,Chaim Potok,Fiction,3.98,
Swapping Lives,Jane Green,Fiction,3.58,
King Leopold's Ghost,Adam Hochschild,History,4.16,"A Story of Greed, Terror, and Heroism in Colonial Africa"
The Coming of the Fairies,Arthur Conan Doyle,Fiction,3.39,
Pipe Dream,Solomon Jones,Fiction,3.98,A Novel
Johnny and the Dead,Terry Pratchett,Juvenile Fiction,3.78,
Grammar Snobs are Great Big Meanies,June Casagrande,Humor,3.78,A Guide to Language for Fun and Spite
The Fish Kisser,James Hawkins,Fiction,3.44,
A Farewell to Arms?,Michael Cox;Adrian Guelke;Fiona Stephen,History,4.33,"Beyond the Good Friday Agreement, Second Edition"
Aeschylus: The suppliant maidens,Aeschylus;David Grene,Drama,4.1,"The Suppliant Maidens, The Persians, Seven Against Thebes and Prometheus Bound"
Baby Einstein: Babies,Julie Aigner-Clark,Juvenile Fiction,4.03,
Excession,Iain Banks,Fiction,4.2,
The Portable Dante,Dante Alighieri,Fiction,4.23,
Journey into God's Word,J. Scott Duvall;J. Daniel Hays,Religion,4.16,Your Guide to Understanding and Applying the Bible
Life Management for Busy Women,Elizabeth George,Religion,4.54,Growth and study guide
A Year in the Life of William Shakespeare,James Shapiro,Biography & Autobiography,4.09,1599
Jeeves And The Tie That Binds,P.G. Wodehouse,Fiction,4.23,
"The Collected Letters of C.S. Lewis, Volume 1",C. S. Lewis,Biography & Autobiography,4.37,"Family Letters, 1905-1931"
The Birth of Tragedy and The Genealogy of Morals,Friedrich Wilhelm Nietzsche,Philosophy,4,
No Price Too High,Alex Jones,Biography & Autobiography,4.26,"A Pentecostal Preacher Becomes Catholic : the Inspirational Story of Alex Jones as Told to Diane Marie Morey Hanson ; and with a Special Section, the Conversion Story of Donna Jones"
Democracy in America,Alexis de Tocqueville;Arthur Goldhammer,Philosophy,4.02,
Terre,Émile Zola,Fiction,4.08,
The Devil Wears Prada,Lauren Weisberger,Fiction,3.73,
Great Expectations,Charles Dickens,Fiction,3.76,
The Hunchback of Notre-Dame,Victor Hugo;Walter J. Cobb,Fiction,3.99,
Stranger in a Strange Land,Robert A. Heinlein,Science,3.92,
"Young Goodman Brown, and Other Short Stories",Nathaniel Hawthorne,Fiction,3.86,
Confucius Analects,Confucius;Edward Gilman Slingerland,Philosophy,3.84,With Selections from Traditional Commentaries
Cloudy With a Chance of Meatballs,Judi Barrett,Juvenile Fiction,4.16,
The King of Elfland's Daughter,Edward John Moreton Drax Plunkett Baron Dunsany,Fiction,3.84,
The House of Mirth,Edith Wharton,Fiction,3.95,
Watermelon,Marian Keyes,Fiction,3.78,
The Bacchae and Other Plays,Euripides;John N. Davie;R. B. Rutherford,Drama,4.13,
The Complete C. S. Lewis Signature Classics,C. S. Lewis,Religion,4.61,
Caesar's Commentaries,Julius Caesar;W. A. MacDevitt;James H. Ford,Biography & Autobiography,4.12,On the Gallic War and on the Civil War
The Man from St. Petersburg,Ken Follett,Fiction,3.87,
Harry Potter and the Chamber of Secrets,J. K. Rowling;Mary GrandPre,Juvenile Fiction,4.41,
Christmas in the Big Woods,Laura Ingalls Wilder,Juvenile Fiction,4.19,
Hoodwinked,Quentin Carter,Fiction,4.43,
Downfall,Jean Rabe,Fiction,3.68,
The Function of Criticism,Terry Eagleton,Philosophy,3.65,
Mind Prey,John Sandford,Fiction,4.21,
The Silent Gondoliers,William Goldman,Fiction,3.8,
The Sea Hunters,Clive Cussler;Craig Dirgo,Fiction,3.82,True Adventures with Famous Shipwrecks
Slouching Toward Nirvana,Charles Bukowski,Poetry,3.99,New Poems
Anna Karenina,Leo Nikolayevich Tolstoy;Leo Tolstoy;Constance Garnett,Fiction,4.04,
To Have and Have Not,Ernest Hemingway,Fiction,3.56,
Poppy's Return,Avi,Juvenile Fiction,3.99,
The Two Towers,John Ronald Reuel Tolkien,Fiction,4.44,Being the Second Part of The Lord of the Rings
Timothy McSweeney's,Dave Eggers,Fiction,3.73,At War for the Foreseeable Future and He's Never Been So Scared
The Fall of a Sparrow,Robert Hellenga,Fiction,3.69,A Novel
Things,Georges Perec;David Bellos,Comics & Graphic Novels,3.98,A Story of the Sixties
Consider the Lobster,David Foster Wallace,Literary Criticism,4.25,And Other Essays
While I Was Gone,Sue Miller,Fiction,3.68,
The Amber Spyglass,Philip Pullman,Juvenile Fiction,4.09,
The Wild Swans,Peg Kerr,Fiction,3.66,
Race of Scorpions,Dorothy Dunnett,Fiction,4.42,
Babbitt,Sinclair Lewis,Fiction,3.66,
Will You Miss Me When I'm Gone?,Mark Zwonitzer;Charles Hirshberg,Biography & Autobiography,4.27,The Carter Family & Their Legacy in American Music
Duel,Richard Matheson,Fiction,4.05,Terror Stories by Richard Matheson
Reluctant Runaway,Jill Elizabeth Nelson,Fiction,3.7,
The Gift of the Magi and Other Short Stories,O. Henry,Fiction,4.14,
The Red Badge of Courage,Stephen Crane,Fiction,3.23,
Crossroads and Other Tales of Valdemar,Mercedes Lackey,Fiction,3.86,
The Best of Wodehouse,Pelham Grenville Wodehouse,Fiction,4.4,An Anthology
The Bridge at Andau,James A. Michener,Fiction,3.94,
Pieces,Stephen Chbosky,Fiction,3.52,
Nightmares and Dreamscapes,Stephen King,Fiction,3.93,
Love You Until...,Lisa McCourt,Religion,4.67,
The Last Temptation of Christ,Nikos Kazantzakis,Fiction,4.16,
Something to Declare,Julia Alvarez,Literary Criticism,3.98,
Death of a Salesman,Gerald Clifford Weales,Drama,3.5,
Points in Time,Paul Bowles,Fiction,3.68,
The Bride Finder,Susan Carroll,Fiction,3.81,
A Dangerous Man,Charlie Huston,Fiction,4.07,
Vampire Hunter D Volume 1,Hideyuki Kikuchi;Yoshitaka Amano;Kevin Leahy,Comics & Graphic Novels,3.98,
The Sun in the Morning,Mary Margaret Kaye,Biography & Autobiography,4.21,My Early Years in India and England
Emma Lazarus,Esther H. Schor,Biography & Autobiography,3.9,
Faking It,Jennifer Crusie,Fiction,3.92,
Three case histories,Sigmund Freud;Philip Rieff,Psychology,3.91,
The 9/11 Commission Report: Final Report of the National Commission on Terrorist Attacks Upon the United States (Authorized Edition),National Commission on Terrorist Attacks;National Commission on Terrorist Attacks upon the United States;United States. National Commission on Terrorist Attacks upon the United States;Govt. Commission Usa;Stany Zjednoczone. National Commission on Terrorist Attacks upon the United States;NORTON & CO.;Stati Uniti d' America. National commission on terrorist attacks upon the United States;USA National Commission on Terrorist Attacks Upon the United States,History,3.59,
Flowers for Algernon,Patrice Cassedy,Fiction,3,
Immortality,Milan Kundera,Fiction,4.13,
The Crack in Space,Philip K. Dick,Fiction,3.46,
A Parchment of Leaves,Silas House,Fiction,4.17,
The Hunters,Claire Messud,Fiction,3.4,Two Short Novels
A Room of One's Own,Virginia Woolf;Susan Gubar,Fiction,4.13,
Images and Symbols,Mircea Eliade,Religion,4.15,Studies in Religious Symbolism
An American Childhood,Annie Dillard,Biography & Autobiography,3.91,
The Dot and the Line,Norton Juster,Humor,4.33,A Romance on Lower Mathematics
Forbidden Love,Kate William;Francine Pascal,Juvenile Fiction,3.33,
The Handmaid's Tale,Margaret Atwood,Fiction,4.09,
The Road to Yesterday,Lucy Maud Montgomery,Juvenile Fiction,3.81,
"Animal, Vegetable, Miracle",Barbara Kingsolver;Camille Kingsolver;Steven L. Hopp,Biography & Autobiography,4.04,A Year of Food Life
American Gospel,Jon Meacham,History,3.79,"God, the Founding Fathers, and the Making of a Nation"
Star Wars,Kristin Lund;Simon Beecroft;Kerrie Dougherty,Fiction,4.3,Complete Locations
White Man's Grave,Richard Dooling,Fiction,3.93,A Novel
The Jennifer Morgue,Charles Stross,Fiction,4.04,
Ovid's Metamorphoses,Ovid,Social Science,4.3,Books 6-10
Selected Poems,E. E. Cummings,Poetry,4.22,
Shattered Mirror,Amelia Atwater-Rhodes,Juvenile Fiction,4.03,
Art of Being,Erich Fromm,Philosophy,4.1,
The Poems of Alexander Pope,Alexander Pope,Poetry,3.95,A One-volume Edition of the Twickenham Text with Selected Annotations
Open House,Jill Mansell,Humor,3.89,
Superman,Mark Waid;Leinil Francis Yu,Comics & Graphic Novels,4.13,Birthright
The Diary of Virginia Woolf,Virginia Woolf,Biography & Autobiography,4.37,1920-1924
The Devil and Miss Prym,Paulo Coelho,Fiction,3.6,A Novel of Temptation
The Chronicles of Riddick,Alan Dean Foster,Fiction,3.95,
The Marriage Lesson,Victoria Alexander,Fiction,3.9,
Do Not Open this Book!,Michaela Muntean,Juvenile Fiction,3.89,
"Moby-Dick, Or, The Whale",Herman Melville,Fiction,3.49,
Five Tʻang poets,David Young,Poetry,4.31,
Politics,Aristotle;Benjamin Jowett;H. W. C. Davis,Science,3.93,
The Odyssey of Homer,Homer,Fiction,3.75,
The Sharpshooter Blues,Lewis Nordan,Fiction,4.15,
Travels in the Scriptorium,Paul Auster,Fiction,3.23,A Novel
The American Flag,Debra Hess,Fiction,4,
"Paris Spleen, 1869",Charles Baudelaire;Charles Pierre Baudelaire,Poetry,4.3,
Hideaway,Dean Ray Koontz,Fiction,3.83,
Sex and the City,Amy Sohn;Sarah Jessica Parker,Fiction,4,Kiss and Tell
The Mantle of Kendis-Dai,Margaret Weis;Tracy Hickman,Fiction,3.61,A Starshield Novel
The Defense,Vladimir Vladimirovich Nabokov;Michael Scammell,Fiction,3.95,A Novel
A Case of Need,Michael Crichton,Fiction,3.7,
How to Read Literature Like a Professor,Thomas C. Foster,Literary Criticism,3.65,a Lively and Entertaining Guide to Reading Between the Lines
My Wicked Pirate,Rona Sharon,Fiction,3.9,
"Ada, Or, Ardor, a Family Chronicle",Vladimir Vladimirovich Nabokov,Fiction,4.14,
The Murder of Roger Ackroyd,Agatha Christie,Fiction,4.23,A Hercule Poirot Mystery
Hard News,Jeffery Deaver,Fiction,3.46,
Long Dark Tea-Time of the Soul,Douglas Adams,Fiction,4.06,
Rain of Gold,Victor Villaseñor,Biography & Autobiography,4.48,
Gold Rage,David Thompson,Fiction,4.29,
Rebecca's Revival,Jon F Sensbach,Biography & Autobiography,3.68,
The Pursuit of the Well-beloved and the Well-beloved,Thomas Hardy,Fiction,3.59,
Transcending the Levels of Consciousness,David R. Hawkins,Religion,4.53,The Stairway of Enlightenment
Player Piano,Kurt Vonnegut,Fiction,3.87,
M is for Mayflower,Margot Theis Raven;Jeannie Brett,Fiction,4,A Massachusetts Alphabet
Lost in the Funhouse,John Barth,Fiction,3.71,"Fiction for Print, Tape, Live Voice"
Love Overboard,Janet Evanovich,Fiction,3.65,
"Richard Brautigan's A Confederate General from Big Sur, Dreaming of Babylon, and The Hawkline Monster",Richard Brautigan,Fiction,4.25,Three Books in the Manner of Their Original Editions
Wolf's Hour,Robert McCammon,Fiction,4.05,
Firefighters in the Dark,Dashka Slater;Nicoletta Ceccoli,Juvenile Fiction,3.62,
Heart of the Sea,Nora Roberts,Fiction,4.15,
Seven Plays,Sam Shepard;Joseph Chaikin,Drama,4.18,
The Tale of the Unknown Island,José Saramago,Fiction,3.89,
Double Dealer,Max Allan Collins,Fiction,3.65,
The Christians and the Fall of Rome,Edward Gibbon,History,3.57,
Shampoo Planet,Douglas Coupland,Fiction,3.5,
Awakening the Buddha Within,Surya Das;Lama Surya Das,Philosophy,4.2,
The Lighthouse Land,Adrian McKinty,Juvenile Fiction,3.6,
The Physician,Noah Gordon,Fiction,4.37,
Robot Adept,Piers Anthony,Fiction,3.78,
The Odyssey,Homer;George Herbert Palmer,Poetry,3.75,
Paint it Black,Janet Fitch,Fiction,3.48,A Novel
How the Irish Saved Civilization,Thomas Cahill,History,3.81,The Untold Story of Ireland's Heroic Role from the Fall of Rome to the Rise of Medieval Europe
The Pound Era,Hugh Kenner,Literary Criticism,4.39,
Feeding the Future,Andrew Heintzman;Evan Solomon,Social Science,3.5,"From Fat to Famine, How to Solve the World's Food Crises"
Serenissima,Erica Jong,Fiction,3.26,
A Darkness at Sethanon,Raymond E. Feist,Fiction,4.19,
Welcome to Temptation,Jennifer Crusie,Fiction,3.95,
Pirates of the Caribbean: The Coming Storm - Jack Sparrow Book #1,Rob Kidd,Juvenile Fiction,3.83,Junior Novel
"The Poet, the Warrior, the Prophet",Rubem A. Alves,Religion,4.43,
Yon Ill Wind,Piers Anthony,Fiction,3.75,A Xanth Novel
My Century,Günter Grass,History,3.45,
This Rough Magic,Mercedes Lackey;Eric Flint;Dave Freer,Fiction,3.85,
Bitten,Kelley Armstrong,Fiction,4.05,
The Cobweb,Neal Stephenson;J. Frederick George,Fiction,3.61,
Leadership through the ages,Rudolph W. Giuliani,Biography & Autobiography,3.95,a collection of favorite quotations
Brian's Winter,Gary Paulsen,Juvenile Fiction,4.01,
Of Tender Sin,David Goodis,Fiction,3.69,
"Eat, Pray, Love",Elizabeth Gilbert,Biography & Autobiography,3.54,"One Woman's Search for Everything Across Italy, India, and Indonesia"
The Days Are Just Packed,Bill Watterson,Humor,4.69,
Dragon's Gate,Laurence Yep,Juvenile Fiction,3.67,Golden Mountain Chronicles: 1867
"What a Scare, Jesse Bear",Nancy White Carlstrom,Juvenile Fiction,3.47,
Three Complete Novels,Lloyd Alexander,Juvenile Fiction,4.24,A Lloyd Alexander Collection
Runaway Bride,Deborah Gordon,Fiction,4.25,
Roughing It,Mark Twain,Fiction,3.9,
The Mind's I,Douglas R. Hofstadter;Daniel Clement Dennett,Philosophy,4.14,Fantasies and Reflections on Self and Soul
The Autograph Man,Zadie Smith,Fiction,3.15,A Novel
The White Masai,Corinne Hofmann,Biography & Autobiography,3.43,
Four Stupid Cupids,Gregory Maguire,Juvenile Fiction,3.52,
Blink,Ted Dekker,Fiction,4.17,
Vulcan's Forge,Jack Du Brul,Fiction,3.99,
Orion,Ben Bova,Fiction,3.71,A Novel
Pandora's Curse,Jack Du Brul,Fiction,4.17,
My Sweet-orange Tree,José Mauro de Vasconcelos,Fiction,4.39,
A Routledge Literary Sourcebook on Herman Melville's Moby-Dick,Michael J. Davey,Literary Criticism,3.61,
Thriller,James Patterson,Fiction,3.5,
Joy in the Morning,Betty Smith,Fiction,3.9,
Harry Potter and the Prisoner of Azkaban (Book 3),"Rowling, J.K.",Juvenile Fiction,4.55,
The Stone Diaries,Carol Shields,Fiction,3.86,
CliffsNotes on Tolstoy's Anna Karenina,Marianne Sturman,Literary Criticism,3.89,
On Basilisk Station,David Weber,Fiction,4.13,
Murder in the Bastille,Cara Black,Fiction,3.73,
Strange Attractors,William Sleator,Juvenile Fiction,3.71,
River of Ruin,Jack Du Brul,Fiction,4.19,
Liar's Poker,Michael M. Lewis,Biography & Autobiography,4.15,Rising Through the Wreckage on Wall Street
Factotum tie-in,Charles Bukowski,Fiction,3.96,
Collected Children's Stories,Sylvia Plath,Poetry,4.22,
Jinx High,Mercedes Lackey,Fiction,3.82,A Diana Tregarde Investigation
Rape,Joyce Carol Oates,Fiction,3.56,A Love Story
The Barrytown Trilogy,Roddy Doyle,Fiction,4.28,
Journey Into Fear,Eric Ambler,Fiction,3.92,
"The Foundations of Early Modern Europe, 1460-1559",Eugene F. Rice;Anthony Grafton,History,3.67,
Batman Gothic,Grant Morrison;Klaus Janson,Comics & Graphic Novels,3.79,
America Alone,Mark Steyn,Science,4.14,The End of the World As We Know It
The World's Religions,Huston Smith,History,4.07,Our Great Wisdom Traditions
Notre-Dame de Paris,Victor Hugo;John Sturrock,Fiction,3.99,
Liars and Saints,Maile Meloy,Fiction,3.59,A Novel
Swell Foop,Piers Anthony,Fiction,3.78,
The Diablo: The Sin War #1: Birthright,Richard A. Knaak,Fiction,3.74,Birthright
"Remembrance of Things Past, Part 2",Stéphane Heuet;Marcel Proust;Stanislas Brézet,Comics & Graphic Novels,4.03,Within a Budding Grove
Dream Country,Neil Gaiman;Kelley Jones;Charles Vess,Comics & Graphic Novels,4.24,
A Pinch of Snuff,Reginald Hill,Fiction,3.85,
Justine,Lawrence Durrell,Fiction,3.9,
Where Are the Children?,Mary Higgins Clark,Fiction,4.02,
Mr. Maybe,Jane Green,Fiction,3.44,
Baby Einstein: Dogs,Julie Aigner-Clark,Juvenile Fiction,3.81,
The Throne of the Third Heaven of the Nations Millennium General Assembly,Denis Johnson,Poetry,4.16,Poems Collected and New
The Mammoth Book of Golden Age Science Fiction,Isaac Asimov;Charles G. Waugh;Martin Harry Greenberg,Fiction,3.91,
Divine Filth,Georges Bataille,Fiction,3.93,Lost Scatology and Erotica
Courageous Faith Through the Year,Bill Hybels,Religion,3.5,
Quimby the Mouse,Chris Ware,Comics & Graphic Novels,4.09,
The Son Avenger,Sigrid Undset,Fiction,4.39,
The Authority,Warren Ellis;Bryan Hitch;Mark Millar;Frank Quitely,Science,4.16,Under New Management
Private Parts,Howard Stern;John D. Simons,Biography & Autobiography,3.76,
The Mystery of the Brass Bound Trunk,Carolyn Keene,Fiction,3.89,
A Year in Provence,Peter Mayle,Biography & Autobiography,3.96,
The Sunset Limited,Cormac McCarthy,Drama,3.96,A Novel in Dramatic Form
The Bluest Eye,Toni Morrison,Fiction,4,
The Secret School,Avi,Juvenile Fiction,3.78,
River of Shadows,Rebecca Solnit,Biography & Autobiography,4.14,Eadweard Muybridge and the Technological Wild West
Star Trek: The Next Generation: Nightshade,Laurell K. Hamilton,Fiction,3.48,
Passage,Connie Willis,Fiction,3.69,
Body Double,tess girritsen,Fiction,4.18,
LOVE MODE Volume 5: (Yaoi),Yuki Shimizu,Comics & Graphic Novels,4.32,
What We Talk about when We Talk about Love,Raymond Carver,Fiction,4.18,Stories
The Annotated Lolita,Владимир Владимирович Набоков;Vladimir Vladimirovich Nabokov,Fiction,3.89,
Three Complete Novels,Dean Ray Koontz,Fiction,4.17,
Gifted Hands,Ben Carson;Cecil B. Murphey,Biography & Autobiography,4.21,The Ben Carson Story
Harvest,Tess Gerritsen,Fiction,4.1,
The Waste Lands,Stephen King,Fiction,4.24,
Virgin,James Patterson,Fiction,3.86,
Zora Neale Hurston,Robert E. Hemenway,Biography & Autobiography,4.11,A Literary Biography
The Stephen King Universe,Stanley Wiater;Christopher Golden;Hank Wagner,Literary Criticism,4.14,The Guide to the Worlds of the King of Horror
Mother Maria Skobtsova,Mariia,Biography & Autobiography,4.31,Essential Writings
The Secret Seven,Enid Blyton,Fiction,3.86,
Arkham Asylum,Grant Morrison;Dave McKean,Comics & Graphic Novels,4.1,A Serious House on Serious Earth
No More Dead Dogs,Gordon Korman,Drama,3.71,
Neuromancer,William Gibson,Fiction,3.89,
The Last Assassin,Barry Eisler,Fiction,4.25,
Mission of Honor,Tom Clancy;Steve Pieczenik;Jeff Rovin,Fiction,3.9,
Flowers for Algernon,Daniel Keyes,Fiction,4.11,
On the Road to Perdition,Max Allan Collins;Jose Luis Garcia-Lopez,Comics & Graphic Novels,3.54,Oasis
A Saucer of Loneliness,Theodore Sturgeon,Fiction,4.41,
Edith Wharton's The Age of Innocence,Harold Bloom,Fiction,3.71,
Flatland,Edwin Abbott Abbott,Fiction,3.82,A Romance of Many Dimensions
Original Sin,Henri Blocher,Religion,3.67,Illuminating the Riddle
Shadow of the Almighty,Elisabeth Elliot,Religion,4.39,The Life and Testament of Jim Elliot
"James Tiptree, Jr.",Julie Phillips,Biography & Autobiography,4.24,The Double Life of Alice B. Sheldon
"V.S. Naipaul, Second Edition",Bruce King,Literary Criticism,2,
The World of Jules Verne,Gonzague Saint Bris,Fiction,3.5,
The Shadow Rising,Robert Jordan,Fiction,4.23,Book Four of 'The Wheel of Time'
Complete Short Stories,Graham Greene,Fiction,4.16,
The Noonday Demon,Andrew Solomon,Psychology,4.17,An Atlas of Depression
Ilse Witch,Terry Brooks,Fiction,3.96,
Something Fishy at Macdonald Hall,Gordon Korman,Juvenile Fiction,4.04,
A Christmas Carol and the Night Before Christmas,Charles Dickens;Arthur Rackham;Clement Clarke Moore,Fiction,4.33,
The Duplicate,William Sleator,Juvenile Fiction,3.68,
A Mistress For The Taking,Annie West,Fiction,3.42,
After the Mourning,Barbara Nadel,Fiction,3.4,
"The Adventures of Tom Sawyer, And, Adventures of Huckleberry Finn",Mark Twain,Fiction,4.08,
Iron Kingdom,"Christopher M. Clark;University Christopher Clark, MD",History,4.14,"The Rise and Downfall of Prussia, 1600-1947"
Topsail Island,Ray McAllister,History,3.92,Mayberry by the Sea
The Miraculous Journey of Edward Tulane,Kate DiCamillo,Juvenile Fiction,4.36,
Pirates of the Caribbean: The Siren Song - Jack Sparrow Book #2,Rob Kidd,Juvenile Fiction,3.86,Junior Novel
The Grotesque,Patrick McGrath,Fiction,3.63,A Novel
Cuba,Richard Gott,History,4.06,A New History
First Love and Other Stories,Ivan Sergeevich Turgenev,Fiction,4.12,
The Summit,Gordon Korman,Juvenile Fiction,3.96,
The Milagro Beanfield War,John Nichols,Fiction,4.09,A Novel
The Princess Bride,William Goldman,Fiction,4.26,S. Morgenstern's Classic Tale of True Love and High Adventure
Effigies,Mary Anna Evans,Fiction,4.02,A Faye Longchamp Mystery
The King in the Window,Adam Gopnik,Juvenile Fiction,3.62,
Paradise Reclaimed,Halldor Kiljan Laxness,Fiction,3.79,
Song of Solomon,Toni Morrison,Fiction,4.04,
Ghost Ship,Mary Higgins Clark,Juvenile Fiction,3.73,
Every Tongue Got to Confess,Zora Neale Hurston,Literary Criticism,3.98,Negro Folk-tales from the Gulf States
Shadowland,Peter Straub,Fiction,3.91,
Love Poems,Nikki Giovanni,Poetry,4.27,
Mansfield Park,Jane Austen,Literary Criticism,3.85,
Trials of Tears,John Ehle,History,4.15,The Rise and Fall of the Cherokee Nation
Leaves of Grass,Walt Whitman,Poetry,4.12,1855 Edition
The Portrait of a Lady,Henry James,Fiction,3.77,
Summer of the Monkeys,Wilson Rawls,Juvenile Fiction,4.03,
"Flow My Tears, the Policeman Said",Philip K. Dick,Psychology,3.93,
Critique of Pure Reason,Immanuel Kant;J. M. D. Meiklejohn,Philosophy,3.94,
Intensity,Dean Ray Koontz,Fiction,4.04,
From Hinton to Hamlet,Sarah K. Herz;Donald R. Gallo,Literary Criticism,4.01,Building Bridges Between Young Adult Literature and the Classics
Amelia Bedelia Helps Out,Peggy Parish,Juvenile Fiction,4.25,
Longitude,Dava Sobel;Neil Armstrong,Science,3.96,The True Story of a Lone Genius Who Solved the Greatest Scientific Problem of His Time
Quicksilver,Neal Stephenson,Fiction,3.93,Volume One of the Baroque Cycle
Manhunting,Jennifer Crusie,Fiction,3.77,
The Love Artist,Valerie Parv,Fiction,3.25,
Season of Mists,Neil Gaiman;Kelley Jones,Comics & Graphic Novels,4.54,
The Dead Zone,Stephen King,Fiction,3.92,
Warrior of the Light,Paulo Coelho,Fiction,3.7,A Manual
Goddess of Love,P. C. Cast,Fiction,4.05,
Guardians of Ga'hoole,Kathryn Lasky,Juvenile Fiction,4.25,"The Capture, the Journey, the Rescue, & the Siege"
Lincoln,Gore Vidal,Fiction,4.2,
Falling Up,Shel Silverstein,Fiction,4.34,Poems and Drawings
The Fall,Albert Camus,Fiction,4.05,
The Names,Don DeLillo,Fiction,3.64,
The Laws of Our Fathers,Scott Turow,Fiction,3.75,
So Far from God,John S. D. Eisenhower,History,3.93,"The U.S. War with Mexico, 1846-1848"
Master of the Night,Angela Knight,Fiction,3.88,
The Complete Works of Aristotle,Aristotle,Philosophy,4.43,The Revised Oxford Translation
He Sees You When You're Sleeping,Mary Higgins Clark;Carol Higgins Clark,Fiction,3.79,A Novel
India Song,Marguerite Duras,Drama,3.61,
Lord of Chaos,Robert Jordan,Fiction,4.12,Book Six of 'The Wheel of Time'
Dead Famous,Ben Elton,Fiction,3.64,
Shout!,Philip Norman,Biography & Autobiography,4.03,The Beatles in Their Generation
Bras & Broomsticks,Sarah Mlynowski,Juvenile Fiction,3.72,
Breaking Free from Compulsive Eating,Geneen Roth,Self-Help,4.01,
The Riverside Shakespeare,William Shakespeare;Gwynne Blakemore Evans;Irving Babbitt Professor of Comparative Literature Harry Levin;Herschel Baker;J. J. M. Tobin;Anne Barton;Heather Dubrow;William T. Liston;Frank Kermode;Harry Levin;Marie Edel;Hallet Smith;Charles H. Shattuck,Drama,4.55,
Norse Mythology,John Lindow,Fiction,4.1,"A Guide to Gods, Heroes, Rituals, and Beliefs"
Leviathan,Thomas Hobbes;Edwin M. Curley,Philosophy,3.69,With Selected Variants from the Latin Edition of 1668
In the Heart of the Sea,Nathaniel Philbrick,History,4.16,The Tragedy of the Whaleship Essex
For a Few Demons More,Kim Harrison,Fiction,4.33,
My Perfect Life,Dyan Sheldon,Juvenile Fiction,3.32,
The Greek Islands,Lawrence Durrell,Biography & Autobiography,3.9,
The Sound and the Fury,William Faulkner,Fiction,3.86,
Elphame's Choice,P. C. Cast,Fiction,4.02,
The Crying of Lot 49,Thomas Pynchon,Fiction,3.7,
Emma,Jane Austen,Fiction,3.99,
No Country for Old Men,Cormac McCarthy,Fiction,4.13,
Hidden Talents,David Lubar,Juvenile Fiction,3.93,
Paradise Lost,John Milton,Literary Criticism,3.81,"Authoritative Text, Sources and Backgrounds, Criticism"
The Good Earth,Pearl S. Buck;Stephanie Reents,Fiction,3.98,
The Bookseller of Kabul,Asne Seierstad,Biography & Autobiography,3.77,
King Dork,Frank Portman,Juvenile Fiction,3.56,
Ariadne's Web,Fred Saberhagen,Fiction,3.68,
Dinner With A Perfect Stranger,David Gregory,Fiction,3.98,An Invitation Worth Considering
The Gun Seller,Hugh Laurie,Fiction,3.68,
Bored of the Rings,Henry Beard;Harvard Lampoon;Douglas C. Kenney,Fiction,3.12,A Parody of J.R.R. Tolkien's The Lord of the Rings
The Sillymarillion,D. R. Lloyd,Fiction,3.65,An Unauthorized Parody of J. R. R. Tolkien's Classic the Silmarillion
Living with Passion and Purpose,Elizabeth George,Religion,3.96,
The Whipping Boy,Sid Fleischman,Juvenile Fiction,3.56,
The Edge of Honor,P. T. Deutermann,Fiction,3.96,
"Iphigenia, Phaedra, Athaliah",Jean Racine,Drama,3.85,
Death of a Snob,M. C. Beaton,Fiction,3.78,
The Annotated Uncle Tom's Cabin,Harriet Beecher Stowe;Professor Harriet Beecher Stowe,Fiction,3.86,
Vanish,Tess Gerritsen,Fiction,4.12,A Novel
Americana,Don DeLillo,Fiction,3.43,Don DeLillo
Fullmetal Alchemist: The Abducted Alchemist (Novel),Hiromu Arakawa,Juvenile Fiction,4.57,
The Princess Diaries,Meg Cabot,Juvenile Fiction,3.78,
A Short History of Nearly Everything,Bill Bryson,Science,4.2,
Alice's Adventures in Wonderland,Lewis Carroll,Juvenile Fiction,4.01,
My Movie Business,John Irving,Biography & Autobiography,3.33,A Memoir
Selected Poems of Herman Melville,Herman Melville,Poetry,3.82,
Enzyme-Catalyzed Synthesis of Polymers,Shiro Kobayashi;Helmut Ritter;David Kaplan,Science,0,
Daniel Deronda,George Eliot,Fiction,3.83,
Candide and Other Stories,Voltaire,Fiction,3.94,
Dragonfly in Amber,Diana Gabaldon,Fiction,4.32,
Kid Eternity,Grant Morrison;Duncan Fegredo,Comics & Graphic Novels,3.4,
Selections from Homer's Iliad,Homer,Literary Criticism,4.39,"With an Introduction, Notes, a Short Homeric Grammar, and a Vocabulary"
To Green Angel Tower,Tad Williams,Fiction,4.2,
The Aviators,W. E. B. Griffin,Fiction,4.24,
Lori's Little Secret,Christine Rimmer,Fiction,3.73,
Light in August,William Faulkner,Fiction,3.94,
The Death of Ivan Ilyich and Other Stories,Leo Tolstoy,Fiction,4.1,
The Statue of Liberty,Debra Hess,History,4,
Journals of Ayn Rand,Ayn Rand;Leonard Peikoff;David Harriman,Biography & Autobiography,3.95,
Trauma,Graham Masterton,Fiction,3.54,
Cat on the Edge,Shirley Rousseau Murphy,Fiction,3.9,A Joe Grey Mystery
Little Women ; Little Men ; Jo's Boys,Louisa May Alcott;Elaine Showalter,Fiction,4.31,
"Maggie, a Girl of the Streets, and Other Tales of New York",Stephen Crane,Fiction,3.66,
Hear the Wind Blow,Mary Downing Hahn,Juvenile Fiction,4.05,
The Girl in the Glass,Jeffrey Ford,Fiction,3.72,A Novel
Age of Iron,J. M. Coetzee,Fiction,3.85,
Six Characters in Search of an Author and Other Plays,Luigi Pirandello,Drama,3.95,
A Kin of Homecoming,Brian Azzarello;Marcelo Frusin,Fiction,3.32,
Good Fight,Judd Winick;Matthew Clark,Juvenile Fiction,0,
Macbeth,William Shakespeare,Fiction,3.89,
Finding time again,Marcel Proust,Fiction,4.48,
Dr. Jekyll and Mr. Hyde,Robert Louis Stevenson;Vladimir Vladimirovich Nabokov,Fiction,3.8,
Heaven to Betsy,Maud Hart Lovelace,Juvenile Fiction,4.29,
The Tristan Betrayal,Robert Ludlum,Fiction,3.83,
Code Word Kangaroo,George Edward Stanley,Juvenile Fiction,4.33,
Motor Mouth,Janet Evanovich,Fiction,3.67,
Naked Came the Manatee,Carl Hiaasen;Dave Barry;Elmore Leonard,Fiction,3.49,
Shattered Sword,Jonathan B. Parshall;Anthony P. Tully,History,4.4,The Untold Story of the Battle of Midway
The Big Box,Toni Morrison;Slade Morrison,Juvenile Fiction,3.95,
Love and War,Margaret Weis;Tracy Hickman,Fiction,3.88,
Aesop's Fables,Laura Gibbs,Fiction,4.05,
An Original Sin,Nina Bangs,Fiction,3.75,
The Lighthouse,P. D. James,Fiction,3.81,
Shade's Children (rack),Garth Nix,Juvenile Fiction,3.9,
"Farewell, My Lovely",Raymond Chandler,Fiction,4.15,
The Sleeping Doll,Jeffery Deaver,Fiction,3.93,
Temptations,Otis Williams;Patricia Romanowski;Patricia Romanowski Bashe,Biography & Autobiography,4.13,
Sophocles: the Theban Plays,Sophocles,Drama,3.97,
Pretty Things,Liz Goldwyn,Biography & Autobiography,4.31,The Last Generation of American Burlesque Queens
A break with charity,Ann Rinaldi,Humor,3.79,a story about the Salem witch trials
The Price of the Ticket,James Baldwin,Literary Criticism,4.7,"Collected Nonfiction, 1948-1985"
The Last Lion,William Manchester,Biography & Autobiography,4.43,"Winston Spencer Churchill - Visions of Glory, 1874-1932"
Moon in a Dewdrop,Dōgen;Zen Master Dogen,Philosophy,4.29,Writings of Zen Master Dogen
Restless Till We Rest in You,"Saint Augustine, Bishop of Hippo;Thomas Paul Thigpen",Religion,4.67,60 Reflections from the Writings of St. Augustine
J.D. Salinger's The Catcher in the Rye,Harold Bloom,Fiction,3.58,
"Where We Are, what We See",David Levithan,Fiction,3.73,The Best Young Artists and Writers in America : a Push Anthology
The Illustrated on the Shoulders of Giants,Stephen W. Hawking,Science,4.2,The Great Works of Physics and Astronomy
Drum Calls,Jo Clayton,Fiction,3.68,
Giovanni and Lusanna,Gene Brucker,History,3.56,Love and Marriage in Renaissance Florence
The Fabric of the Cosmos,Brian Greene,Science,4.12,"Space, Time and the Texture of Reality"
Desolation Angels,Jack Kerouac,Fiction,3.92,
You Shall Know Our Velocity,Dave Eggers,Fiction,3.63,
Playing in the Dark,Toni Morrison,Literary Criticism,4.22,Whiteness and the Literary Imagination
Diary of a Spider,Doreen Cronin,Juvenile Fiction,4.25,
Night of the Fox,Jack Higgins,Fiction,3.91,
The Bonesetter's Daughter,Amy Tan,Fiction,3.98,
A History of Modern Psychology,Duane Schultz;Sydney Schultz,Psychology,3.85,
60 Million Frenchmen Can't be Wrong,Jean-Benoît Nadeau;Julie Barlow,Social Science,3.74,
The Jew of Malta,Christopher Marlowe;Havelock Ellis,Drama,3.61,
I Love Saturdays y domingos,Alma Flor Ada,Juvenile Fiction,4.03,
Treasure Island,Robert Louis Stevenson,Juvenile Fiction,3.83,
Jailbird,Kurt Vonnegut,Fiction,3.81,
The War of Art,Steven Pressfield,Self-Help,4.02,Break Through the Blocks and Win Your Inner Creative Battles
The Last Herald-mage,Mercedes Lackey,Fiction,4.48,
Mary Anne and the Little Princess,Ann M. Martin,Juvenile Fiction,3.58,
"Aeschylus, 2",Aeschylus,Drama,4.1,"The Persians, Seven Against Thebes, The Suppliants, Prometheus Bound"
The Sly Spy,Marjorie Weinman Sharmat,Juvenile Fiction,3.79,
Bad Astronomy,Philip C. Plait,Science,4.04,"Misconceptions and Misuses Revealed, from Astrology to the Moon Landing ""Hoax"""
Hunger,Lan Samantha Chang,Fiction,3.89,a novella and stories
Robinson Crusoe,Daniel Defoe,Juvenile Fiction,3.67,
The Toy Maker,Anthony McReavy,Biography & Autobiography,3,The Life and Times of Inventor Frank Hornby
Einstein's 1912 manuscript on the special theory of relativity,Albert Einstein,Biography & Autobiography,4.41,
The Dharma Bums,Jack Kerouac,Fiction,3.93,
New Amazons,Margaret Weis,Fiction,3.55,
The Blazing Center Study Guide,John Piper;Desiring God,Religion,4.28,The Soul-Satisfying Supremacy of God in All Things
Female Chauvinist Pigs,Ariel Levy,Social Science,3.68,Women and the Rise of Raunch Culture
Beloved,Toni Morrison,Fiction,3.81,A Novel
Indecision,Benjamin Kunkel,Fiction,2.86,
The voyage of the Dawn Treader,Clive Staples Lewis,Juvenile Fiction,4.09,
Beauty's Punishment,A. N. Roquelaure;Anne Rice,Fiction,3.62,
The Big Book of Boy Stuff,Bart King,Fiction,4.24,
"Evelina, Or, The History of a Young Lady's Entrance Into the World",Fanny Burney,Fiction,3.66,
Voyager,Diana Gabaldon,Fiction,4.39,
The Voices of Morebath,Eamon Duffy,History,3.7,Reformation and Rebellion in an English Village
Three Complete Novels,Sandra Brown,Fiction,4.21,
Looking for God in Harry Potter,John Granger,Literary Criticism,4.13,
The Making of the Fittest,Sean B. Carroll,Science,4.07,DNA and the Ultimate Forensic Record of Evolution
Star Wars: Clone Wars Volume 1 - The Defense of Kamino,Haden Blackman;John Ostrander;Scott Allie; Jan Duursema; Stephen Thompson; Tomas Giorello; Dan Parsons; Ray Krissing,Comics & Graphic Novels,3.85,
The Rainmaker,John Grisham,Fiction,3.93,
King Lear,William Shakespeare,Fiction,3.9,
Hawkes Harbor,S. E. Hinton,Fiction,3.13,
Baby's Alphabet,Jean Marzollo,Fiction,3.75,
The Valentine Legacy,Catherine Coulter,Fiction,3.88,
The Fourth Hand,John Irving,Fiction,3.31,
Master of the Moon,Angela Knight,Fiction,4.13,
The Big Over Easy,Jasper Fforde,Fiction,3.93,A Nursery Crime
Sideways,Rex Pickett,Fiction,3.69,A Novel
The Bone Collector,Jeffery Deaver,Fiction,4.19,
The Lovely Bones,Alice Sebold,Fiction,3.79,
Sabbath's Theater,Philip Roth,Fiction,3.85,
The Picture of Dorian Gray,Oscar Wilde,Fiction,4.07,
Sentimental Education,Gustave Flaubert;Robert Baldick;Geoffrey Wall,Fiction,3.83,
Henry VIII,Alison Weir,Biography & Autobiography,4.17,The King and His Court
Mrs. Dalloway,Virginia Woolf,Fiction,3.79,
Bakkhai,Euripides;Reginald Gibbons;Charles Segal,Drama,3.86,
Merrick,Anne Rice,Fiction,3.72,A Novel
The Flash,Mark Waid;Humberto Ramos,Juvenile Fiction,3.93,Dead Heat
The Cloud Atlas,Liam Callanan,Fiction,3.37,
Approaches to Teaching Atwood's The Handmaid's Tale and Other Works,Sharon Rose Wilson;Thomas B. Friedman;Shannon Eileen Hengen,Literary Criticism,3.75,
A Midsummer Night's Dream,William Shakespeare,Drama,3.94,
Virtual Vandals,Tom Clancy;Steve R. Pieczenik;Diane Duane,Fiction,4,
Vernon God Little,D. B. C. Pierre,Humor,3.59,A 21st Century Comedy in the Presence of Death
Peony in Love,Lisa See,Fiction,3.6,A Novel
Charlotte's Web Signature Edition,E. B. White,Juvenile Fiction,4.16,
Sanctuary,William Faulkner,Fiction,3.64,The Corrected Text
Treatise on Happiness,Saint Thomas (Aquinas);Thomas Aquinas,Philosophy,3.84,
City Eclogue,Ed Roberson,Social Science,4.14,
Goddess of Spring,P. C. Cast,Fiction,4.22,
Reckless Love,Elizabeth Lowell,Fiction,3.78,
Triax,Robert Silverberg,Science,3.69,"Three Original Novellas by James Gunn, Keith Roberts [and] Jack Vance"
Spellbound,Jane Green,Fiction,3.63,
Chemistry and Other Stories,Ron Rash,Fiction,4.19,
Rabouilleuse,Honoré de Balzac,Fiction,3.98,
The Corner,David Simon;Edward Burns,Social Science,4.42,A Year in the Life of an Inner-city Neighborhood
Sailing Alone Around the Room,Billy Collins,Poetry,4.23,New and Selected Poems
The Scarlet Letter And Other Writings,Nathaniel Hawthorne,Fiction,3.63,"Authoritative Texts, Contexts, Criticism"
The Stone Fey,Robin McKinley,Juvenile Fiction,3.35,
Crescent and Star,Stephen Kinzer,History,3.83,Turkey Between Two Worlds
Mission to Moulokin,Alan Dean Foster,Fiction,3.86,
Full House,Stephen Jay Gould,Science,3.95,The Spread of Excellence from Plato to Darwin
Collected Short Stories,Graham Greene,Fiction,3.97,
The Truelove Bride,Shana Abé,Fiction,3.66,
The Art of Listening,Erich Fromm,Philosophy,4.09,
How to Save Your Own Life,Erica Jong,Fiction,3.6,
The Science Book,Peter Tallack,Science,4.05,
The Scarpetta Collection Volume II,Patricia Cornwell,Fiction,4.15,All That Remains and Cruel & Unusual
The Fairy Tales of Hermann Hesse,Hermann Hesse,Fiction,3.99,
Band of Brothers,Stephen E. Ambrose,History,4.43,"E Company, 506th Regiment, 101st Airborne from Normandy to Hitler's Eagle's Nest"
The Man Who Loved Jane Austen,Sally Smith O'Rourke,Fiction,3.37,
"I, Robot",Isaac Asimov,Fiction,4.19,
The QPB companion to The Lord of the rings,Brandon Geist,Fiction,3.31,
The bonfire of the vanities,Tom Wolfe,Fiction,3.84,
The Big Money,John Dos Passos,Fiction,4.04,
River of Blue Fire,Tad Williams,Fiction,4.01,
SantaKid,James Patterson,Juvenile Fiction,3.89,
"Lies, Inc",Philip K. Dick,Fiction,3.17,
Underworld,Jude Watson,Juvenile Fiction,3.96,
In Search of Captain Zero,Alan C. Weisbecker,Biography & Autobiography,4.15,
Bitter is the New Black,Jen Lancaster,Biography & Autobiography,3.9,"Confessions of a Condescending, Egomaniacal, Self-centered Smart-ass, Or, why You Should Never Carry a Prada Bag to the Unemployment Office : a Memoir"
Anton Chekhov's Short Stories,Anton Pavlovich Chekhov;Ralph E. Matlaw,Fiction,4.35,"Texts of the Stories, Backgrounds, Criticism"
Enchantress from the Stars,Sylvia Louise Engdahl,Juvenile Fiction,3.94,
Line of Control,Jeff Rovin;Steve R. Pieczenik,Fiction,3.85,
Gloriana,Michael Moorcock,Fiction,3.64,
The Genome War,James Shreeve,Science,3.81,How Craig Venter Tried to Capture the Code of Life and Save the World
The Hemingway Women,Bernice Kert,Biography & Autobiography,4.17,
The Truth of the Matter,Robb Forman Dew,Fiction,3.06,
SPQR VI: Nobody Loves a Centurion,John Maddox Roberts,Fiction,4.13,
The Farming of Bones,Edwidge Danticat,Fiction,4.07,A Novel
Early Greek Philosophy,Jonathan Barnes,Philosophy,4.09,
The Man who Watched Trains Go by,Georges Simenon;Marc Romano;Douglas Thin,Fiction,3.85,
Medea,Robinson Jeffers,Drama,4.2,
CliffsComplete The Scarlet Letter,Nathaniel Hawthorne,Fiction,3.39,
Aristotle's Nicomachean Ethics,Aristotle;Hippocrates George Apostle,Philosophy,3.93,
The Tragedy of King Lear,William Shakespeare;Jay L. Halio,Drama,3.9,
Making a Change for Good,Cheri Huber,Philosophy,3.92,A Guide to Compassionate Self-discipline
Three Terrifying Bestselling Novels,John Saul,Fiction,4.5,
The Queen of Attolia,Megan Whalen Turner,Fiction,0,
Four Novels,Charles Dickens,Fiction,4.29,
Waiting for My Cats to Die,Stacy Horn,Biography & Autobiography,3.67,A Memoir
The Hamlet,William Faulkner,Fiction,3.87,The Corrected Text
Pebble in the Sky,Isaac Asimov,Fiction,3.88,
Dark Lord of Derkholm,Diana Wynne Jones,Fiction,4.12,
Anthonology,Piers Anthony,Fiction,3.64,
Strangers from a Different Shore,Ronald Takaki,History,4.12,A History of Asian Americans Au of...
Children of Húrin,John Ronald Reuel Tolkien,Fiction,3.97,
The Mediator #4: Darkest Hour,Meg Cabot,Juvenile Fiction,4.17,
The Simple Truth,Philip Levine,Poetry,4.22,Poems
The Star-Spangled Banner,Debra Hess,Fiction,4,
The People of Sparks,Jeanne DuPrau,Juvenile Fiction,3.66,
Beowulf,Robert Nye,Fiction,3.49,a new telling
The Brothers Karamazov,Fyodor Dostoyevsky,Fiction,4.32,
Desire and Duty,Teddy F. Bader;Marilyn Bader,Fiction,2.85,A Sequel to Jane Austen's Pride and Prejudice
When the Wind Blows,James Patterson,Fiction,3.92,
The War,Marguerite Duras,Biography & Autobiography,3.85,A Memoir
Screwjack,Hunter S. Thompson,Fiction,3.57,A Short Story
Forever After,Roger Zelazny,Fiction,3.71,
An Armory of Swords,Fred Saberhagen,Fiction,3.79,
"In the Land of Time, and Other Fantasy Tales",Edward John Moreton Drax Plunkett Baron Dunsany,Fiction,4.12,
Past Mortem,Ben Elton,Fiction,3.74,
Letters to Children,Clive Staples Lewis,Religion,4.18,
SeinLanguage,Jerry Seinfeld,Humor,3.63,
Pirates of the Caribbean: Age of Bronze - Jack Sparrow #5,Rob Kidd,Juvenile Fiction,4.05,
The Gate of Fire,Thomas Harlan,Fiction,3.58,
Runaways,V.C. Andrews,Fiction,3.77,
Self-made Man,Norah Vincent,Social Science,3.32,One Woman's Journey Into Manhood and Back Again
Gulliver's Travels,Jonathan Swift;Claude Rawson;Ian Higgins,Fiction,3.56,
Spandau,Albert Speer,History,4.12,The Secret Diaries
Dark Lover,J. R. Ward,Fiction,4.2,A Novel of the Black Dagger Brotherhood
Call It Sleep,Henry Roth,Fiction,3.83,A Novel
Homage to Catalonia,George Orwell,History,4.15,
In Harm's Way,Doug Stanton,History,4.28,The Sinking of the U.S.S. Indianapolis and the Extraordinary Story of Its Survivors
October Light,John Gardner,Fiction,3.88,
"Breath, Eyes, Memory",Edwidge Danticat,Fiction,3.87,
The Truth,Terry Pratchett,Drama,4.28,Stage Adaptation
You Can Draw Star Wars,Bonnie Burton,Fiction,4.04,
Lady of Quality,Georgette Heyer,Fiction,3.87,
Cat Breaking Free,Shirley Rousseau Murphy,Fiction,4.2,A Joe Grey Mystery
"The Magic Orange Tree, and Other Haitian Folktales",Diane Wolkstein;Elsa Henriquez,Fiction,4.16,
Brave New World and Brave New World Revisited,Aldous Huxley,Fiction,4.16,
Evolution and the Theory of Games,John Maynard Smith,Science,4,
The Pilgrim's Regress,C. S. Lewis,Religion,3.86,
Oscar Wilde's The Picture of Dorian Gray,Oscar Wilde;Andrew Elfenbein,Fiction,4.07,
Ice Blue,Anne Stuart,Fiction,3.94,
The Black Dahlia,James Ellroy,Fiction,3.75,
Play It As It Lays,Joan Didion,Fiction,3.87,A Novel
The City of Falling Angels,John Berendt,History,3.54,
The Secret Garden,Martha Hailey Dubose;Frances Hodgson Burnett;Martha Hailey,Juvenile Fiction,4.3,
The Bridge on the Drina,Ivo Andríc,Fiction,4.33,
The Chronicles of Narnia Movie Tie-in Edition (adult),C. S. Lewis,Fiction,4.26,
The Life You Were Born to Live,Dan Millman,Self-Help,4.1,
Kitchen Confidential,Anthony Bourdain,Biography & Autobiography,4.06,Adventures in the Culinary Underbelly
The Summer House,Jean Stone,Fiction,3.87,
The More Than Complete Hitchhiker's Guide,Douglas Adams,Fiction,4.58,Complete & Unabridged
Erotica,Kelly Carr,Fiction,2.44,My Dirty Thirties: Male/Female/Male
The Anglo-Saxons,James Campbell,History,4.05,
Ghost Hunter,Jayne Castle,Fiction,4.13,
Teacher Man,Frank McCourt,Biography & Autobiography,3.75,A Memoir
CliffsNotes on Shakespeare's Macbeth,Alex Went,Literary Criticism,3.55,
Last of the Wilds,Trudi Canavan,Fiction,4.03,Age of the Five Trilogy
Congo,Michael Crichton,Fiction,3.58,
Boltzmon!,William Sleator,Juvenile Fiction,3.65,
Arundhati Roy's The God of Small Things,Julie Mullaney,Literary Criticism,4,
Drowning Ruth,Christina Schwarz,Fiction,3.74,
My Uncle Oswald,Roald Dahl,Fiction,3.9,
Bluebeard,Kurt Vonnegut,Fiction,4.03,
Your Best Friend's Boyfriend,J. E. Bright,Juvenile Fiction,3.35,
The Gilded Web,Mary Balogh,Fiction,3.58,
The Robots of Dawn,Isaac Asimov,Fiction,4.15,
Jimmy the Hand,Raymond E. Feist;S. M. Stirling,Fiction,3.95,
King Richard II,William Shakespeare;Andrew Gurr,Drama,3.77,
The Radical Right and the Murder of John F. Kennedy,Harrison E. Livingstone,History,3.22,Stunning Evidence in the Assassination of the President
The Perfect Score,Julie Kenner,Fiction,3.25,
Comfort Me With Apples,Ruth Reichl,Biography & Autobiography,4.03,More Adventures at the Table
CliffsNotes on Voltaire's Candide,Francois Marie Arouet;James K. Lowers,Literary Criticism,3.4,
Robert Ludlum's The Moscow Vector,Robert Ludlum;Patrick Larkin,Fiction,3.98,A Covert-One Novel
"W, Or, The Memory of Childhood",Georges Perec,Fiction,3.88,
Mapping the World of Harry Potter,Mercedes Lackey;Leah Wilson,Literary Criticism,4.32,Science Fiction and Fantasy Writers Explore the Best Selling Fantasy Series of All Time
The Road,Cormac McCarthy,Fiction,3.96,
Manna from Heaven,Roger Zelazny;Steven Brust;Scott Zrubeck,Fiction,3.95,
Revenge of the Lawn,Richard Brautigan,Fiction,4.29,The Abortion ; So the Wind Won't Blow it All Away
The Night at the Museum,Milan Trenc,Juvenile Fiction,3.89,
No One is Illegal,Justin Akers Chacón;Mike Davis;Julián Cardona,History,4.07,Fighting Violence and State Repression on the U.S.-Mexico Border
The Well at the World's End,William Morris;Lin Carter,Fiction,3.77,
The Moon in Hiding,Teresa Edgerton,Fiction,4,
"Hamlet, Prince of Denmark",William Shakespeare;Philip Edwards,Drama,4.01,
Chosen But Free,Norman L. Geisler,Religion,3.29,
Reasons to Live,Amy Hempel,Fiction,4.16,Stories by
Gossamer,Lois Lowry,Juvenile Fiction,3.89,
Moon-Flash,Patricia A. McKillip,Juvenile Fiction,3.73,
The Illustrated Alchemist,Paulo Coelho;Alan R. Clarke;Moebius,Fiction,3.85,A Fable About Following Your Dream
The Daily Show with Jon Stewart Presents America (The Book) Teacher's Edition,Jon Stewart;The Writers of The Daily Show,Humor,4.02,A Citizen's Guide to Democracy Inaction
"Sagwa, The Chinese Siamese Cat",Amy Tan,Juvenile Fiction,4.02,
A Woman in Berlin,Anonymous,Biography & Autobiography,4.32,Eight Weeks in the Conquered City: A Diary
Great Russian Short Stories,Paul Negri,Fiction,4,
Sociology,Anthony Giddens;Simon Griffiths,Social Science,3.96,
Nine Coaches Waiting,Mary Stewart;Sandra Brown,Fiction,4.02,
Moll Flanders,Daniel Defoe,Fiction,3.52,
Problems of the Self,Bernard Williams,Philosophy,4.02,Philosophical Papers 1956-1972
Star Trek: Voyager: String Theory #3,Heather Jarman,Fiction,3.8,Evolution
Aspects of the Novel,E. M. Forster,Fiction,3.83,
An Episode of Sparrows,Rumer Godden,Juvenile Fiction,4.2,A Novel
The Secret Diary of Anne Boleyn,Robin Maxwell,Fiction,3.8,A Novel
The Sonnets,William Shakespeare,Drama,4.25,
William Shakespeare: The Complete Works,William Shakespeare,Drama,4.62,
The Kingdom of God Is Within You,Leo Tolstoy;Constance Garnett,Religion,4.13,
Berlin Diary,William L. Shirer,Biography & Autobiography,4.29,"The Journal of a Foreign Correspondent, 1934-1941"
Untouchable,Mulk Anand,Fiction,3.7,
Fear and Trembling,Søren Kierkegaard,Philosophy,4,
The Epic of Gilgamesh,Maureen Gallery Kovacs,Literary Criticism,3.67,
Something Borrowed,Rebecca Hagan Lee,Fiction,4.17,
The Cyberiad,Stanislaw Lem,Fiction,4.18,
Kilo Class,Patrick Robinson,Fiction,4.04,
Side Effects,Amy Goldman Koss,Juvenile Fiction,3.87,
White Widow,Jim Lehrer,Fiction,3.01,
A Brief History of Time,Stephen Hawking,Science,4.16,
Philosophy and the Mirror of Nature,Richard Rorty,Philosophy,4,
Desolation Jones,Warren Ellis;J. H. Williams;José Villarrubia,Comics & Graphic Novels,3.94,Made in England
The Doom that Came to Sarnath,Howard Phillips Lovecraft,Fiction,4.12,
The Sun Also Rises,Ernest Hemingway,Fiction,3.82,
Galatea 2.2,Richard Powers,Fiction,3.72,A Novel
I Wonder Why I Blink,Brigid Avison,Fiction,3.93,And Other Questions About My Body
Persuasion,Jane Austen,Fiction,4.13,
Watchmen on the Walls,Hannah Hurnard,History,4,An Eyewitness Account of Israel's Fight for Independence from the Journal of Hannah Hurnard
Two's Company,Jill Mansell,Fiction,3.59,
Dr. Seuss Goes to War,Richard H. Minear;Dr. Seuss,History,4.18,The World War II Editorial Cartoons of Theodor Seuss Geisel
Orwell in Spain,George Orwell,Fiction,4.33,"the full text of Homage to Catalonia, with associated articles, reviews and letters from The complete works of George Orwell"
Slightly Wicked,Mary Balogh,Fiction,4,
Stephen King,George Beahm,Fiction,3.79,AmericaÂ’s Best-Loved Boogeyman
Seventeen Seventy-six,David McCullough,Biography & Autobiography,4.07,
The Tenth Man,Graham Greene,Fiction,3.72,
The Trouble With Poetry,Billy Collins,Poetry,4.17,And Other Poems
Blink-182,Blink-182;Anne Hoppus;Tom Delonge;Mark Hoppus;Travis Barker,Biography & Autobiography,4.4,Tales from Beneath Your Mom
Neil Gaiman's Neverwhere,Mike Carey;Glenn Fabry;Tony Luke,Comics & Graphic Novels,4.23,
Ulysses,James Joyce,Fiction,3.74,
The Waves,Virginia Woolf,Fiction,4.14,
The Pact,Jodi Picoult,Fiction,4.01,A Love Story
Hitty Her First Hundred Years,Rachel Field,Juvenile Fiction,3.85,
The Adventures of Huckleberry Finn,Mark Twain,Juvenile Fiction,3.81,
History of Philosophy Volume 1,Frederick Copleston,Philosophy,4.08,Greece and Rome
U.S.S. Seawolf,Patrick Robinson,Fiction,3.94,
"The Lion, the Witch and the Wardrobe (picture book edition)",C. S. Lewis,Juvenile Fiction,4.19,
New Moon,Rebecca York,Fiction,3.86,
Blue at the Mizzen (Vol. Book 20) (Aubrey/Maturin Novels),Patrick O'Brian,Fiction,4.38,
Stay!,Lois Lowry,Juvenile Fiction,3.92,Keeper's Story
The Hand of Chaos,Margaret Weis,Fiction,4.06,
Frankenstein,Mary Wollstonecraft Shelley,Fiction,3.78,A Kaplan SAT Score-Raising Classic
Rat Bastards,John Shea,Biography & Autobiography,3.51,The Life and Times of South Boston's Most Honorable Irish Mobster
Romeo and Juliet,William Shakespeare;Barbara A. Mowat;Paul Werstine,Drama,3.74,
"The Hobbit, Or, There and Back Again",John Ronald Reuel Tolkien,Juvenile Fiction,4.26,
A Time to Embrace,Karen Kingsbury,Fiction,4.35,
Serial Murder,Robert W. Dolan,Fiction,3.89,
Journey,James A. Michener,Fiction,3.8,
Eugene Onegin,Alexander Pushkin;James E. Falen,Fiction,4.09,A Novel in Verse
The Illustrated Longitude,Dava Sobel;William J.H. Andrewes,Science,4.09,The True Story of a Lone Genius Who Solved the Greatest Scientific Problem of His Time
The Fate of Reason,Frederick C. Beiser,Philosophy,4.49,German Philosophy from Kant to Fichte
Modern Classics of Science Fiction,Gardner Dozois,Fiction,4.15,
The Feeling Good Handbook,David D. Burns,Psychology,4,
Genetics and the Origin of Species,Theodosius Dobzhansky,Science,4.15,
Wish You Were Here,Nick Webb,Biography & Autobiography,4.14,The Official Biography of Douglas Adams
The Writer of Modern Life,Walter Benjamin,Literary Criticism,4.3,Essays on Charles Baudelaire
Christian Mythmakers,Rolland Hein,Literary Criticism,3.93,"C.S. Lewis, Madeleine L'Engle, J.R. Tolkien, George MacDonald, G.K. Chesterton, Charles Williams, Dante Alighieri, John Bunyan, Walter Wangerin, Robert Siegel, and Hannah Hurnard"
A Million Little Pieces,James Frey,Biography & Autobiography,3.63,
The School Skeleton,Ron Roy,Juvenile Fiction,3.99,
Edie,Melissa Painter;David Weisman,Biography & Autobiography,4.22,Girl on Fire
"""A"" is for Abductive",Leonard I. Sweet;Brian D. McLaren;Jerry Haselmayer,Religion,3.17,The Language of the Emerging Church
Waterborn,J. Gregory Keyes,Fiction,3.8,
Collected Fictions,Jorge Luis Borges;Andrew Hurley,Fiction,4.58,
Camouflage,Joe W. Haldeman,Fiction,3.63,
The Poetry of Pablo Neruda,Pablo Neruda;Ilan Stavans,Poetry,4.45,
Democracy Matters,Cornel West,History,3.94,Winning the Fight Against Imperialism
The Drowned and the Saved,Primo Levi,Humor,4.39,
Augustine,Henry Chadwick,History,3.74,
Playing Easy to Get,Kresley Cole;Sherrilyn Kenyon;Jaid Black,Fiction,4.14,
Riding the Bus with My Sister,Rachel Simon,Biography & Autobiography,3.75,A True Life Journey
The Complete Idiot's Guide to World Religions,Brandon Toropov;Luke Buckles,Religion,3.66,
An Unfinished Life,Robert Dallek,Biography & Autobiography,4.07,"John F. Kennedy, 1917 - 1963"
Another Day in Cubicle Paradise,Scott Adams,Humor,3.99,
Hexwood,Diana Wynne Jones,Fiction,3.99,
Break in,Dick Francis,Fiction,4.03,
The Rapture,Tim F. LaHaye;Jerry B. Jenkins,Fiction,4.15,In the Twinkling of an Eye : Countdown to the Earth's Last Days
Cold Mountain,Charles Frazier,Fiction,3.85,
We Were the Mulvaneys,Joyce Carol Oates,Fiction,3.72,
Stories,Anton Pavlovich Chekhov,Fiction,4.35,
Death of a Blue Movie Star,Jeffery Deaver,Fiction,3.52,
"Rest, Rabbit, Rest",Jacquelyn Reinach;Richard Hefter,Juvenile Fiction,4.01,
The Pelican Brief,John Grisham,Fiction,3.98,
Europe,Norman Davies,History,4.17,A History
Black Ice,Anne Stuart,Fiction,3.71,
Strategies of Containment,John Lewis Gaddis,History,4.01,A Critical Appraisal of American National Security Policy During the Cold War
From Far Away,Kyoko Hikawa,Comics & Graphic Novels,4.5,
A Mulligan for Bobby Jobe,Robert Cullen,Fiction,3.31,A Novel
Selected Philosophical Writings,Saint Thomas (Aquinas),Religion,3.86,
The Making of the Atomic Bomb,Richard Rhodes,History,4.35,
It's Called a Breakup Because It's Broken,Greg Behrendt;Amiira Ruotola-Behrendt,Self-Help,4.01,The Smart Girl's Breakup Buddy
The Philosophy of History,Georg Wilhelm Friedrich Hegel,History,3.82,
Three Complete Novels,Colleen McCullough,Fiction,3.67,
Best of the Eighties,John L. Goldwater,Comics & Graphic Novels,3.94,
Justice Oliver Wendell Holmes,G. Edward White,Literary Criticism,3.67,Law and the Inner Self
Water for Elephants,Sara Gruen,Fiction,4.08,A Novel
"Janet, My Mother, and Me",William Murray,Biography & Autobiography,3.46,A Memoir of Growing Up with Janet Flanner and Natalia Danesi Murray
Tom Hunter,Tracy Chevalier;Colin Wiggins,Biography & Autobiography,3.58,Living in Hell and Other Stories
The House of the Scorpion,Nancy Farmer,Fiction,4.1,
The Book of Imaginary Beings,Jorge Luis Borges;Margarita Guerrero;Andrew Hurley;Peter Sís,Fiction,4.09,
"Raise High the Roof Beam, Carpenters and Seymour",Jerome David Salinger,Fiction,4.12,An Introduction
"Bright Lights, Big Ass",Jen Lancaster,Biography & Autobiography,4.06,"A Self-indulgent, Surly Ex-sorority Girl's Guide to why it Often Sucks in the City, Or, Who are These Idiots and why Do They All Live Next Door to Me?"
Sherlock Holmes,Nick Rennison,Fiction,4.26,The Unauthorized Biography
Beach Girls,Luanne Rice,Fiction,4.06,
First Meetings,Orson Scott Card,Fiction,3.83,In Ender's Universe
Ride of the Second Horseman,Robert L. O'Connell,History,4.23,The Birth and Death of War
The Responsibility of Forms,Roland Barthes,Literary Criticism,3.94,"Critical Essays on Music, Art, and Representation"
Saga of the Sandman,Tom DeFalco,Juvenile Fiction,3.41,
The Player of Games,Iain Banks,Fiction,4.27,
Miracle on the 17th Green,James Patterson;Peter De Jonge,Fiction,3.66,A Novel
The Power of Myth,Joseph Campbell,Philosophy,4.3,
Devil May Care,Elizabeth Peters,Fiction,3.87,
McSweeney's,Dave Eggers,Fiction,3.72,
The Running Man,Stephen King;Richard Bachman,Fiction,3.86,
Reading Lolita in Tehran,Azar Nafisi,Biography & Autobiography,3.6,A Memoir in Books
Generation of Swine,Hunter S. Thompson,Biography & Autobiography,3.77,Tales of Shame and Degradation in the '80's
Incest,Anaïs Nin,Biography & Autobiography,4,"From ""A Journal of Love"": The Unexpurgated Diary of Anais Nin, 1932-1934"
The Known World,Edward P. Jones,Fiction,3.83,
The House of the Spirits,Isabel Allende,Fiction,4.22,
This Present Darkness,Frank E. Peretti,Fiction,4.23,
Death,Neil Gaiman;Chris Bachalo;Mark Buckingham;Mike Dringenberg,Comics & Graphic Novels,4.22,The Time of Your Life
The Slave,Isaac Bashevis Singer,Fiction,4.17,
Mulliner Nights,Pelham Grenville Wodehouse,Fiction,4.11,
The Rapture,Tim F. LaHaye,Religion,3.52,
Homelands,Patricia Justine Tumang;Jenesha de Rivera,Social Science,4.43,"Women's Journeys Across Race, Place, and Time"
The Mammoth Book of New Jules Verne Adventures,Mike Ashley;Eric Brown;Jules Verne,Fiction,3.68,
The Trojan Women,Euripides;Gilbert Murray,Drama,3.87,
The Boys Start the War,Phyllis Reynolds Naylor,Juvenile Fiction,4.02,
100 Love Sonnets,Pablo Neruda,Poetry,4.4,Cien sonetos de amor
Haunted,Chuck Palahniuk,Fiction,3.59,
Journey To The Center Of The Earth,Jules Verne,Fiction,3.85,
The Calvin and Hobbes Lazy Sunday Book,Bill Watterson,Humor,4.67,
McSweeney's Enchanted Chamber of Astonishing Stories,Michael Chabon;Michael Mignola,Fiction,3.53,
The Collected Dorothy Parker,Dorothy Parker,Fiction,4.29,
Reluctant Burglar,Jill Elizabeth Nelson,Fiction,3.67,
By Slanderous Tongues,Mercedes Lackey;Roberta Gellis,Fiction,3.89,
The Great and Secret Show,Chris Ryall,Comics & Graphic Novels,4.22,
Inside the Mind of Gideon Rayburn,Sarah Miller,Juvenile Fiction,3.39,
Sarah,Orson Scott Card,Fiction,3.88,Women of Genesis
John Adams,David McCullough,Biography & Autobiography,4.06,
The Complete Hans Christian Andersen Fairy Tales,Hans Christian Andersen,Juvenile Fiction,4.28,
Zora neale Hurston,Henry L. Gates,Literary Criticism,4.2,Critical Perspectives Past And Present
Mere Christianity,C. S. Lewis,Religion,4.32,"Comprising The Case for Christianity, Christian Behaviour, and Beyond Personality"
Carly's Sound,Ali Vali,Fiction,4.21,
Apple Pie Fourth of July,Janet S. Wong;Margaret Chodos-Irvine,Juvenile Fiction,3.71,
Multiculturalism,Charles Taylor;Amy Gutmann,Philosophy,3.81,(Expanded Paperback Edition)
Six Frigates,Ian W. Toll,History,4.32,The Epic History of the Founding of the U.S. Navy
Silver Nights,Jane Feather,Fiction,3.53,
The Long Goodbye,Raymond Chandler,Fiction,4.22,
Saints at the River,Ron Rash,Fiction,3.8,A Novel
Racso and the Rats of NIMH,Jane Leslie Conly,Juvenile Fiction,3.76,
Ports of Call,Jack Vance,Fiction,3.53,
Yanks,John Eisenhower,History,3.69,The Epic Story of the American Army in World War I
Gai-Jin,James Clavell,Fiction,3.86,
The Halloween Man,Douglas Clegg,Fiction,3.36,
The Dosadi Experiment,Frank Herbert,Fiction,3.81,
Haunted,Kelley Armstrong,Fiction,4.09,
Women,Charles Bukowski,Fiction,3.87,
"Plato, Not Prozac!",Lou Marinoff,Philosophy,3.39,Applying Eternal Wisdom to Everyday Problems
Cat Cross Their Graves,Shirley Rousseau Murphy,Fiction,4.3,A Joe Grey Mystery
Pirates of the Caribbean: Jack Sparrow #3 - the Pirate Chase,Rob Kidd,Juvenile Fiction,3.89,Junior Novel
The Nature of Space and Time,Stephen Hawking;Roger Penrose,Science,4.09,
Museum of Terror,Junji Itō,Comics & Graphic Novels,4.1,Tomie 2
Little House in the Big Woods,Laura Ingalls Wilder,Juvenile Fiction,4.18,
Middlesex,Jeffrey Eugenides,Fiction,3.99,A Novel
Ten Great Works of Philosophy,Robert Paul Wolff,Fiction,3.82,
Forgiven,Karen Kingsbury,Fiction,4.41,
Watchers of Time,Charles Todd,Fiction,3.98,An Inspector Ian Rutledge Mystery
Palm Sunday,Kurt Vonnegut,Biography & Autobiography,3.77,An Autobiographical Collage
Gilead,Marilynne Robinson,Fiction,3.85,
Plan B,Anne Lamott,Biography & Autobiography,4.06,Further Thoughts on Faith
The Cure,Warren Ellis,Comics & Graphic Novels,4.43,
The Annotated Christmas Carol,Charles Dickens,Fiction,4.04,A Christmas Carol in Prose
Interfictions,Delia Sherman;Theodora Goss,Fiction,3.77,An Anthology of Interstitial Writing
Manufacturing Consent,Edward S. Herman;Noam Chomsky,Science,4.24,The Political Economy of the Mass Media
Kissinger,Walter Isaacson,Biography & Autobiography,3.94,A Biography
"The Nightmare Years, 1930-1940",William L. Shirer,History,4.23,
The Dead Yard,Adrian McKinty,Fiction,4.12,
Murder in the Cathedral,Thomas Stearns Eliot,Drama,3.76,
Inside Job,Connie Willis,Fiction,3.66,
From Counterculture to Cyberculture,Fred Turner,Social Science,3.96,"Stewart Brand, the Whole Earth Network, and the Rise of Digital Utopianism"
The Oath,Frank E. Peretti,Fiction,4.07,
The A.B.C. Murders,Agatha Christie,Fiction,4,A Hercule Poirot Novel
The Ultimate Hitchhiker's Guide,Douglas Adams,Fiction,4.38,
Hegel's Phenomenology of Spirit,Martin Heidegger,Philosophy,4.19,
"Cry, the Peacock",Anita Desai,Fiction,3.22,
"The Demon Princes, Vol. 2",Jack Vance,Fiction,4.3,The Face * The Book of Dreams
My Year of Meats,Ruth L. Ozeki,Fiction,3.95,
The Woman in White,Wilkie Collins,Fiction,3.99,
Johnny Cash,Michael Streissguth,Biography & Autobiography,3.79,The Biography
The Myth of the Eternal Return,Mircea Eliade,Social Science,4.23,"Or, Cosmos and History"
Shattered,Dean Ray Koontz,Fiction,3.9,
Julie and Julia,Julie Powell,Biography & Autobiography,3.7,My Year of Cooking Dangerously
A Short History of World War II,James L. Stokesbury,History,3.93,
Many Waters,Madeleine L'Engle,Juvenile Fiction,3.99,
A Sentimental Education,Gustave Flaubert,Fiction,3.83,The Story of a Young Man
Son of the Mob: Hollywood Hustle,Gordon Korman,Juvenile Fiction,3.64,
Kingdom Come,Mark Waid;Alex Ross;Todd Klein,Comics & Graphic Novels,4.25,
Home of the Gentry,Ivan Turgenev,Fiction,3.92,
Ancilla to the Pre-Socratic Philosophers,Mary Fitt;Kathleen Freeman,Philosophy,4.22,"A Complete Translation of the Fragments in Diels, Fragmente Der Vorsokratiker"
Saturday,Ian McEwan,Fiction,3.63,A Novel
Kushiel's Justice,Jacqueline Carey,Fiction,4.25,
Edgar Allan Poe Complete Tales and Poems,Edgar Allan Poe,Fiction,4.38,
The Smoke Jumper,Nicholas Evans,Fiction,4.06,
Rock Star Superstar,Blake Nelson,Juvenile Fiction,3.59,
Little Town on the Prairie,Laura Ingalls Wilder,Juvenile Fiction,4.18,
Tell My Horse,Zora Neale Hurston,Fiction,3.97,Voodoo and Life in Haiti and Jamaica
The Andromeda Strain,Michael Crichton,Fiction,3.89,
From Nomads to Pilgrims,Diana Butler Bass;Joseph Stewart-Sicking,Religion,4,Stories from Practicing Congregations
The High Window,Raymond Chandler,Fiction,4.08,
CliffsNotes on Wright's Black Boy,Carl Senna,Literary Criticism,3.75,
Notes from Underground,Fyodor Dostoyevsky,Fiction,4.2,The Double
Maison Ikkoku,Rumiko Takahashi,Comics & Graphic Novels,4.35,
The Tough Guide to Fantasyland,Diana Wynne Jones,Fiction,3.94,
The Dancing Girl of Izu and Other Stories,Yasunari Kawabata,Fiction,3.78,
Sliding Scales,Alan Dean Foster,Fiction,3.87,
The Guy Not Taken,Jennifer Weiner,Fiction,3.48,Stories
Shadow Dance,Julie Garwood,Fiction,4,A Novel
Rendezvous in Black,Cornell Woolrich,Fiction,3.96,
Hegel's Preface to the Phenomenology of Spirit,Georg Wilhelm Friedrich Hegel;Yirmiyahu Yovel,Philosophy,4.04,
"The World, the Text, and the Critic",Edward W. Said,Literary Criticism,4.19,
The Scandal of Ulysses,Bruce Arnold,Literary Criticism,3.79,The Life and Afterlife of a Twentieth Century Masterpiece
Silenced,Jerry B. Jenkins,Fiction,4.24,The Wrath of God Descends
The Professor and the Madman,Simon Winchester,Biography & Autobiography,3.84,"A Tale of Murder, Insanity, and the Making of the Oxford English Dictionary"
"Open My Eyes, Lord",Gary Oates,Religion,4.27,A Practical Guide to Angelic Visitations and Heavenly Experiences
The Heritage of Shannara,Terry Brooks,Fiction,4.28,
Ragtime,E. L. Doctorow,Fiction,3.88,
A Supposedly Fun Thing I'll Never Do Again,David Foster Wallace,Humor,4.27,Essays and Arguments Tag - Author of Infinite Jest
In Search of Lost Time Volume III The Guermantes Way,Marcel Proust,Fiction,4.31,
"Sor Juana, Or, The Traps of Faith",Octavio Paz,Literary Criticism,4.21,
Traitor,Matthew Woodring Stover,Science,4,
Brave New World,Aldous Huxley,Fiction,3.98,
Frankenstein,Mary Shelley,Fiction,3.78,
Guerilla Film Makers Movie Blueprint,Chris Jones,Social Science,4.2,
The Midnight Mystery (The Boxcar Children Mysteries #95),Gertrude Chandler Warner,Juvenile Fiction,3.94,
The Footprints of God,Greg Iles,Fiction,3.77,
The Complete Adventures and Memoirs of Sherlock Holmes,Arthur Conan Doyle,Fiction,4.33,
Dragons of a Vanished Moon,Margaret Weis;Tracy Hickman,Fiction,3.9,
Burning The Map,Laura Caldwell,Fiction,3.52,
Exclusion and Embrace,Miroslav Volf,Religion,4.27,"A Theological Exploration of Identity, Otherness, and Reconciliation"
The Plague,Albert Camus,Fiction,4.34,"The Fall ; Exile and the Kingdom ; And, Selected Essays"
My Antonia,Willa Cather;Alyssa Harad,Fiction,3.78,
Complete Shorter Fiction,Oscar Wilde,Fiction,4.16,
Midnight Voices,John Saul,Fiction,3.75,
So Yesterday,Scott Westerfeld,Juvenile Fiction,3.58,A Novel
A Crown of Swords,Robert Jordan,Fiction,4.03,Book Seven of 'The Wheel of Time'
"Have Space Suit, Will Travel",Robert A. Heinlein,Fiction,3.89,
Ten Days in the Hills,Jane Smiley,Fiction,2.51,
Jane Eyre,Charlotte Brontë,Fiction,4.11,
The Wind-up Bird Chronicle,Haruki Murakami;Jay Rubin,Fiction,4.17,
Diablo: The Sin War #2: Scales of the Serpent,Blizzard Entertainment,Fiction,3.86,Diablo Sin War
Oathblood,Mercedes Lackey,Fiction,4.05,
Surfer's Code,Shaun Tomson;Patrick J. Moser,Self-Help,3.81,12 Simple Lessons for Riding Through Life
Goodbye Forever,Barbara Conklin,Juvenile Fiction,3.72,
The Birth of Venus,Sarah Dunant,Fiction,3.8,A Novel
The Tangled Thread,Cynthia Harrod-Eagles,Fiction,4.31,
Icebound,Dean Koontz,Fiction,3.76,
The Coffin Dancer,Jeffery Deaver,Fiction,4.17,
It's Not About the Bike,Lance Armstrong,Biography & Autobiography,3.72,My Journey Back to Life
Time of Wonder,Robert McCloskey,Juvenile Fiction,4.08,
Their Eyes Were Watching God,Zora Neale Hurston,Fiction,3.9,
Murder on the Orient Express,Agatha Christie,Fiction,4.16,A Hercule Poirot Mystery
The Illustrated Man,Ray Bradbury,Science,4.14,
Stephen King's Creepshow,Stephen King;Berni Wrightson;Michele Wrightson,Fiction,4.07,A George A. Romero Film
Shakespeare's Secret,Elise Broach,Juvenile Fiction,3.87,
The Magic Journey,John Nichols,Fiction,3.91,A Novel
In the Company of Cheerful Ladies,Alexander McCall Smith,Fiction,4.07,
Star Wars: Empire Volume 6 In The Shadows of Their Fathers,Thomas Andrews;Scott Allie;Adriana Melo; Michael LaCombe; Joe Corroney,Comics & Graphic Novels,3.71,
Paradise Kiss,Ai Yazawa,Comics & Graphic Novels,4.1,
The Doors of Perception and Heaven and Hell,Aldous Huxley,Philosophy,3.94,
The Sixties,Todd Gitlin,History,3.72,"Years of Hope, Days of Rage"
A Pale View of Hills,Kazuo Ishiguro,Fiction,3.73,
Last Train to Paradise,Les Standiford,History,4.02,Henry Flagler and the Spectacular Rise and Fall of the Railroad That Crossed an Ocean
Exit Strategy,Kelley Armstrong,Fiction,3.88,
Limbo,Alfred Lubrano,Social Science,4.11,"Blue-Collar Roots, White-Collar Dreams"
Taran Wanderer,Lloyd Alexander,Juvenile Fiction,4.14,
Captain Cat,Syd Hoff,Juvenile Fiction,3.66,
Catching Alice,Clare Naylor,Fiction,3.35,
Plato's Symposium,Plato;Seth Benardete,Philosophy,4.03,A Translation by Seth Benardete with Commentaries by Allan Bloom and Seth Benardete
Brokeback Mountain,Annie Proulx,Fiction,3.94,Now a Major Motion Picture
A Full House,Madeleine L'Engle,Fiction,3.99,An Austin Family Christmas
The Plague Dogs,Richard Adams,Fiction,3.85,A Novel
Practicalities,Marguerite Duras,Biography & Autobiography,3.99,
Les Miserables,Victor Hugo;Norman Denny,Fiction,4.16,
The Manolo Matrix,Julie Kenner,Fiction,3.61,
Dispatch,Bentley Little,Fiction,3.61,
The Lost Years of Merlin,T. A. Barron,Fiction,3.98,
Jean Rhys,Carl Plasa,Literary Criticism,3.64,Wide Sargasso Sea
Queen of the Underworld,Gail Godwin,Fiction,2.89,
Worlds enough and time,Joe Haldeman;Joe W. Haldeman,Fiction,3.7,the conclusion of the Worlds trilogy
All I Really Need to Know I Learned in Kindergarten,Robert Fulghum,Self-Help,4.03,
Ralph Ellison,Arnold Rampersad,Biography & Autobiography,4.14,A Biography
Naomi and Ely's No Kiss List,Rachel Cohn;David Levithan,Juvenile Fiction,3.44,A Novel
Magic's Price,Mercedes Lackey,Fiction,4.27,
Star Wars,David West Reynolds;James Luceno,Fiction,4.34,The Complete Visual Dictionary
A Fairly Honourable Defeat,Iris Murdoch,Fiction,3.94,
Suddenly Daddy,Loree Lough,Fiction,3.81,
Falling for You,Jill Mansell,Fiction,3.79,
Fanning the Flame,Christopher J. H. Wright,Religion,5,"Bible, Cross & Mission : Meeting the Challenge in a Changing World"
The Time Travelers,Caroline B. Cooney,Juvenile Fiction,3.94,
Fugitive Prince,Janny Wurts,Fiction,3.88,
True Believers,Jane Haddam,Fiction,3.88,A Gregor Demarkian Novel
A Harlot High and Low,Honore Balzac,Fiction,4.05,
The complete guide to Middle-earth,Robert Foster,Literary Criticism,4.17,from The hobbit through The lord of the rings and beyond
Nanny Ogg's Cookbook,Terry Pratchett;Stephen Briggs;Paul Kidby;Tina Hannan,Fiction,4,
The Awakening and Selected Stories of Kate Chopin,Kate Chopin;Nina Baym,Fiction,3.89,
Lovelock,Orson Scott Card;Kathryn H. Kidd,Fiction,3.46,
Disney's Little Einsteins: Galactic Goodnight,Susan Ring,Juvenile Fiction,4.5,
Sweet 18,Francine Pascal,Juvenile Fiction,3.51,
Dirty Beasts,Roald Dahl,Fiction,4.02,
Down to the Bonny Glen,Melissa Wiley,Juvenile Fiction,4.14,
Selected Stories of H.G. Wells,Herbert George Wells,Fiction,3.98,
La Dame Aux Camélias,Alexandre Dumas;David Coward,Fiction,3.99,
A Pinch of Poison,Claudia Bishop,Fiction,3.58,
"South of the Border, West of the Sun",Haruki Murakami,Fiction,3.87,
Isak Dinesen,Judith Thurman,Biography & Autobiography,4.07,The Life of a Storyteller
Palm-of-the-Hand Stories,Yasunari Kawabata;Lane Dunlop;J. Martin Holman,Fiction,4,
Enslaved by Ducks,Bob Tarte,Biography & Autobiography,3.44,
Social Psychology,Elliot Aronson;Timothy D. Wilson;Robin M. Akert,Psychology,3.98,
Sword & Citadel,Gene Wolfe,Fiction,4.31,The Second Half of 'The Book of the New Sun'
The Wedding Night,Jayne Ann Krentz,Fiction,3.46,
Ella Minnow Pea,Mark Dunn,Fiction,3.85,A Novel in Letters
The Key to Midnight,Dean R. Koontz,Fiction,3.95,
Eight Black Horses,Ed McBain,Fiction,3.91,
Collected Novellas,Gabriel Garcia Marquez,Fiction,4.01,
Dry,Augusten Burroughs,Biography & Autobiography,4.02,A Memoir
Her Smoke Rose Up Forever,James Tiptree,Fiction,4.21,
The Love of the Last Tycoon,F. Scott Fitzgerald,Fiction,3.65,The Authorized Text
The Lust Lizard of Melancholy Cove,Christopher Moore,Fiction,3.86,
On Bullshit,Harry G. Frankfurt,Philosophy,3.57,
Daisy Bates,Grif Stockley,Biography & Autobiography,3.55,Civil Rights Crusader from Arkansas
The Two-Mile Time Machine,Richard B. Alley,Science,3.99,"Ice Cores, Abrupt Climate Change, and Our Future"
"The Civil War, a Narrative: Fort Sumter to Perryville",Shelby Foote,History,4.42,
"Junie B., First Grader",Barbara Park,Juvenile Fiction,4.03,Cheater Pants
Palimpsest,Gore Vidal,Biography & Autobiography,4,A Memoir
The Mediator #5: Haunted,Meg Cabot,Juvenile Fiction,4.15,
The Languages of Pao,Jack Vance,Fiction,3.8,
LOVE MODE Volume 2: (Yaoi),Yuki Shimizu,Comics & Graphic Novels,4.24,
"Stiff Upper Lip, Jeeves",P. G. Wodehouse,Humor,4.29,
The Swarm War,Troy Denning,Fiction,3.49,
Voice of the Violin,Andrea Camilleri,Fiction,4.03,
My Sister's Keeper,Jodi Picoult,Fiction,4.07,A Novel
Port Mungo,Patrick McGrath,Fiction,3.32,
Coin Locker Babies,村上龍,Fiction,3.75,
The Malady of Death,Marguerite Duras,Fiction,3.86,
The Governess,Sarah Fielding,Fiction,2.62,"The Governess ; or, The Little Female Academy"
Fables: Wolves,Bill Willingham,Comics & Graphic Novels,4.28,
Guilty as Charged,Scott Turow,Fiction,3.76,A Mystery Writers of America Anthology
Baudolino,Umberto Eco,Fiction,3.74,
Mystical Paths,Susan Howatch,Fiction,4.23,
Death in Berlin,M. M. Kaye,Fiction,3.89,
Strawberry Girl 60th Anniversary Edition,Lois Lenski,Juvenile Fiction,3.86,
A Thousand Orange Trees,Kathryn Harrison,Fiction,3.61,
The Serpent's Shadow,Mercedes Lackey,Fiction,3.99,
Reason in History,Georg Wilhelm Friedrich Hegel,Philosophy,3.64,A General Introduction to the Philosophy of History
The Ox-Bow Incident,Walter Van Tilburg Clark,Fiction,3.82,
The Annotated Waste Land with Eliot's Contemporary Prose,Thomas Stearns Eliot;Lawrence S. Rainey,Literary Criticism,4.11,
Sorcery Rising,Jude Fisher,Fiction,3.55,
A Midsummer Night's Dream,William Shakespeare,Drama,3.94,
The Admirable Crichton ; Peter Pan ; When Wendy Grew Up ; What Every Woman Knows ; Mary Rose,James Matthew Barrie,Drama,3.99,"Peter Pan ; When Wendy Grew Up ; What Every Woman Knows ; Mary Rose ; General Editor Michael Cordner ; Associate General Editors Peter Holland, Martin Wiggins"
The Innocent,Harlan Coben,Fiction,3.96,
"Haiti, History, and the Gods",Joan Dayan,History,3.95,
Good Omens,Neil Gaiman;Terry Pratchett,Fiction,4.25,"The Nice and Accurate Prophecies of Agnes Nutter, Witch"
Filth,William A. Cohen,History,4.17,"Dirt, Disgust, and Modern Life"
The Lord of the Rings,J. R. R. Tolkien;Alan Lee,Fiction,0,
Midnight Brunch,Marta Acosta,Fiction,3.8,
Night Shift,Stephen King,Fiction,3.99,
How I Became a Pirate,Melinda Long;David Shannon,Juvenile Fiction,4.08,
Mysteria,MaryJanice Davidson,Fiction,3.72,
Robot Visions,Isaac Asimov,Fiction,4.22,
The Tale of the Body Thief,Anne Rice,Fiction,3.72,
Harrowing the Dragon,Patricia A. McKillip,Fiction,3.94,
Tender is the Night,F. Scott Fitzgerald,Fiction,3.82,
"The Collected Poems of Octavio Paz, 1957-1987",Octavio Paz,Poetry,4.3,
Bioinformatics,David W. Mount,Science,3.87,Sequence and Genome Analysis
Blessings,Belva Plain,Fiction,3.91,
Rose of No Man's Land,Michelle Tea,Fiction,3.51,
Stephen Hawking's Universe,David Filkin,Science,4.28,The Cosmos Explained
The Turtle Diary,Russell Hoban,Fiction,4,
The Portable James Joyce,James Joyce,Fiction,4.16,
Spider Mountain,P. T. Deutermann,Fiction,3.91,A Novel
Shakespeare Alive!,Joseph Papp;Elizabeth Kirkland,Drama,3.39,
Ancient Rome and Pompeii,Mary Pope Osborne;Natalie Pope Boyce,Fiction,4.07,A Nonfiction Companion to Magic Tree House #13: Vacation Under the Volcano
Summer Crossing,Truman Capote;Alan U. Schwartz,Fiction,3.44,
The Children of Henry VIII,Alison Weir,Biography & Autobiography,4.04,
Escape from Freedom,Erich Fromm,Science,4.24,
The American Heritage New History of the Civil War,Bruce Catton,History,4.1,
Time to Be in Earnest,P. D. James,Biography & Autobiography,3.94,A Fragment of Autobiography
Child of the Owl,Laurence Yep,Juvenile Fiction,3.6,Golden Mountain Chronicles: 1965
The Sky Is Falling,Sidney Sheldon,Fiction,3.56,
You Come Too,Robert Frost,Fiction,4.16,Favorite Poems for Readers of All Ages
Belle Ruin,Martha Grimes,Fiction,3.51,
3rd Degree,James Patterson;Andrew Gross,Fiction,4.01,
"Writings, 1878-1899",William James,Fiction,4.22,
The Tragical Comedy Or Comical Tragedy of Mr. Punch,Neil Gaiman,Comics & Graphic Novels,3.77,A Romance
All Things Bright and Beautiful,James Herriot,Biography & Autobiography,4.31,
Christianity for Modern Pagans,Peter Kreeft,Religion,4.38,"Pascal's Pensées Edited, Outlined, and Explained"
Diary of a Mistress,Miasha,Fiction,4.35,A Novel
The Shadow of the Wind,Carlos Ruiz Zafón,Fiction,4.26,
Star Wars,Timothy Zahn,Fiction,3.98,Allegiance
The History of the Siege of Lisbon,José Saramago,Fiction,3.8,
In Pharaoh's Army,Tobias Wolff,Biography & Autobiography,4.08,Memories of the Lost War
Three Guineas,Virginia Woolf;Jane Marcus;Mark Hussey,Fiction,3.86,
Salem Falls,Jodi Picoult,Fiction,3.81,
Tramps Like Us,Yayoi Ogawa,Comics & Graphic Novels,4.38,
The Best of Ray Bradbury,Ray Bradbury,Comics & Graphic Novels,4.07,The Graphic Novel
The Beatles years,Barry Miles;Keith Badman,Biography & Autobiography,4.53,
Purity,Douglas Clegg,Fiction,3.78,
"Raffles, the Amateur Cracksman",Ernest William Hornung,Fiction,3.61,
The Magical Worlds of the Lord of the Rings,David Colbert,Fiction,4.08,"The Amazing Myths, Legends, and Facts Behind the Masterpiece"
Winter Moon,Mercedes Lackey;Tanith Lee;C. E. Murphy,Fiction,3.78,
Son of Superman,Howard V. Chaykin;David Tischman,Comics & Graphic Novels,3.36,
Perfectly Reasonable Deviations from the Beaten Track,Richard Phillips Feynman,Biography & Autobiography,4.24,The Letters of Richard P. Feynman
Dirty Little Secrets,Joy King,Fiction,4.16,A Novel
The Rescue,Gordon Korman,Juvenile Fiction,4.11,
The Far Side of Evil,Sylvia Engdahl,Juvenile Fiction,3.98,
Moby-Dick,Herman Melville,Fiction,3.49,
Beyond the Hundredth Meridian,Wallace Stegner,Biography & Autobiography,4.07,John Wesley Powell and the Second Opening of the West
Radio Fifth Grade,Gordon Korman,Juvenile Fiction,3.55,
A Christmas Carol,Charles Dickens,Juvenile Fiction,4.04,
The Aeneid,Virgil,Literary Criticism,3.83,
Lucy Sullivan Is Getting Married,Marian Keyes,Fiction,3.76,
The Gettysburg Address,Abraham Lincoln,Fiction,4.53,
The Phantom Tollbooth,Norton Juster,Juvenile Fiction,4.21,
The Complete Stories,Franz Kafka,Fiction,4.35,
That Same Flower,Jostein Gaarder;Anne Born,Fiction,3.67,Floria Aemilia's Letter to Saint Augustine
The Crucible of Time,John Brunner,Fiction,3.71,
Shroud,John Banville,Fiction,3.65,
Aleph and other stories,Jorge Luis Borges;Andrew Hurley,Fiction,4.38,
Tucket's Travels,Gary Paulsen,Juvenile Fiction,4.43,"Francis Tucket's Adventures in the West, 1847-1849"
The Firm,John Grisham,Fiction,4,
Naked Pictures of Famous People,Jon Stewart,Humor,3.59,
Black Beauty,Anna Sewell,Juvenile Fiction,3.95,
The Taking,Dean Ray Koontz,Fiction,3.78,
First Impressions,Nora Roberts,Fiction,3.74,
Skeleton Crew,Stephen King,Fiction,3.95,
Eleven on Top,Janet Evanovich,Fiction,4.16,
Reptiles and Amphibians,Mark O'Shea;Tim Halliday,Fiction,3.99,
The Man Who Changed Everything,Basil Mahon,Biography & Autobiography,4.12,The Life of James Clerk Maxwell
Created In Darkness By Troubled Americans,Dave Eggers,Humor,3.76,The Best Of Mcsweeney's Humor Category
A Christmas Carol and Other Christmas Writings,Charles Dickens,Fiction,4.13,
Vita,Melania G. Mazzucco,Fiction,3.74,A Novel
Tsubasa 12 Reservoir Chronicle,CLAMP (Mangaka group),Comics & Graphic Novels,4.31,Dragonfly Battle
CliffsNotes on Shakeapeare's Twelfth Night,J. L. Roberts,Literary Criticism,4.21,
Atonement,Ian McEwan,Fiction,3.89,A Novel
Olympos,Dan Simmons,Fiction,3.94,
Birdsong,Sebastian Faulks,Fiction,4.08,
"Right Stuff, Wrong Sex",Margaret A. Weitekamp,History,3.8,America's First Women in Space Program
Secret of the Peaceful Warrior,Dan Millman,Juvenile Fiction,4.18,
The Third Victim,Lisa Gardner,Fiction,4.16,
Introduction to World Religions,Christopher Hugh Partridge,Religion,3.68,
Five Patients,Michael Crichton,Social Science,3.48,The Hospital Explained
In the Land of White Death,Valerian Ivanovich Alʹbanov,Biography & Autobiography,4,An Epic Story of Survival in the Siberian Arctic
King Henry IV Part 1,William Shakespeare;David Scott Kastan,Drama,3.82,Third Series
Shattered Bonds,Dorothy E. Roberts,Science,4.2,The Color of Child Welfare
Ocean Star Express,Mark Haddon;Peter Sutton,Juvenile Fiction,3.5,
The Dance of the Dissident Daughter,Sue Monk Kidd,Religion,3.96,
"Nathaniel Hawthorne, The Scarlet Letter",Nathaniel Hawthorne,Literary Criticism,3.39,
Valley of Silence,Nora Roberts,Fiction,4.22,
Plum Lovin',Janet Evanovich,Fiction,3.72,
A Nose for Murder,Lee Charles Kelley,Fiction,3.47,
Empire 2.0,Régis Debray,Science,4.75,A Modest Proposal for a United States of the West
Rameau's Nephew / D'alembert's Dream,Denis Diderot,Fiction,3.67,
Girls in Pants,Ann Brashares,Juvenile Fiction,3.82,The Third Summer of the Sisterhood
Rage of angels,Sidney Sheldon,Fiction,3.93,
The Essential Kierkegaard,S瞨en·Kierkegaard,Philosophy,4.18,
Sources of the Self,Charles Taylor,Philosophy,4.19,The Making of the Modern Identity
Some Ether,Nick Flynn,Poetry,4.16,Poems
The Abandoned,Douglas Clegg,Fiction,3.42,
Existentialists and Mystics,Iris Murdoch,Philosophy,4.1,Writings on Philosophy and Literature
The Tesla Papers,Nikola Tesla,Science,4.12,
"The Historical Atlas of New York City, Second Edition",Eric Homberger,History,4.05,A Visual Celebration of 400 Years of New York City's History
Philosophy For Dummies,Tom Morris,Philosophy,3.65,
Lützen 1632,Richard Brzezinski,History,3.61,Climax of the Thirty Years War
Reinventing the Enemy's Language,Joy Harjo;Gloria Bird,Fiction,4.39,Contemporary Native Women's Writing of North America
Primo Levi,Ian Thomson,Biography & Autobiography,4.14,A Life
Nothing Lasts Forever,Sidney Sheldon,Fiction,3.83,
Conversations with Jerzy Kosinski,Jerzy Kosinski,Literary Criticism,3.75,
A twist of Lennon,Cynthia Lennon,Biography & Autobiography,3.84,
Love Is Blind,Lynsay Sands,Fiction,4,
Smithsonian Intimate Guide to Human Origins,Carl Zimmer,Social Science,4,
Growing Old in America,David Hackett Fischer,Religion,4.2,
The Rapture of Canaan,Sheri Reynolds,Fiction,3.81,
Silence,Shūsaku Endō,Fiction,4.08,
Fullmetal Alchemist,Hiromu Arakawa,Comics & Graphic Novels,4.57,
Phaedrus,Plato,Philosophy,4.12,"And, The Seventh and Eighth Letters"
Psyche in a Dress,Francesca Lia Block,Juvenile Fiction,3.84,
Zen Buddhism & Psychoanalysis,Daisetz Teitaro Suzuki;Erich Fromm;Richard De Martino,Religion,3.94,
Roverandom,John Ronald Reuel Tolkien,Fiction,3.87,
The Lure of the Basilisk,Lawrence Watt-Evans,Fiction,3.7,
Swann's Way,Marcel Proust;Elizabeth Dalton,Fiction,4.14,
The Fiery Cross,Diana Gabaldon,Fiction,4.27,
The Last American Man,Elizabeth Gilbert,Biography & Autobiography,3.8,
A fine balance,Rohinton Mistry,Fiction,4.36,a novel
The Complete Plays of Aristophanes,Aristophanes,Drama,4.21,
This boy's life,Tobias Wolff,Biography & Autobiography,3.98,
The Living and the Dead,Paul Hendrickson,History,4.03,Robert McNamara and Five Lives of a Lost War
Welcome to the Monkey House,Kurt Vonnegut,Fiction,4.14,A Collection of Short Works
The Sword of Truth,Terry Goodkind,Fiction,4.29,Wizard's First Rule / Stone of Tears / Blood of the Fold
The Heidi Chronicles and Other Plays,Wendy Wasserstein,Drama,3.83,
Sad Underwear and Other Complications,Judith Viorst,Fiction,3.87,More Poems fo Children and Their Parents
Under the Glacier,Halldór Laxness,Fiction,3.59,
Long Day's Journey Into Night,Eugene O'Neill,Drama,4.07,
Reliquary,Douglas Preston;Preston Douglas;Lincoln Child,Fiction,4.02,
Yosemite,Margaret Sanborn,History,3.96,"Its Discovery, Its Wonders and Its People"
Introduction to Phenomenology,Robert Sokolowski,Philosophy,3.96,
The Illustrated Hitchhiker's Guide to the Galaxy,Douglas Adams,Science,4.32,
Blue World,Robert R. McCammon,Fiction,3.93,
Season of the Machete,James Patterson,Fiction,3.24,
Tortilla Flat,John Steinbeck,Fiction,3.83,
The Secret Garden,Frances Hodgson Burnett,Juvenile Fiction,4.13,
A Highland Christmas,M. C. Beaton,Fiction,3.86,
A Home at the End of the World,Michael Cunningham,Fiction,3.9,A Novel
Nausea,Jean-Paul Sartre;Robert Baldick,Fiction,3.92,
Vale of the Vole,Piers Anthony,Fiction,3.6,
His Share of Glory,Cyril M. Kornbluth;Timothy Szczesuil;New England Science Fiction Association,Fiction,4.14,The Complete Short Science Fiction of C.M. Kornbluth
Life Support,Tess Gerritsen,Fiction,3.99,
Kafka on the Shore,Haruki Murakami,Fiction,4.13,
The Adventures of Tom Sawyer,Mark Twain,Juvenile Fiction,3.91,
True Believer,Nicholas Sparks,Fiction,3.8,
Typhoon and Other Tales,Joseph Conrad,Fiction,3.89,
The Adventures of Sherlock Holmes,Sir Arthur Conan Doyle;Eoin Colfer,Juvenile Fiction,4.31,
Mao II,Don DeLillo,Fiction,3.68,
The Complete Monty Python's Flying Circus,Graham Chapman;Monty Python (Comedy troupe);Terry Gilliam;Eric Idle;Terry Jones,Humor,4.44,All the Words
The Tiny One,Eliza Minot,Fiction,3.67,
Emotionally Weird,Kate Atkinson,Fiction,3.45,A Novel
The Midwife's Apprentice (rpkg),Karen Cushman,Juvenile Fiction,3.72,
Lover Eternal,J. R. Ward,Fiction,4.35,A Novel of the Black Dagger Brotherhood
The Sixth Book of Lost Swords,Fred Saberhagen,Fiction,3.81,Mindsword's Story
The Origins of Life,John Maynard Smith;Eörs Szathmáry,Science,4.11,From the Birth of Life to the Origin of Language
"African Origins of the Major ""Western Religions""",Yosef Ben-Jochannan,Religion,4.56,
Memoirs of the Second World War,Winston Churchill,Biography & Autobiography,4.4,
The Chronicles of Narnia CD Box Set,C. S. Lewis,Juvenile Fiction,4.26,The Chronicles of Narnia CD Box Set
Great Short Works of Herman Melville,Herman Melville,Fiction,4.02,
"Mine, All Mine",Ruth Heller,Fiction,4.07,A Book about Pronouns
Vineland,Thomas Pynchon,Fiction,3.68,
Never Go Home Again,Shannon Holmes,Fiction,4.04,A Novel
Pirates of the Caribbean: The Sword of Cortes - Jack Sparrow #4,Rob Kidd,Juvenile Fiction,3.97,
Homecoming,Richard K. Morgan;Bill Sienkiewicz;Goran Parlov,Comics & Graphic Novels,3.81,
Light,M. John Harrison,Fiction,0,
Winter Season,Toni Bentley,Biography & Autobiography,3.91,A Dancer's Journal
The Second Summer of the Sisterhood,Ann Brashares,Juvenile Fiction,3.79,
A History of the World in 10 1/2 Chapters,Julian Barnes,Fiction,3.9,
Statesman,Plato,Philosophy,3.84,
When Broken Glass Floats: Growing Up Under the Khmer Rouge,Chanrithy Him,Biography & Autobiography,4.13,
Encyclopedia Brown and the Case of the Treasure Hunt,Donald J. Sobol,Juvenile Fiction,4.03,
The Doctor Is Sick,Anthony Burgess,Fiction,3.63,
The Forbidden,L. A. Banks,Fiction,4.27,
Tides of War,Steven Pressfield,Fiction,3.89,A Novel of Alcibiades and the Peloponnesian War
Deep Waters,Barbara Nadel,Fiction,3.98,
The Hours,Michael Cunningham,Fiction,3.93,
Learning to Love,Thomas Merton,Religion,4.5,Exploring Solitude and Freedom
The Clock Of The Long Now,Stewart Brand,Philosophy,4.11,Time and Responsibility
Glass Soup,Jonathan Carroll,Fiction,3.87,
The Stars at Noon,Denis Johnson,Fiction,3.59,
The Absolute Sandman,Neil Gaiman;Sam Kieth,Comics & Graphic Novels,4.65,
Sophie's World,Jostein Gaarder,Fiction,3.91,A Novel About the History of Philosophy
"Star Wars: Clone Wars Volume 8: The Last Siege, The Final Truth",John Ostrander;Jan Duursema;Dan Parsons; Brad Anderson; Tom√É¬•s Giorello,Comics & Graphic Novels,4.09,
The Glory and the Dream,William Manchester,History,4.42,"A Narrative History of America, 1932-1972"
The Jungle,Upton Sinclair;Kathleen De Grave,Fiction,3.73,The Uncensored Original Edition
Lysistrata,Aristophanes;Jeffrey Henderson,Literary Criticism,3.85,
Hamlet in Purgatory,Stephen Greenblatt,Drama,3.94,
The Grace Awakening,Charles R. Swindoll,Religion,4.33,Believing in Grace Is One Thing. Living It Is Another
Walt Whitman,Justin Kaplan,Biography & Autobiography,3.99,A Life
A Pirate Looks at Fifty,Jimmy Buffett,Biography & Autobiography,3.83,
Devil's Backbone,Terry C. Johnston,Fiction,4.17,"The Modoc War, 1872-3"
Disaster!,Richard Platt,Juvenile Fiction,4.11,
The Birth of Heroin and the Demonization of the Dope Fiend,Th Metzger,Social Science,3.88,
Edge of Victory II,Greg Keyes,Fiction,3.77,Rebirth
"South of the Border, West of the Sun",Haruki Murakami,Fiction,3.87,
The Castle in the Forest,Norman Mailer,Fiction,3.13,A Novel
Tim,Colleen McCullough,Fiction,3.81,
The Conquest of Gaul,Julius Caesar;F. P. Long;Cheryl Walker,History,3.99,
The Origin of Species,Charles Darwin,Fiction,3.99,By Means of Natural Selection of the Preservation of Favoured Races in the Struggle for Life
The Reluctant Reformer,Lynsay Sands,Fiction,3.93,
The Handbook (The Encheiridion),Epictetus;Nicholas P. White,Philosophy,4.22,
The Coming Fury,Bruce Catton;Everette Beach Long,History,4.29,
Disney's Little Einsteins: Butterfly Suits,Disney Book Group;Marcy Kelman,Juvenile Fiction,3.68,
Blood on the Moon,James Ellroy,Fiction,3.45,
Anil's Ghost,Michael Ondaatje,Fiction,3.56,
Selected Stories,Andre Dubus,Fiction,4.27,
The Book of Embraces,Eduardo Galeano;Cedric Belfrage,Fiction,4.29,
Rodinsky's Room,Rachel Lichtenstein;Iain Sinclair,Biography & Autobiography,3.88,
Trapped,Greg Iles,Fiction,3.99,
Who Moved My Cheese?,Spencer Johnson,Self-Help,3.78,An Amazing Way to Deal with Change in Your Work and in Your Life
Selected Short Stories of William Faulkner,William Faulkner,Fiction,4.09,
Mountains Beyond Mountains,Tracy Kidder,Biography & Autobiography,4.22,
Fanny,Erica Jong,Fiction,3.79,Being the True History of the Adventures of Fanny Hackabout-Jones : a Novel
CliffsNotes on Hansberry's A Raisin in the Sun,Rosetta James,Literary Criticism,3.9,
Moon Palace,Paul Auster,Fiction,3.98,
Stir-fry,Emma Donoghue,Fiction,3.58,A Novel
The Merchant of Venice,William Shakespeare,Drama,3.8,
Trials of Death,Darren Shan,Juvenile Fiction,4.25,
Underworld,Greg Cox;Danny McBride,Fiction,4.09,
Parallel Worlds,Michio Kaku,Science,4.18,"A Journey Through Creation, Higher Dimensions, and the Future of the Cosmos"
Collected Poems,Chinua Achebe,Poetry,3.79,
Windblown World,Jack Kerouac;Douglas Brinkley,Biography & Autobiography,4.15,"The Journals of Jack Kerouac, 1947-1954"
The Rattle-Rat,Janwillem Van de Wetering,Fiction,3.97,
The Shining,Stephen King,Fiction,4.67,'Salem's Lot ; Night Shift ; Carrie
Last Words,William S. Burroughs,Biography & Autobiography,3.98,The Final Journals of William S. Burroughs
Keeping Faith,Jimmy Carter,Biography & Autobiography,3.77,Memoirs of a President
Police Brutality,Jill Nelson,Social Science,3.79,An Anthology
"Wampeters, Foma & Granfalloons (opinions)",Kurt Vonnegut,Fiction,3.78,
Only the River Runs Free,Bodie Thoene;Brock Thoene,Fiction,4.09,A Novel
Lay Down My Sword and Shield,James Lee Burke,Fiction,3.89,
Judas Unchained,Peter F. Hamilton,Fiction,4.31,
Mason & Dixon,Thomas Pynchon,Fiction,4.06,A Novel
This Craft of Verse,Jorge Luis Borges;Calin Andrei Mihailescu,Literary Criticism,4.31,
The Blonde on the Street Corner,David Goodis,Fiction,3.72,
Jenny and the Jaws of Life,Jincy Willett,Fiction,3.74,Short Stories
Encyclopedia Brown and the Case of the Slippery Salamander,Donald J. Sobol,Juvenile Fiction,4.09,
Graphic Storytelling,Will Eisner,Literary Criticism,4.09,
Aristophanes: The Acharnians,Smith Palmer Bovie;David R. Slavitt,Drama,3.83,
My Sister's Keeper,Mavis Applewater,Fiction,3.86,
Alexander Hamilton,Ron Chernow,Biography & Autobiography,4.24,
West with the Night,Beryl Markham,Biography & Autobiography,4.19,
The Good Liar,Gregory Maguire,Juvenile Fiction,3.53,
Poems Between Women,Emma Donoghue,Poetry,3.86,"Four Centuries of Love, Romantic Friendship, and Desire"
Death of a Salesman,Arthur Miller,Drama,3.5,
The Confidence-man,Herman Melville,Literary Criticism,3.66,His Masquerade
One Hundred Demons,Lynda Barry,Comics & Graphic Novels,4.16,
Othello,William Shakespeare,Drama,3.88,
Up In a Heaval,Piers Anthony,Fiction,3.82,
The Divine Comedy & Paradise,Dante Alighieri,Poetry,3.95,
Deep and Meaningful Diaries from Planet Janet,Dyan Sheldon,Juvenile Fiction,3.49,
Tales of the Cthulhu Mythos,H. P. Lovecraft,Fiction,4.2,
Oh My Stars,Lorna Landvik,Fiction,3.89,A Novel
Salamandastron,Brian Jacques;Gary Chalk,Juvenile Fiction,4.06,
This Rough Magic,Mary Stewart,Fiction,4.05,
Humboldt's Gift,Saul Bellow,Fiction,3.86,
The Secret Lives of Men and Women,Frank Warren,Self-Help,4.37,A PostSecret Book
Man's Search for Meaning,Viktor Emil Frankl,Psychology,4.36,An Introduction to Logotherapy
His Master's Voice,Stanisław Lem,Fiction,4.11,
A Chosen Few,Mark Kurlansky,History,3.87,The Resurrection of European Jewry
Memoirs of Hadrian,Marguerite Yourcenar;Grace Frick,Fiction,4.25,
Oscar Wilde,Richard Ellmann,Biography & Autobiography,4.24,
The Blue and Brown Books,Ludwig Wittgenstein,Philosophy,4.13,
On Writing,Stephen King,Biography & Autobiography,4.33,
Winter is the Warmest Season,Lauren Stringer,Juvenile Fiction,3.91,
Crown of Shadows,C. S. Friedman,Fiction,4.17,
The Wife,Sigrid Undset,Fiction,4.15,
The End of Days,Zecharia Sitchin,History,4.06,Armageddon and Prophecies of the Return
The Outsider,Richard Wright,Fiction,4.16,
Murder at the Vicarage,Agatha Christie,Fiction,4.05,A Miss Marple Mystery
Mistress Masham's Repose,T. H. White;Fritz Eichenberg,Juvenile Fiction,3.94,
Orestes and Other Plays,Euripides;James Morwood,Literary Criticism,4.07,
Texas! Lucky,Sandra Brown,Fiction,3.86,
Queen of Babble,Meg Cabot,Fiction,3.69,A Novel
Night Lives,Phyllis Eisenstein;Alex Eisenstein,Fiction,4.5,Nine Stories of the Dark Fantastic
Autobiography of Thomas Jefferson,Thomas Jefferson,History,3.86,
Mansfield Park,Jane Austen,Fiction,3.85,
The Ultramarines Omnibus,Graham McNeill,Fiction,3.97,
Divina Commedia. English,Dante Alighieri,Poetry,3.95,
The African Trilogy,Chinua Achebe,Fiction,4.28,
Twelfth Night,William Shakespeare,Drama,3.98,
'I'm Telling You Stories',Helena Grice;Tim Woods,Literary Criticism,3.7,Jeanette Winterson and the Politics of Reading
Les Miserables a New Unabridged Translation,Victor Hugo,Fiction,4.16,
Broken Vessels,Andre Dubus,Fiction,4.32,
How We are Hungry,Dave Eggers,Fiction,3.75,Stories
Through the Arc of the Rain Forest,Karen Tei Yamashita,Fiction,3.91,A Novel
Endless Night,Agatha Christie,Fiction,3.77,
Cosmopolis,Don DeLillo,Fiction,3.22,A Novel
Odd Thomas,Dean Ray Koontz,Fiction,3.96,
Seven Gothic Tales,Isak Dinesen,Fiction,3.94,
"Power, Sex, Suicide",Nick Lane,Science,4.24,Mitochondria and the Meaning of Life
Too Busy Not to Pray,Bill Hybels;LaVonne Neff,Religion,4.16,Slowing Down to Be with God
A Meeting with Medusa,Kim Stanley Robinson;Arthur Charles Clarke,Fiction,3.66,
Paradise Lost and Paradise Regained,John Milton,Poetry,4.08,
Where There's Smoke,Sandra Brown,Fiction,3.96,
Girls who Wore Black,Ronna Johnson;Nancy McCampbell Grace,Literary Criticism,3.66,Women Writing the Beat Generation
Stargirl,Jerry Spinelli,Juvenile Fiction,3.76,
Natural Theology,Emil Brunner;Karl Barth,Religion,3.73,"Comprising ""Nature and Grace"" by Professor Dr. Emil Brunner and the reply ""No!"" by Dr. Karl Barth"
The Complete Poems,William Blake,Literary Criticism,4.29,
Deep Fire Rising,Jack Du Brul,Fiction,4.17,
The Count of Monte Cristo,Alexandre Dumas;Margaret Brantley,Fiction,4.24,
Conan and the Demons of Khitai,Akira Yoshida;Paul Lee;Robert Ervin Howard;Pat Lee,Comics & Graphic Novels,3.3,
Discourse on the Origin of Inequality,Jean-Jacques Rousseau,Philosophy,3.83,
Four Blondes,Candace Bushnell,Fiction,2.82,
"That was Then, this is Now",S. E. Hinton,Juvenile Fiction,3.91,
The Turtle and the Monkey,Paul Galdone,Juvenile Fiction,3.76,
The Communist Manifesto: Marx,John Toews,Science,3.54,With Related Documents
Children of the Night,Mercedes Lackey,Fiction,3.94,A Diana Tregarde Investigation
Tsubasa,CLAMP (Mangaka group),Juvenile Fiction,4.29,vol. 7
Assembling California,John McPhee,Science,4.17,
Storm Warning,Mercedes Lackey,Fiction,4.02,
Downsize This!,Michael Moore,Humor,3.62,
The New Jessica,Francine Pascal,Juvenile Fiction,3.45,
Phantoms,Martin Harry Greenberg;Rosalind M. Greenberg,Fiction,3.38,
Bengal Nights,Mircea Eliade,Fiction,3.93,A Novel
Anthem,Ayn Rand,Fiction,3.63,
The Wake,Neil Gaiman,Comics & Graphic Novels,4.52,
Cold Blood,Lynda La Plante,Fiction,3.93,
The Client,John Grisham,Fiction,3.99,
The Collectors,David Baldacci,Fiction,4.02,
Wanted!,Caroline B. Cooney,Juvenile Fiction,3.68,
Winter's Heart,Robert Jordan,Fiction,3.94,Book Nine of 'The Wheel of Time'
The Mad Ship,Robin Hobb,Fiction,4.24,
The Penelopiad,Margaret Atwood,Fiction,3.69,
Lum Urusei Yatsura,Rumiko Takahashi,Comics & Graphic Novels,3.99,Perfect Collection
The War of the Flowers,Tad Williams,Fiction,3.87,
Surfacing,Margaret Atwood,Fiction,3.46,
The Gift of Asher Lev,Chaim Potok,Fiction,4.15,
Arrow's Fall,Mercedes Lackey,Fiction,4.19,
Eric,Terry Pratchett,Fiction,3.75,
David Foster Wallace's Infinite Jest,Stephen Burn,Literary Criticism,3.8,
Does Anything Eat Wasps?,New Scientist,Humor,3.51,"And 101 Other Unsettling, Witty Answers to Questions You Never Thought You Wanted to Ask"
Foucault's Virginity,Simon Goldhill;Professor of Greek Literature and Culture and Fellow and Director of Studies in Classics Simon Goldhill,History,3.75,Ancient Erotic Fiction and the History of Sexuality
Media Unlimited,Todd Gitlin,Social Science,3.55,How the Torrent of Images and Sounds Overwhelms Our Lives
View with a Grain of Sand,Wisława Szymborska,Poetry,4.33,Selected Poems
The Brief and Frightening Reign of Phil,George Saunders,Fiction,3.7,
Texas! Trilogy,Sandra Brown,Fiction,4.28,Texas! Lucky; Texas! Chase; Texas! Sage
The Dew Breaker,Edwidge Danticat,Fiction,3.79,
Atlas Shrugged,Ayn Rand,Fiction,3.68,
Cross-X,Joe Miller,Social Science,3.8,
Crime and Punishment in America,Elliott Currie,Social Science,3.82,
Catfish and Mandala,Andrew X. Pham,Biography & Autobiography,3.96,A Two-Wheeled Voyage Through the Landscape and Memory of Vietnam
Star Wars: Empire Volume 7--The Wrong Side of the War,Welles Hartley;Davide Fabbri;Christian DallaVecchia; David Michael Beck,Comics & Graphic Novels,3.8,
Cannery Row,John Steinbeck,Fiction,4.03,
Zen and the Art of Motorcycle Maintenance,Robert M. Pirsig,Psychology,3.77,An Inquiry Into Values
The Gramsci Reader,Antonio Gramsci,Philosophy,4.28,"Selected Writings, 1916-1935"
Ship of Destiny,Robin Hobb,Fiction,4.22,
Sea of Fire,Tom Clancy;Jeff Rovin;Steve R. Pieczenik,Fiction,3.89,
Gunslinger Girl,Yu Aida,Comics & Graphic Novels,3.86,
Death of an Addict,M. C. Beaton,Fiction,3.8,
The Writing Life,Annie Dillard,Literary Criticism,4.03,
Coming of Age in Mississippi,Anne Moody,Biography & Autobiography,4.13,
Soul Mates,Thomas Moore,Psychology,4,
The Forever War,Joe Haldeman,Fiction,4.15,
Judas Pig,Horace Silver,Fiction,4.35,
De Profundis and Other Writings,Oscar Wilde,Fiction,4.21,
The Children's Homer,Padraic Colum,Juvenile Fiction,3.89,The Adventures of Odysseus and the Tale of Troy
"Euripides, 3",Euripides,Drama,3.88,"Alcestis, Daughters of Troy, The Phoenician Women, Iphigenia at Aulis, Rhesus"
Outlander,Diana Gabaldon,Fiction,4.22,
"And the Envelope, Please...",Barbara Bretton;Emilie Rose;Isabel Sharpe,Fiction,3.57,Ever After an Affair to Remember It Happened One Night
The Greenlanders,Jane Smiley,Fiction,3.89,
The Science of Stephen King,Lois H. Gresh;Robert Weinberg,Literary Criticism,3.49,"From Carrie to Cell, The Terrifying Truth Behind the Horror Masters Fiction"
CliffsNotes on Dostoevsky's The Brothers Karamazov,James L. Roberts;Gary Carey,Literary Criticism,3.5,
Dracula,Bram Stoker,Fiction,3.99,
The Second World War,Martin Gilbert,History,4.19,A Complete History
Godless,Ann H. Coulter,Science,3.31,The Church of Liberalism
Stars in Their Courses,Shelby Foote,History,4.45,"The Gettysburg Campaign, June-July 1863"
John Adams,David McCullough,Biography & Autobiography,4.06,
Galapagos: A Novel,Kurt Vonnegut,Fiction,3.87,
Wittgenstein on Rules and Private Language,Saul A. Kripke,Philosophy,4.01,An Elementary Exposition
The Kestrel,Lloyd Alexander,Juvenile Fiction,3.99,
The Three Musketeers,Alexandre Dumas,Comics & Graphic Novels,3.56,
Dead Witch Walking,Kim Harrison,Fiction,4.04,
The Eagle,Cynthia Rylant;Preston McDaniels,Juvenile Fiction,4.08,
The Complete Short Novels,Anton Pavlovich Chekhov,Fiction,4.47,
The Odyssey,Homer,History,3.75,
The Canterbury Tales,Geoffrey Chaucer,Poetry,3.49,
A Memoir of Jane Austen,James Edward Austen-Leigh,Biography & Autobiography,3.83,And Other Family Recollections
Stolen,Kelley Armstrong,Fiction,4.15,
The Autobiography of Mark Twain,Charles Neider,Biography & Autobiography,4.05,
Oliver Twist,Charles Dickens,Fiction,3.86,
Wokini,Billy Mills;Nicholas Sparks,Self-Help,3.56,A Lakota Journey to Happiness and Self-understanding
Around the World in Eighty Days,Jules Verne,Fiction,3.92,
Lao Tzu,Lao-tzu;Ursula K. Le Guin;Jerome P. Seaton,Philosophy,4.32,
Frankenstein,Mary Shelley,Literary Criticism,3.47,Mary Shelley
The Realms of the Gods,Tamora Pierce,Juvenile Fiction,4.32,
The Best American Science Writing 2002,Matt Ridley;Alan Lightman,Science,3.88,
Sword of Ice and Other Tales of Valdemar,Mercedes Lackey,Fiction,3.84,
No Heroes,Chris Offutt,Biography & Autobiography,3.85,A Memoir of Coming Home
Secrets,Francine Pascal;Kate William,Juvenile Fiction,3.46,
Jessica's Bad Idea,Jamie Suzanne;Francine Pascal,Juvenile Fiction,3.48,
Horse Heaven,Jane Smiley,Fiction,3.88,
The Irish Anatomist,Keith Donohue,Biography & Autobiography,5,A Study of Flann O'Brien
Another Bullshit Night in Suck City: A Memoir,Nick Flynn,Biography & Autobiography,3.78,
Undead and Unappreciated,MaryJanice Davidson,Fiction,3.88,
Daisy-head Mayzie,Dr. Seuss,Juvenile Fiction,3.86,
Are We There Yet?,David Levithan,Juvenile Fiction,3.5,
Organic Church,Neil Cole,Religion,3.88,Growing Faith Where Life Happens
Korea's Place in the Sun: A Modern History (Updated),Bruce Cumings,History,3.76,
For the relief of unbearable urges,Nathan Englander,Fiction,3.94,
Douglas Adams's Starship Titanic,Terry Jones,Fiction,3.6,A Novel
Mrs Dalloway,Virginia Woolf,Fiction,3.79,
J R,William Gaddis,Fiction,4.28,
The Shaping of America: A Geographical Perspective on 500 Years of History,D. W. Meinig,History,4.15,"Volume 2: Continental America, 1800–1867"
Pan,Knut Hamsun,Fiction,3.9,From the Papers of Lieutenant Thomas Glahn
Masculinity and Male Codes of Honor in Modern France,Robert A. Nye,History,4.36,
Sixteen Thirty-two,Eric Flint,Fiction,4.04,
The Realm of Possibility,David Levithan,Juvenile Fiction,3.93,
How to Make Money Like a Porn Star,Neil Strauss;Bernard Chang,Comics & Graphic Novels,3.31,
Killing Time,Cynthia Harrod-Eagles,Fiction,3.97,An Inspector Bill Slider Mystery
Jonathan Strange & Mr Norrell,Susanna Clarke,Fiction,3.82,A Novel
Henry VIII,William Shakespeare,Drama,0,
The Serial Killers Club,Jeff Povey,Fiction,3.21,A Novel
The 9/11 Commission Report,National Commission on Terrorist Attacks upon the United States,History,3.58,Final Report of the National Commission on Terrorist Attacks Upon the United States. Authorized Edition
The Italian Girl,Patricia Hall,Fiction,3.4,
Anne Frank,Johanna Hurwitz,Fiction,3.99,Life in Hiding
Dispatches from the Tenth Circle,Robert Siegel,Humor,4.2,The Best of The Onion
"X/1999, Volume 2",CLAMP,Comics & Graphic Novels,4.02,Overture
Civilization and Its Discontents,Sigmund Freud,History,3.77,
Ego & Hubris,Harvey Pekar,Biography & Autobiography,3.65,The Michael Malice Story
Anne Frank Remembered,Miep Gies;Alison Leslie Gold,History,4.28,The Story of the Woman who Helped to Hide the Frank Family
The Rocky Road to Romance,Janet Evanovich,Fiction,3.67,
Helena,Evelyn Waugh,Fiction,3.59,
Nineteen Nineteen,John Dos Passos,Fiction,4,
The Magyar Venus,Lyn Hamilton,Fiction,3.72,
The Histories,Herodotus,History,3.98,
Mary Shelley,Anne Kostelanetz Mellor,Biography & Autobiography,3.93,"Her Life, Her Fiction, Her Monsters"
The Oresteia of Aeschylus,Aeschylus;Ted Hughes,Drama,4.01,A New Translation by Ted Hughes
The Beach House,Mary Alice Monroe,Fiction,4.2,
Assumed Identity,David Morrell,Fiction,3.78,
The Botany of Desire,Michael Pollan,Social Science,4.06,A Plant's-eye View of the World
How the García Girls Lost Their Accents,Julia Alvarez,Fiction,3.63,
The Double and the Gambler,Fyodor Mikhailovich Dostoevsky;Fyodor Dostoyevsky,Fiction,4.15,
Chester,Syd Hoff,Juvenile Fiction,3.75,
A Christmas Carol,Charles Dickens,Fiction,4.04,
Youth in Revolt,C. D. Payne,Fiction,4.02,The Journals of Nick Twisp
Ray Bradbury's Fahrenheit 451,Harold Bloom,Fiction,4.18,
Letters,John Barth,Fiction,3.82,A Novel
Spire,William Golding,Fiction,3.59,Notes
Gunslinger,Edward Dorn,Fiction,4.11,
"Narrative of the Life of Frederick Douglass, an American Slave",Frederick Douglass;Harriet Jacobs,Biography & Autobiography,4,
Man and Boy,Tony Parsons,Fiction,3.56,A Novel
Insurgency & Terrorism,Bard E. O'Neill,Science,3.92,From Revolution to Apocalypse
Lunar Park,Bret Easton Ellis,Fiction,3.62,
Boogaloo on 2nd Avenue,Mark Kurlansky,Fiction,3.15,"A Novel of Pastry, Guilt, and Music"
The History of Tom Jones,Henry Fielding,Fiction,3.74,A Foundling
Rocket Ship Galileo,Robert Anson Heinlein,Fiction,3.71,
The King of Torts,John Grisham,Fiction,3.67,
A Patchwork Planet,Anne Tyler,Fiction,3.79,
Laughter and Tears,Ann Hewetson,Psychology,4,A Family's Journey to Understanding the Autism Spectrum
Bedlam's Edge,Mercedes Lackey;Rosemary Edghill,Fiction,3.92,
Trump,Donald Trump,Biography & Autobiography,3.65,The Art of the Deal
Han'guk-sik Sarang,J. Torres,Comics & Graphic Novels,3.44,
The Maps of Tolkien's Middle-earth,Brian Sibley,Fiction,4.13,
The Red Tent,Anita Diamant,Fiction,4.17,A Novel
The Azathoth Cycle,Edward Derby;Peter Cannon;Lin Carter;Ramsey Campbell;Henry Kuttner;Stephen Rainey;Thomas Ligotti;Gary Myers;Richard Tierney,Fiction,3.75,Tales of the Blind Idiot God
The Many Worlds of Magnus Ridolph,Jack Vance,Science,3.92,
How the Mind Works,Steven Pinker,Philosophy,3.97,
Carrion Comfort,Dan Simmons,Fiction,3.9,
The Little Princesses,Marion Crawford,Biography & Autobiography,4,"The Story of the Queen's Childhood by Her Nanny, Marion Crawford"
Brando Unzipped,Darwin Porter,Biography & Autobiography,3.55,
Blame it on the Blackout,Heidi Betts,Fiction,3.49,
18 Best Stories,Edgar Allan Poe,Fiction,4.02,
Death in Holy Orders,P. D. James,Fiction,3.92,
Skellig,David Almond,Juvenile Fiction,3.79,
The Prestige,Christopher Priest,Fiction,3.88,
A Theory of Semiotics,Umberto Eco,Literary Criticism,4.01,
Babar's World Tour,Laurent de Brunhoff,Juvenile Fiction,3.84,
A Year in the Merde,Stephen Clarke,Fiction,3.55,
The Circus of Adventure,Enid Blyton,Juvenile Fiction,4.1,
A Cavern of Black Ice,J. V. Jones,Fiction,3.87,
The Sisters: The Saga of the Mitford Family,Mary S. Lovell,Biography & Autobiography,3.97,
Flinx's Folly,Alan Dean Foster,Fiction,3.94,
Sleeping in Flame,Jonathan Carroll,Fiction,4.05,
The Social Contract,Jean-Jacques Rousseau;Maurice Cranston,Philosophy,3.76,
Led Astray,Sandra Brown,Fiction,3.75,
The Master of Whitestorm,Janny Wurts,Fiction,3.91,
I'm Too Young To Be Seventy,Judith Viorst,Humor,3.94,I'm Too Young To Be Seventy
The Silmarillion,John Ronald Reuel Tolkien;Ted Nasmith,Fiction,3.91,
The Air-conditioned Nightmare,Henry Miller,Fiction,3.83,
The Once and Future King,Terence Hanbury White,Fiction,4.08,
"The Progressive Historians--Turner, Beard, Parrington",Richard Hofstadter,History,3.86,
The Vampire Chronicles Collection,Anne Rice,Fiction,4.27,Volume 1
Carrie,Stephen King,Fiction,3.95,
King Rat,James Clavell,Fiction,4.13,
Morgoth's Ring: The legends of Aman,John Ronald Reuel Tolkien,Fiction,4.12,
The Natural,Bernard Malamud,Fiction,3.63,A Novel
How to Think Theologically,Howard W. Stone;James O. Duke,Religion,3.65,
The 97th Step,Steve Perry,Fiction,4.22,
The Ice Storm,Rick Moody,Fiction,3.67,A Novel
Desecration,Tim F. LaHaye;Jerry B. Jenkins,Fiction,4.01,Antichrist Takes the Throne
Soldiers of Destruction,Charles W. Sydnor,History,4,"The SS Death's Head Division, 1933-1945"
The Closers,Michael Connelly,Fiction,4.12,
The Vital Illusion,Jean Baudrillard;Julia Witwer,Literary Criticism,3.84,
The Presocratic Philosophers,G. S. Kirk;J. E. Raven;M. Schofield,Philosophy,4.24,A Critical History with a Selcetion of Texts
Star Wars: Knights of the Old Republic Vol. 1--Commencement,John Jackson Miller;Brian Ching;Travel Foreman; Travis Charest,Comics & Graphic Novels,4.07,
Germania,Cornelius Tacitus,History,3.98,
"Philosophical Papers: Volume 1, Human Agency and Language",Charles Taylor,Philosophy,4.31,
Their Sisters' Keepers,Estelle B. Freedman,History,4.23,"Women's Prison Reform in America, 1830-1930"
Shards of a Broken Crown,Raymond E. Feist,Fiction,4.01,Book Four of the Serpentwar Saga
The World Is Flat [Updated and Expanded],Thomas L. Friedman,Social Science,3.68,A Brief History of the Twenty-first Century
The Labyrinth of Solitude,Octavio Paz,History,4.15,And the Other Mexico ; Return to the Labyrinth of Solitude ; Mexico and the United States ; The Philanthropic Ogre
Letters to a Young Poet,Rainer Maria Rilke;Franz Xaver Kappus;Reginald Snell,Poetry,4.33,
The United States of Europe,T. R. Reid,History,3.62,The New Superpower and the End of American Supremacy
The Guardian,Nicholas Sparks,Fiction,4.15,
The Diablo: The Black Road,Mel Odom,Fiction,3.67,
The Legacy of Sovereign Joy,John Piper,Religion,4.26,"God's Triumphant Grace in the Lives of Augustine, Luther, and Calvin"
Mini-Manual of the Urban Guerrilla,Carlos Marighella,Science,3.31,
Regarding the Fountain,Kate Klise,Juvenile Fiction,4.2,
Sky's Pride and Joy,Sandra Steffen,Fiction,3,
The Medusa in the Shield,David G. Hartwell,Fiction,3.98,
The Liberty Bell,Debra Hess,History,3.83,
Chop Shop,Tim Downs,Fiction,4.22,
Sketches from a Hunter's Album,Ivan Turgenev,Fiction,3.93,
Call After Midnight & Under the Knife,Tess Gerritsen,Fiction,4,
The Rainbow Goblins,Ul De Rico,Juvenile Fiction,4.42,
Pippi Goes on Board,Astrid Lindgren;Louis S. Glanzman,Juvenile Fiction,4.12,
Harry Potter and the Goblet of Fire,J. K. Rowling,Juvenile Fiction,4.55,
Psycho Shop,Alfred Bester & Roger Zelazny,Fiction,3.6,
No Dominion,Charlie Huston,Fiction,3.99,
The curious incident of the dog in the night-time,Mark Haddon,Fiction,3.87,a novel
The 7 Habits of Highly Effective People Personal Workbook,Stephen R. Covey,Self-Help,4.22,
Call of the Moon,Ronda Thompson,Fiction,3.74,
A Second Chance at Eden,Peter F. Hamilton,Science,4.02,
Taken at the Flood,Agatha Christie,Fiction,3.71,
The Intellectuals and the Flag,Todd Gitlin;Professor of Culture Journalism and Sociology Todd Gitlin,Science,3.59,
Orchid,Jayne Castle,Fiction,4.15,
Fierce Invalids Home from Hot Climates,Tom Robbins,Fiction,4.03,
Breach of Promise,James Scott Bell,Fiction,4,
Myths of the Underworld Journey,"Radcliffe G. Edmonds, III",History,3.75,"Plato, Aristophanes, and the 'Orphic' Gold Tablets"
Magic's Pawn,Mercedes Lackey,Fiction,4.21,
Tom Clancy's Splinter Cell,David Michaels,Fiction,3.85,
Nietzsche: The Birth of Tragedy and Other Writings,Friedrich Nietzsche;Nietzsche Friedrich,Philosophy,4.02,
Hunting the Hunter,Gordon Korman,Juvenile Fiction,4.21,
The Tolkien Reader,J. R. R. Tolkien,Fiction,3.99,
Let Down Your Hair,Jane B. Mason;Sarah Hines-Stephens,Juvenile Fiction,3.83,
A New Collection of Three Complete Novels,Michael Crichton,Fiction,3.99,
Lord of the Flies,William Golding,Fiction,3.67,
Disney's Little Einsteins: Birthday Machine,Susan Ring,Juvenile Fiction,4.29,
Gabriel Garcia Marquez's Love in the Time of Cholera,Tom Fahy,Literary Criticism,4.23,
Them,Joyce Carol Oates,Fiction,3.71,
The Death of Artemio Cruz,Carlos Fuentes,Fiction,3.86,
The Ruby Ring,Diane Haeger,Fiction,3.69,A Novel
Twelfth Night Or What You Will,William Shakespeare;Elizabeth Story Donno,Drama,3.98,
Four Baboons Adoring the Sun,John Guare,Drama,4,
The Innkeeper's Song,Peter S. Beagle,Fiction,3.89,A Novel
An Inconvenient Truth,Al Gore,Science,3.76,The Planetary Emergency of Global Warming and What We Can Do About It
Elect Mr. Robinson for a Better World,Donald Antrim,Fiction,3.67,
Vampire Hunter D Volume 5: The Stuff of Dreams,Hideyuki Kikuchi;Yoshitaka Amano;Kevin Leahy,Comics & Graphic Novels,3.99,
Bad Dreams,Kim Newman,Fiction,3.15,
Lawrence Durrell,Ian S. MacNiven,Biography & Autobiography,4.04,A Biography
The Cambridge Companion to Cervantes,Anthony J. Cascardi,Literary Criticism,3.6,
The Free Bards,Lackey,Fiction,4.18,
The Day of the Tempest,Jean Rabe,Fiction,3.65,
Serious Girls,Maxine Swann,Fiction,3.19,A Novel
"The Autobiography of Martin Luther King, Jr.",Clayborne Carson,Biography & Autobiography,4.34,
Once Upon a Cool Motorcycle Dude,Kevin O'Malley,Juvenile Fiction,4.08,
Smoke and Mirrors,Neil Gaiman,Fiction,4.05,Short Fictions and Illusions
The Mistress's Daughter,A. M. Homes,Biography & Autobiography,3.28,
Beatrix Potter,Linda Lear,Biography & Autobiography,4.03,A Life in Nature
The Art of Loving,Eiki Eiki;Yukine Honami,Comics & Graphic Novels,3.48,
Much Ado about Nothing,William Shakespeare,Fiction,4.06,
JoJo's Bizarre Adventure: Part 3--Stardust Crusaders,Hirohiko Araki,Comics & Graphic Novels,4.42,
Time Quartet,Madeleine L'Engle,Science,4.35,
The Glass Bead Game,Hermann Hesse,Fiction,4.11,(Magister Ludi) A Novel
"Medieval Philosophy : A New History of Western Philosophy, Volume 2",Anthony Kenny,Philosophy,3.85,A New History of Western Philosophy
Tolkien,David Day,Fiction,4.13,The Illustrated Encyclopaedia
Betsy-Tacy,Maud Hart Lovelace,Juvenile Fiction,4.07,
Feersum Endjinn,Iain Banks,Fiction,3.82,
Small Island,Andrea Levy,Fiction,3.93,A Novel
Monster Island,David Wellington,Fiction,3.6,A Zombie Novel
And I Don't Want to Live this Life,Deborah Spungen,Biography & Autobiography,4.09,
Never Let Me Go,Kazuo Ishiguro,Fiction,3.81,
The Gabriel Hounds,Mary Stewart,Fiction,3.91,
The Best of Lester Del Rey,Lester Del Rey,Fiction,3.8,
Money to Burn,Ricardo Piglia;Amanda Hopkinson,Fiction,3.75,
New X-Men Omnibus,Grant Morrison;Frank Quitely,Comics & Graphic Novels,4.22,
Slim to None,Jennifer Hendricks,Biography & Autobiography,3.65,A Journey Through the Wasteland of Anorexia Treatment
The Stories of Vladimir Nabokov,Vladimir Vladimirovich Nabokov,Fiction,4.3,
Godslayer,Jacqueline Carey,Fiction,3.69,Volume II of The Sundering
The Faiths of the Founding Fathers,David L. Holmes,Biography & Autobiography,3.86,
Promise Me,Harlan Coben,Fiction,3.98,
Airborne,Tom Clancy,History,3.76,A Guided Tour of an Airborne Task Force
Paradise,Judith McNaught,Fiction,4.32,
The Family Trade,Charles Stross,Fiction,3.52,
When She was Good,Philip Roth,Fiction,3.53,
"Since 1500, Chapters 15-30",Richard W. Bulliet,Science,4,The Earth and Its Peoples: A Global History
The birds,Aristophanes;Sean O'Brien,Drama,2.67,
Frankenstein,Mary Wollstonecraft Shelley;J. Paul Hunter,Fiction,3.78,"The 1818 Text, Contexts, Nineteenth-century Responses, Modern Criticism"
Shadows and Wind,Robert Templer,History,3.48,A View of Modern Vietnam
1421,Gavin Menzies,History,3.59,The Year China Discovered America
Storm of the century,Stephen King,Fiction,3.91,
Georgics (Zongo Classics),Virgil,Poetry,3.85,
"Cry, the Beloved Country",Alan Paton,Fiction,3.89,
Bad Boys Over Easy,Erin McCarthy;Jen Nicholas;Jordan Summers,Fiction,3.78,
Satan in Goray,Isaac Bashevis Singer,Fiction,3.86,A Novel
Code Orange,Caroline B. Cooney,Juvenile Fiction,3.64,
The Devilish Pleasures of a Duke,Jillian Hunter,Fiction,3.98,
The Wars,Timothy Findley,Fiction,3.87,
Alanna,Tamora Pierce,Juvenile Fiction,4.27,The First Adventure
"The Pronouncing Reading Book for Children, With an Intr., by W.L. Robinson",William L Robinson,History,3.66,
The Great Shark Hunt,Hunter S. Thompson,Biography & Autobiography,4.08,Strange Tales from a Strange Time
Choke,Stuart Woods,Fiction,3.83,
The Intelligence of Evil or the Lucidity Pact,Jean Baudrillard,Philosophy,3.86,
Voices,Ursula K. Le Guin,Juvenile Fiction,3.87,
The Rules of Attraction,Bret Easton Ellis,Fiction,3.7,
Sukhoi Su-27 Flanker,Yefim Gordon;Peter Davison,History,3,
Marie Antoinette,Antonia Fraser,Biography & Autobiography,3.92,The Journey
Philosophy In The Flesh,George Lakoff,Philosophy,4.07,
Hamlet's Dresser,Bob Smith,Biography & Autobiography,3.75,A Memoir
Practical Magic,Alice Hoffman,Fiction,3.79,
This is New York,Miroslav Sasek,Fiction,4.3,
Odds Against,Dick Francis,Fiction,4.05,
Wasteland Vol. 1,Antony Johnston,Comics & Graphic Novels,3.56,Cities in Dust
Vanishing Acts,Jodi Picoult,Fiction,3.69,A Novel
Republic,Plato,Science,3.93,
Harry Potter and the Chamber of Secrets (Book 2),"Rowling, J.K.",Juvenile Fiction,4.41,
Your Oasis on Flame Lake,Lorna Landvik,Fiction,3.59,
Night Over Water,Ken Follett,Fiction,3.81,
Imajica II,Clive Barker,Fiction,4.42,The Reconciliation
Pastoralia,George Saunders,Humor,4.11,
"Other Voices, Other Rooms",Truman Capote,Fiction,3.81,
The Beggar Maid,Alice Munro,Fiction,3.93,Stories of Flo and Rose
The Boat of Dreams,Richard Preston,Fiction,3.31,A Christmas Story
Hamlet,William Shakespeare,Drama,4.01,
Tuf Voyaging,George R. R. Martin,Fiction,4.09,
The Reality Dysfunction,Peter F. Hamilton,Fiction,4.14,
The Three Musketeers,Alexandre Dumas,Fiction,4.07,
All Creatures Great and Small,James Herriot,Biography & Autobiography,4.32,
Off to Sea,Robert Louis Stevenson;Catherine Nichols,Juvenile Fiction,4.17,
Forbidden Knowledge,Stephen R. Donaldson,Fiction,3.99,The Gap Into Vision
In the Shadow of No Towers,Art Spiegelman,Comics & Graphic Novels,3.68,
Lead Like Jesus,Ken Blanchard;Phil Hodges,Religion,4.03,
Reservation Blues,Sherman Alexie,Fiction,3.98,
Buried Child,Sam Shepard,Drama,3.91,A Play
The Negro,W. E. B. Du Bois,History,4.31,
"Dear God, Help!!! Love, Earl",Barbara Park,Juvenile Fiction,3.95,
Charlie and the Chocolate Factory,Roald Dahl,Juvenile Fiction,3.86,
Death and the King's Horseman,Wole Soyinka;Simon Gikandi,Drama,3.76,"Authoritative Text : Backgrounds and Contexts, Criticism"
Richard Matheson's Hell House,Ian Edington;Simon Fraser;Chris Ryall,Comics & Graphic Novels,4.08,
Yiddish with Dick and Jane,Ellis Weiner;Barbara Davilman,Humor,3.91,
"Blood Meridian, Or, The Evening Redness in the West",Cormac McCarthy,Fiction,4.18,
"No Exit, and Three Other Plays",Jean-Paul Sartre,Drama,4.1,
The Eyes of the Dragon,Stephen King,Fiction,3.93,A Story
Love,Pablo Neruda,Poetry,4.46,Ten Poems
Father to Son,Warren Murphy;Richard Sapir,Fiction,4.1,
A Tale of Two Cities,Charles Dickens,Fiction,3.83,
Shalimar the Clown,Salman Rushdie,Fiction,3.87,A Novel
The Scarlet Letter,Nathaniel Hawthorne;Margaret Brantley,Fiction,3.39,
C.G. Jung and Hermann Hesse,Miguel Serrano,Psychology,4.03,A Record of Two Friendships
Jane Austen's Letters,Jane Austen,Fiction,4.15,
Ultimate Unofficial Guide to the Mysteries of Harry Potter,Galadriel Waters;Astre Mithrandir,Literary Criticism,4.05,
The Changeling,Kate Horsley,Fiction,3.56,A Novel
The Broken Gun,Louis L'Amour,Fiction,3.75,
Saint-Exupery,Stacy Schiff,Biography & Autobiography,4.05,A Biography
Swann's Way,Marcel Proust,Fiction,4.14,
Red Road From Stalingrad,Mansur Abdulin,History,4.12,Recollections of a Soviet Infantryman
The Complete Fairy Tales and Stories,"Andersen, H. C. (Hans Christian)",Fiction,4.28,
Astronomy For Dummies,Stephen P. Maran,Science,3.83,
Sense and Sensibility,Jane Austen,Fiction,4.07,
Seikai: Crest of the Stars Volume 2: A Modest War,Morioka Hiroyuki,Comics & Graphic Novels,4.1,
Killobyte,Piers Anthony,Fiction,3.55,
Dead Souls,Nikolay Gogol,Fiction,3.99,
The Lord of the Rings: The return of the king,John Ronald Reuel Tolkien,Fiction,4.52,
The Heart is a Lonely Hunter,Carson McCullers,Fiction,3.98,
The Ravishing of Lol Stein,Marguerite Duras,Fiction,3.67,
Spells and Sleeping Bags,Sarah Mlynowski,Juvenile Fiction,4.05,
Cyrano de Bergerac,Edmond Rostand,Drama,4.06,
Witch Grass,Raymond Queneau;Barbara Wright,Fiction,3.94,
Heat,William Goldman,Fiction,3.38,
The Panda's Thumb,Stephen Jay Gould,Science,4.11,More Reflections in Natural History
This Is Berlin,William L. Shirer;John Keegan,History,4.22,Radio Broadcasts from Nazi Germany
The Secret Society of Demolition Writers,Aimee Bender;Marc Parent,Fiction,3.12,Stories
Chicago Stories,James Thomas Farrell;Professor James T Farrell,Fiction,3.89,
Philosophy of Mind,David John Chalmers,Philosophy,4.07,Classical and Contemporary Readings
Cart And Cwidder,Diana Wynne Jones,Juvenile Fiction,3.84,
The Code Book,Simon Singh,History,4.31,The Science of Secrecy from Ancient Egypt to Quantum Cryptography
The Price of Pleasure,Kresley Cole,Fiction,4,
Tales Before Tolkien,Douglas A. Anderson,Fiction,3.94,The Roots of Modern Fantasy
The Letters of Virginia Woolf: 1936-1941,Virginia Woolf,Biography & Autobiography,4.47,
You Shall Know Our Velocity!,Dave Eggers,Fiction,3.63,
Fragmenta,Plutarcus;Ευριπιδες,Literary Criticism,3.97,
Jack of Fables,Bill Willingham;Matthew Sturges;Tony Akins;Andrew Pepoy,Comics & Graphic Novels,3.58,The (nearly) Great Escape
The Last Castle,Jack Vance;Robert Silverberg,Fiction,3.71,
How Angel Peterson Got His Name,Gary Paulsen,Fiction,3.93,And Other Outrageous Tales about Extreme Sports
The Ethics of Authenticity,Charles Taylor,Philosophy,3.9,
The Legend of Huma,Richard A. Knaak,Fiction,4.03,
The Early Diary of Anaïs Nin: 1923-1927,Anaïs Nin,Biography & Autobiography,4.18,
In the Name of Jesus,Henri J. M. Nouwen,Religion,4.35,Reflections on Christian Leadership
Tom Clancy's Net Force,Tom Clancy;Steve Perry;Steve Pieczenik,Fiction,3.75,Cybernation
"R-T, Margaret, and the Rats of NIMH",Jane Leslie Conly,Juvenile Fiction,3.52,
Ranma 1/2,Rumiko Takahashi,Comics & Graphic Novels,4.08,
A Lady At Last,Brenda Joyce,Fiction,4.07,
Seven Sunny Days,Chris Manby,Fiction,3.32,A Novel
In the Beginning,Alister E. McGrath,Religion,3.96,"The Story of the King James Bible and How It Changed a Nation, a Language,and a Culture"
While I was Gone,Sue Miller,Fiction,3.68,
After Glow,Jayne Castle;Jayne Ann Krentz,Fiction,4.13,
The Case of the Kidnapped Candy,James Preller,Juvenile Fiction,3.74,
Hamlet: The Texts of 1603 and 1623,William Shakespeare,Drama,4.01,Third Series
The Last Templar,Raymond Khoury,Fiction,3.6,
Tramp Royale,Robert Anson Heinlein,Biography & Autobiography,3.7,
The Brooklyn Follies,Paul Auster,Fiction,3.83,A Novel
Mrs. Dalloway,Virginia Woolf,Fiction,3.79,
"The Hedgehog, the Fox, and the Magister's Pox",Stephen Jay Gould,Science,3.64,Mending the Gap Between Science and the Humanities
The Bluest Eyes in Texas,Marilyn Pappano,Fiction,3.67,
The Best of Roald Dahl,Roald Dahl,Fiction,4.38,
Suffer the Little Children,Donna Leon,Fiction,3.78,
Little Pilgrim's Progress,Helen L. Taylor,Juvenile Fiction,4.25,From John Bunyan's Classic
A Star Trek: The Next Generation: Time #7: A Time to Kill,David Mack,Fiction,3.97,
The Sigma Protocol,Robert Ludlum,Fiction,3.79,
Lady of the Lake,Elizabeth Mayne,Fiction,3.26,
"Laguna, I Love You",John Weld,History,0,"The Best of ""Our Town"""
Dark Watch,Clive Cussler;Jack B. Du Brul,Fiction,4.09,
Expository Writing,Tara McCarthy,Fiction,4.33,
Happy Birthday to You!,Dr. Seuss,Juvenile Fiction,4.12,
"John Constantine, Hellblazer: Setting sun",Warren Ellis,Comics & Graphic Novels,4.19,
We Wish to Inform You That Tomorrow We Will Be Killed with Our Families,Philip Gourevitch,History,4.25,Stories From Rwanda
"Mary, Queen of Scots",Jenny Wormald,Biography & Autobiography,3.71,"Pride, Passion and a Kingdom Lost"
The Belgariad Boxed Set,David Eddings,Fiction,4.27,Pawn of Prophecy; Queen of Sorcery; Magician's Gambit; Castle of Wizardry; Enchanter's End Game
For Her Own Good,Barbara Ehrenreich;Deirdre English,History,3.97,Two Centuries of the Experts' Advice to Women
Treason,Orson Scott Card,Fiction,3.9,
Selected Poems,Octavio Paz;G. Aroul,Poetry,4.21,
Paso Del Norte,Juan Rulfo,Fiction,4.19,
Tales from the Odyssey: The Land of the Dead - Book #2,Mary Pope Osborne,Juvenile Fiction,3.99,
The Deeds of the Disturber,Elizabeth Peters,Fiction,4.05,
Sunny the Yellow Fairy,Daisy Meadows,Juvenile Fiction,3.83,
Spring Torrents,Иван Сергеевич Тургенев;Leonard Shapiro,Fiction,3.94,
The Red and the Black,Stendhal,Fiction,3.87,A Chronicle of 1830
Unlimited Power,Tony Robbins,Self-Help,4.22,The New Science Of Personal Achievement
Henry V,William Shakespeare,Drama,0,
The Day I Swapped My Dad for Two Goldfish,Neil Gaiman,Juvenile Fiction,4.03,
Lost and Found,Alan Dean Foster,Fiction,3.68,
CliffsNotes on Shakespeare's Hamlet,Carla Lynn Stockton,Literary Criticism,3.68,
"Someone Comes to Town, Someone Leaves Town",Cory Doctorow,Fiction,3.51,
The Classical World,Robin Lane Fox,History,3.92,An Epic History from Homer to Hadrian
Howards End,E. M. Forster,Fiction,3.96,
Checkmate,David Michaels;Tom Clancy,Fiction,3.93,
Narcissus and Goldmund,Hermann Hesse,Fiction,4.2,
Beauty Shop for Rent,Laura Bowers,Juvenile Fiction,3.87,#NAME?
Final Rain,Jerry Ahern,Fiction,3.69,
The Sicilian,Mario Puzo,Fiction,3.96,
Caesar,Colleen McCullough,Fiction,4.36,A Novel
Dead Sleep,Greg Iles,Fiction,4.04,
Invisible Cities,Italo Calvino,Fiction,4.17,
The Tao of Physics,Fritjof Capra,Science,3.97,An Exploration of the Parallels Between Modern Physics and Eastern Mysticism
The complete works of Aristotle,Aristoteles,Philosophy,4.43,the revised Oxford translation
Bad Childhood---Good Life,Laura Schlessinger,Self-Help,3.92,How to Blossom and Thrive in Spite of an Unhappy Childhood
Less Than Zero,Bret Easton Ellis,Fiction,3.58,
Demon in My View,Amelia Atwater-Rhodes,Juvenile Fiction,4.04,
The Plot Against America,Philip Roth,Fiction,3.75,
Ghost Story,Peter Straub,Fiction,3.95,
Year's Happy Ending,Betty Neels,Fiction,3.95,
Alcoholics Anonymous,Alcoholics Anonymous,Self-Help,4.44,
Tolkien's Modern Middle Ages,J. Chance;A. Siewers,Literary Criticism,3.59,
The Amen Corner,James Baldwin,Drama,3.9,A Play
Reunion,Karen Kingsbury;Gary Smalley,Fiction,4.5,
"Twelfth Night, Or, What You Will",William Shakespeare,Drama,3.98,Modern English Version Side-by-side with Full Original Text
The Island At The Center Of The World,Russell Shorto,History,4.13,The Epic Story Of Dutch Manhattan And The Forgotten Colony That Shaped America
The Husband,Dean Ray Koontz,Fiction,3.81,
Suite Francaise,Irene Nemirovsky,Fiction,3.83,
The Sword of Shannara Trilogy,Terry Brooks,Fiction,3.94,
The Story of Avis,Elizabeth Stuart Phelps;Carol Farley Kessler,Biography & Autobiography,3.55,
Fergus and the Night-Demon,Jim Murphy,Juvenile Fiction,3.71,An Irish Ghost Story
Strange Candy,Laurell K. Hamilton,Fiction,3.75,
A False Mirror,Charles Todd,Fiction,4.02,An Inspector Ian Rutledge Mystery
Math Fables,Greg Tang,Fiction,4.06,Lessons that Count
The Best American Mystery Stories 2004,Nelson DeMille;Otto Penzler,Fiction,3.53,
Vesco from Wall Street to Castro's Cuba,Arthur Herzog,Biography & Autobiography,4.17,"The Rise, Fall, and Exile of the King of White Collar Crime"
The Transcendence of the Ego,Jean-Paul Sartre,Philosophy,3.82,An Existentialist Theory of Consciousness
Lord of the Flies,William Golding,Fiction,3.67,
Persian Mirrors,Elaine Sciolino,History,3.82,The Elusive Face of Iran
Murder on the Orient Express,Agatha Christie,Fiction,4.16,A Hercule Poirot Mystery
The 10 Commandments of Parenting,H. Edwin Young,Religion,4,The Do's and Don'ts for Raising Great Kids
The Waiting Sands,Susan Howatch,Fiction,3.43,
The Grapes of Wrath,John Steinbeck,Fiction,3.95,
The Waste Lands,Stephen King,Fiction,4.24,
The Christmas Shoes,Donna VanLiere,Fiction,4.23,
"The Lion, the Witch and the Wardrobe Read-Aloud Edition",C. S. Lewis;Pauline Baynes,Juvenile Fiction,4.21,
House of Leaves,Mark Z. Danielewski,Fiction,4.12,
Crucible of War,Fred Anderson,History,4.15,"The Seven Years' War and the Fate of Empire in British North America, 1754-1766"
Cryptonomicon,Neal Stephenson,Fiction,4.25,
Romeo and Juliet,William Shakespeare,Drama,3.74,
An Old-Fashioned Thanksgiving,Louisa May Alcott;James Bernardin,Juvenile Fiction,3.7,
The BFG,Roald Dahl;David Wood;Jane Walmsley,Fiction,4.26,A Set of Plays
"The Good, the Bad, and the Undead",Kim Harrison,Fiction,4.26,
The Trouble with the Pears,Gia Bathory Al Babel,Fiction,2.55,An Intimate Portrait of Erzsebet Bathory
No Rest for the Wicked,Kresley Cole,Fiction,4.3,
King of the Vagabonds,Neal Stephenson,Fiction,4.16,The Baroque Cycle #2
The Walking Dead,Robert Kirkman,Comics & Graphic Novels,0,
Morgawr,Terry Brooks,Fiction,3.97,
The Second Time Around,Mary Higgins Clark,Fiction,3.75,A Novel
The Body in the Lighthouse,Katherine Hall Page,Fiction,3.68,A Faith Fairchild Mystery
Book of Nightmares,John Peel,Fiction,4.11,
Dominion,Masamune Shirow;Dana Lewis;Frederik L. Schodt;Toren Smith;Tom Orzechowski,Comics & Graphic Novels,3.73,
The Maze,Catherine Coulter,Fiction,4.11,
In Search of Duende,Federico García Lorca;Norman Thomas Di Giovanni,Poetry,4.3,
Dante's Inferno,Dante (Alighieri);Dante Alighieri,Poetry,4,The Indiana Critical Edition
Left behind,Tim Lahaye;Tim F. LaHaye;Jerry B. Jenkins,Fiction,3.83,a novel of the earth's last days
Dominion,Randy Alcorn,Fiction,4.22,
Robinson Crusoe,Daniel Defoe;Michael Shinagel,Fiction,3.67,"An Authoritative Text, Contexts, Criticism"
Of Time and the River,Thomas Wolfe,Fiction,4.19,A Legend of Man's Hunger in His Youth
Dragon's Treasure,Elizabeth A. Lynn,Fiction,3.53,
Legacy of the Dead,Charles Todd,Fiction,4.15,
The Fellowship of the Ring,John Ronald Reuel Tolkien,Fiction,0,
"Human, All Too Human, I",Friedrich Wilhelm Nietzsche;Gary Handwerk,Philosophy,4.22,
Interface,Neal Stephenson;Frederick George,Fiction,3.67,
The Rum Diary,Hunter S. Thompson,Fiction,3.82,A Novel
The Uses of Literature,Italo Calvino,Literary Criticism,4.07,Essays
The Adolescent,Fyodor Dostoyevsky,Fiction,3.94,
Who Was John F. Kennedy?,Yona Zeldis McDonough;Jill Weber,Fiction,4.19,
"Resistance, Rebellion, and Death",Albert Camus,Fiction,4.2,
The Good Fairies of New York,Martin Millar,Fiction,3.51,
The Farthest Shore,Ursula K. Le Guin,Fiction,4.13,Book Three
Modern Mind,Peter Watson,Science,4.27,An Intellectual History of the 20th Century
Jesus and the Eyewitnesses,Richard Bauckham,Religion,4.3,The Gospels as Eyewitness Testimony
Days,Paul Bowles,Fiction,3.3,A Tangier Diary
The Midwife's Tale,Gretchen Moran Laskas,Fiction,3.82,
Search the Dark,Charles Todd,Fiction,4,
Amber Brown Is Not a Crayon,Paula Danziger,Juvenile Fiction,3.84,
Pretear,Kaori Naruse;Junichi Satou,Comics & Graphic Novels,3.96,
The Silent Boy,Lois Lowry,Juvenile Fiction,3.72,
Castle,Garth Nix,Juvenile Fiction,3.87,
The Calvin and Hobbes Tenth Anniversary Book,Bill Watterson,Humor,4.63,
Candide,Voltaire,Fiction,3.76,
Shakespeare's Sonnets,Helen Hunt;William Shakespeare,Drama,4.25,
An Introduction to Political Philosophy,Jonathan Wolff,Philosophy,4.11,
The Peloponnesian War,Thucydides;Steven Lattimore,History,3.89,
The Birth of Tragedy,Friedrich Wilhelm Nietzsche,Philosophy,3.98,
The Medusa Stone,Jack Du Brul,Fiction,4.09,
Teaching a Stone to Talk,Annie Dillard,Literary Criticism,4.2,Expeditions and Encounters
A Fabulous Formless Darkness,David G. Hartwell,Fiction,4.21,
A House for Mr Biswas,Vidiadhar Surajprasad Naipaul,Psychology,3.82,
The Far Pavilions,M. M. Kaye,Fiction,4.21,
The Lost Continent,C. J. Cutcliffe Hyne,Fiction,3.78,The Story of Atlantis
The Stories (So Far) of Deborah Eisenberg,Deborah Eisenberg,Fiction,4,
Anansi Boys,Neil Gaiman,Fiction,4.02,
"John Constantine, Hellblazer",Garth Ennis;Steve Dillon,Comics & Graphic Novels,4.17,Fear and Loathing
Holy the Firm,Annie Dillard,Literary Criticism,4.22,
The Guns of August,Barbara Wertheim Tuchman,History,4.18,Kits for Teens
The Poisonwood Bible,Barbara Kingsolver,Fiction,4.05,A Novel
The Shelters of Stone,Jean M. Auel,Fiction,3.82,
Hard Sell,Piers Anthony,Fiction,3.39,
Song of Cthulhu,Stephen Mark Rainey,Fiction,3.67,Tales of the Spheres Beyond Sound
The Harry Bosch Novels,Michael Connelly,Fiction,4.34,"The Black Echo, The Black Ice, The Concrete Blonde"
Behind the Curtain,Peter Abrahams,Juvenile Fiction,3.9,An Echo Falls Mystery
De officiis,Marcus Tullius Cicero;Walter Miller,Fiction,3.95,C. Philosophical Treatises
Bleach,Tite Kubo,Comics & Graphic Novels,4.36,
The Ship Avenged,S. M. Stirling,Fiction,4.06,
Human Croquet,Kate Atkinson,Fiction,3.71,A Novel
1635: Cannon Law,Eric Flint;Andrew Dennis,Fiction,3.75,
Star Wars,Daniel Wallace,Fiction,3.96,The New Essential Guide to Characters
Angel Fire East,Terry Brooks,Fiction,4.1,
Phantoms,Dean Ray Koontz,Fiction,3.94,
Disney's Little Einstein,Susan Ring,Juvenile Fiction,4.55,Mission: Where's June?
Vampire Hunter D Volume 6: Pilgrimage of the Sacred,Hideyuki Kikuchi;Yoshitaka Amano,Comics & Graphic Novels,4.11,
Winter on the Farm,Laura Ingalls Wilder,Juvenile Fiction,4.13,
Faust,Johann Wolfgang von Goethe,Fiction,3.73,
The Changeling,Zilpha Keatley Snyder,Juvenile Fiction,4.17,
The Collapse of the Common Good,Philip K. Howard,Science,3.92,How America's Lawsuit Culture Undermines Our Freedom
Market Forces,Richard K. Morgan,Fiction,3.59,
Insects & Spiders,David Burnie,Fiction,4.33,
Logs Seven and Eight,Alan Dean Foster,Fiction,3.69,
World of Wonders,Robertson Davies;Wayne Johnston,Fiction,4.1,
Slightly Settled,Wendy Markham,Fiction,3.66,
Babrius and Phaedrus,Babrius;Phaedrus;Ben Edwin Perry,Biography & Autobiography,4.31,
"The Paris Review Interviews, I",The Paris Review,Biography & Autobiography,4.38,
"Love, Sex & Tragedy",Simon Goldhill,History,3.76,How the Ancient World Shapes Our Lives
Feminist Measures,Lynn Keller;Cristanne Miller,Social Science,4.4,Soundings in Poetry and Theory
Last of the Amazons,Steven Pressfield,Fiction,3.75,
Magic Bites,Ilona Andrews,Fiction,4.07,
The One Tree,Stephen R. Donaldson,Fiction,3.97,
Martin and John,Dale Peck,Fiction,3.73,A Novel
The Tale of The Flopsy Bunnies,Beatrix Potter,Fiction,4.19,
McNally's Alibi,Vincent Lardo;Lawrence Sanders,Fiction,3.9,An Archy McNally Novel
The Players of Gilean,Margaret Weis;Tracy Hickman,Fiction,3.64,Tales from the World of Krynn
"Africa South of the Sahara, Second Edition",Robert F. Stock;Robert Stock,History,3.43,A Geographical Interpretation
Under the Banner of Heaven,Jon Krakauer,History,3.99,A Story of Violent Faith
Lamb,Christopher Moore,Fiction,4.26,"The Gospel According to Biff, Christ's Childhood Pal"
A Working Stiff's Manifesto,Iain Levison,Biography & Autobiography,3.81,"A Memoir of Thirty Jobs I Quit, Nine that Fired Me, and Three I Can't Remember"
Vincent Van Gogh,Jan Greenberg;Sandra Jane Jordan,Fiction,3.95,Portrait of an Artist
Three Plays by Kobo Abe,Kōbō Abe,Fiction,3.91,
Stand on Zanzibar,John Brunner,Fiction,3.96,
Like Water for Chocolate,Laura Esquivel,Fiction,3.94,"A Novel in Monthly Installments, with Recipes, Romances, and Home Remedies"
Story of Philosophy,Bryan Magee,Philosophy,4.28,The Essential Guide to the History of Western Philosphy
All-American Girl,Meg Cabot,Juvenile Fiction,3.74,
The Hundred Dresses,Eleanor Estes,Juvenile Fiction,4.09,Growing Up. Set 4
Sandworms of Dune,Brian Herbert;Kevin J. Anderson,Fiction,3.64,
Barnyard Dance!,Sandra Boynton,Juvenile Fiction,4.25,
Fiasco,Stanislaw Lem,Fiction,4.12,
John Adams,John P. Diggins,Biography & Autobiography,3.88,"The American Presidents Series: The 2nd President, 1797-1801"
Yesterday I Cried,Iyanla Vanzant,Self-Help,4.22,Celebrating The Lessons Of Living And Loving
Brightness Reef,David Brin,Fiction,3.9,
The Pleasure of Finding Things Out,Richard Phillips Feynman,Science,4.25,The Best Short Works of Richard P. Feynman
American Tragedy,David E. Kaiser,History,3.5,"Kennedy, Johnson, and the Origins of the Vietnam War"
The Burglar Who Thought He Was Bogart,Lawrence Block,Fiction,3.89,
The Wheel of Life,Elisabeth Kübler-Ross,Biography & Autobiography,4.16,A Memoir of Living and Dying
Love Visions,Geoffrey Chaucer,Literary Criticism,3.58,
Shakespeare's Landlord,Charlaine Harris,Fiction,3.76,
The Regatta Mystery and Other Stories,Agatha Christie,Fiction,3.95,
The Basque History of the World,Mark Kurlansky,History,3.84,
Identity,Milan Kundera,Fiction,3.68,A Novel
Death of a Gossip,M. C. Beaton,Fiction,3.72,
Difficult Conversations,Douglas Stone;Bruce Patton;Sheila Heen,Psychology,4.07,How to Discuss what Matters Most
Touching the Rock,John M. Hull,Biography & Autobiography,3.97,An Experience of Blindness
Harm's Way,Elizabeth Stewart,Fiction,3.36,
"Selected Letters, 1957-1969",Jack Kerouac;Ann Charters,Biography & Autobiography,4.16,
Feel the Fear-- and Do it Anyway,Susan J. Jeffers,Psychology,4.03,
By Myself and Then Some,Lauren Bacall,Biography & Autobiography,3.95,
"Cathedral, Forge and Waterwheel",Joseph Gies,History,3.85,
War of the Rats,David L. Robbins,Fiction,4.11,
The Dive from Clausen's Pier,Ann Packer,Fiction,3.42,
Albion's Seed,David Hackett Fischer,Fiction,4.31,Four British Folkways in America
Purple Cane Road,James Lee Burke,Fiction,4.15,
First Comes Love,Christie Ridgway,Fiction,3.81,
Amelia Bedelia Goes Camping,Peggy Parish,Juvenile Fiction,4.14,
Monster,Walter Dean Myers,Juvenile Fiction,3.71,
The Maiden,Cynthia Harrod-Eagles,Fiction,4.27,
Scar Lover,Harry Crews,Fiction,3.78,
Babysitters Club,Ann M. Martin,Juvenile Fiction,3.85,
Salt,Mark Kurlansky,History,3.74,A World History
Buddha,Karen Armstrong,Biography & Autobiography,3.89,
A Scandalous Life,Mary S. Lovell,Biography & Autobiography,4.03,The Biography of Jane Digby
The Discovery,Gordon Korman,Juvenile Fiction,3.72,
It's Kind of a Funny Story,Ned Vizzini,Juvenile Fiction,4.13,A Novel
Fire Watch,Connie Willis,Fiction,3.87,
Cast a Yellow Shadow,Ross Thomas,Fiction,3.95,
A Killing Rain,P. J. Parrish,Fiction,4.04,
Things Pondered,Beth Moore,Religion,4.09,From the Heart of a Lesser Woman
Once a Wolf,Stephen R. Swinburne;Jim Brandenburg,Fiction,4.06,How Wildlife Biologists Fought to Bring Back the Gray Wolf
The Zero,Jess Walter,Fiction,3.5,A Novel
Psychoanalysis and Religion,Erich Fromm,Psychology,4.04,
Hemingway,Michael S. Reynolds,Biography & Autobiography,4.17,The Paris Years
Songs of the Humpback Whale,Jodi Picoult,Fiction,3.2,A Novel
Marilyn Manson,Kurt Reighley,Biography & Autobiography,3.39,
The Line of Beauty,Alan Hollinghurst,Fiction,3.73,A Novel
Expelled from Eden,Perseus,Fiction,4.05,A William T. Vollmann Reader
Stardust of Yesterday,Lynn Kurland,Fiction,4.09,
The Passion of Jesus Christ,John Piper,Religion,4.23,Fifty Reasons why He Came to Die
East and West: The Making of a Rift in the Church,Henry Chadwick,Religion,3.88,From Apostolic Times until the Council of Florence
The Histories,Herodotus,History,3.98,
Missing Mom,Joyce Carol Oates,Fiction,3.54,A Novel
Aristophanes' Peace,Aristophanes;S. Douglas Olson,Drama,3.58,
Terrorist,John Updike,Fiction,3.17,
Control Freak,Francine Pascal,Juvenile Fiction,3.36,
A Quick Bite,Lynsay Sands,Fiction,3.91,
Glamorama,Bret Easton Ellis,Fiction,3.47,
The Passion,Jeanette Winterson,Fiction,4.11,
Exclusive,Sandra Brown,Fiction,3.96,
Wittgenstein's Poker,David Edmonds;John Eidinow,Philosophy,3.75,The Story of a Ten-Minute Argument Between Two Great Philosophers
Country of Origin: A Novel,Don Lee,Fiction,3.45,
The Monster of Frankenstein,Gary Friedrich;Doug Moench;Mike Ploog;John Buscema;Val Mayerik,Comics & Graphic Novels,3.61,
It Doesn't Take a Hero,H. Norman Schwarzkopf;Peter Petre,Biography & Autobiography,4.04,The Autobiography of General Norman Schwarzkopf
Nuns and Soldiers,Iris Murdoch,Fiction,3.93,
The Odyssey,Homer,Fiction,3.75,The Story of Odysseus
"Baby Einstein: Sweet Dreams, Mimi",Julie Aigner-Clark,Juvenile Fiction,3.13,
Holy Skirts,Rene Steinke,Fiction,3.61,A Novel of a Flamboyant Woman Who Risked All for Art
The Night Remembers,Kathleen Eagle,Fiction,3.79,
Trust Fund,Stephen Frey,Fiction,3.72,
Morgan's Run,Colleen McCullough,Fiction,3.94,
The Watcher & Other Stories,Italo Calvino,Fiction,3.72,
Slay Ride,Dick Francis,Fiction,3.79,
The Hound of the Baskervilles,Sir Arthur Conan Doyle,Fiction,3.92,
The Neutronium Alchemist,Peter F. Hamilton,Fiction,4.33,Conflict
Readings in Classical Chinese Philosophy (Second Edition),Philip J. Ivanhoe;Bryan W. Van Norden,Philosophy,3.97,
From Socrates to Sartre,T. Z. Lavine,Philosophy,3.93,The Philosophic Quest
The quiet American,Graham Greene;Robert Stone,Fiction,3.97,
Bit the Jackpot,Erin McCarthy,Fiction,3.88,
The Trial of Queen Caroline,Jane Robins,Biography & Autobiography,3.37,The Scandalous Affair that Nearly Ended a Monarchy
Macbeth,William Shakespeare;Dr. Barbara A. Mowat;Paul Werstine,Drama,3.89,
Leviathan,Paul Auster,Fiction,3.95,
Trial by Fire,Terri Blackstock,Fiction,4.35,
The Heart is a Lonely Hunter,Carson McCullers,Fiction,3.97,
Malgudi Days,R. K. Narayan,Fiction,4.21,
Chainfire,Terry Goodkind,Fiction,3.96,
The Adversary,Julian May,Science,4.22,
The Gospel According to Tolkien,Ralph C. Wood,Literary Criticism,4.07,Visions of the Kingdom in Middle-Earth
Fantastic! Wow! and Unreal!,Ruth Heller,Fiction,4.21,A Book about Interjections and Conjunctions
Prometheus Bound and Other Plays,Aeschylus;Philip Vellacott,Drama,4.1,
Up Country,Nelson DeMille,Fiction,4.02,
Novels,Nathaniel Hawthorne,Fiction,4.15,"Franshawe The Scarlet Letter, The House of the Seven Gables, The Blithedale Romance, The Marble Faun"
Chew on this,Eric Schlosser;Charles Wilson,Fiction,3.75,Everything You Don't Want to Know about Fast Food
Scoop,Rene Gutteridge,Fiction,3.62,
"Sam Walton, Made in America",Sam Walton;John Huey,Biography & Autobiography,4.14,My Story
JK Rowling's Harry Potter Novels,Philip Nel,Literary Criticism,3.57,A Reader's Guide
The Finer Points of Sausage Dogs,Alexander McCall Smith,Fiction,3.69,
"Time's Arrow, Time's Cycle",Stephen Jay Gould,Science,3.92,Myth and Metaphor in the Discovery of Geological Time
Eugene Onegin: Commentary and index,Aleksandr Sergeevich Pushkin,Literary Criticism,4.22,
In Search of Memory,Eric R. Kandel,Science,4.09,The Emergence of a New Science of Mind
"Patience, Princess Catherine",Carolyn Meyer,Juvenile Fiction,3.79,
Nausicaä of the Valley of the Wind,Hayao Miyazaki,Comics & Graphic Novels,4.61,
Mountain Madness,David Thompson,Fiction,4.48,
Thus Spake the Corpse,Andrei Codrescu;Laura Rosenthal,Poetry,3.83,"An Exquisite Corpse Reader, 1988-1998"
Grace (eventually),Anne Lamott,Religion,3.98,Thoughts on Faith
The Lorax,Dr. Seuss,Juvenile Fiction,4.35,
The Last Dance,Lynne Ann DeSpelder;Albert Lee Strickland,Social Science,3.77,Encountering Death and Dying
Shopaholic Ties the Knot,Sophie Kinsella,Fiction,3.77,
The Myth of the Magus,E. M. Butler;Eliza Marian Butler,Religion,3.71,
Jane's Warlord,Angela Knight,Fiction,3.97,
Bill Bryson's African Diary,Bill Bryson,Biography & Autobiography,3.43,
The Mutineer,Hunter S. Thompson,Biography & Autobiography,4.1,"Rants, Ravings, and Missives from the Mountaintop 1977-2005"
Diana Wynne Jones,Farah Mendlesohn,Biography & Autobiography,4.09,Children's Literature and the Fantastic Tradition
Aphrodite's Passion,Julie Kenner,Fiction,3.62,
Isaac Newton,James Gleick,Biography & Autobiography,3.83,
The Birds and Other Plays,Aristophanes;David Barrett;Alan H. Sommerstein,Drama,4.13,
Gulliver's Travels,Martin Woodside;Jonathan Swift;Jamel Akib,Juvenile Fiction,3.93,
Contemporary Political Philosophy,Will Kymlicka,Philosophy,3.98,An Introduction
Happiness,Will Ferguson,Fiction,3.78,A Novel
Dreams from My Father,Barack Obama,Biography & Autobiography,3.86,A Story of Race and Inheritance
The Major Works,Alexander Pope,Poetry,3.88,
On the Origin of Species,Charles Darwin,Science,3.99,By Means of Natural Selection
William Shakespeare's Twelfth Night,Bruce Coville;Tim Raglin,Juvenile Fiction,4.11,
The Echo of Greece,Edith Hamilton,History,4.1,
Cathedral,Raymond Carver,Fiction,4.29,Stories
CliffsNotes on Dstoevsky's Crime and Punishment,James L. Roberts,Literary Criticism,3.76,
The Easter Rabbit's Parade,Lois Lenski,Juvenile Fiction,2.97,
Last Man Standing,David Baldacci,Fiction,4.05,
The Turn of the Screw,Henry James;Deborah Esch;Jonathan Warren,Fiction,3.44,"Authoritative Text, Contexts, Criticism"
After Henry,Joan Didion,Fiction,3.82,
Theater Shoes,Noel Streatfeild,Juvenile Fiction,4.02,
The Heart of a Leader,Kenneth H. Blanchard,Religion,3.96,
Reader's digest complete guide to the Bible,Reader's Digest,Religion,4.55,an illustrated book-by-book companion to the Scriptures
The Rediscovery of Man,Cordwainer Smith,Science,4.14,
Sister Outsider,Professor Audre Lorde;Audre Lorde,Social Science,4.48,Essays and Speeches
The Comfort of Strangers,Ian McEwan,Fiction,3.42,
Expectant Father,Melinda Curtis,Fiction,3.63,
Under the Sea Wind,Rachel Carson,Fiction,4.12,
The Dragon's Eye,Dugald Steer,Juvenile Fiction,3.82,
"Julius, the Baby of the World",Kevin Henkes,Juvenile Fiction,4.27,
The End of Nana Sahib,Jules Verne,Fiction,3.62,The Steam House
My Name Is Asher Lev,Chaim Potok,Fiction,4.2,
Howl's Moving Castle Film Comic,Hayao Miyazaki,Comics & Graphic Novels,4.4,
A Bend in the River,V. S. Naipaul,Fiction,3.77,
The Nuclear Age,Tim O'Brien,Fiction,3.44,
Total Recall,Piers Anthony,Fiction,3.93,
The Millionaire Next Door,Thomas J. Stanley;William D. Danko,Biography & Autobiography,4.02,
Lives of Girls and Women,Alice Munro,Fiction,3.99,
Virginia Woolf,Julia Briggs,Biography & Autobiography,4.17,An Inner Life
Koko's Kitten,Francine Patterson;Ronald H. Cohn,Fiction,4.3,
STINGER,Robert McCammon,Fiction,3.87,STINGER
J.R.R. Tolkien,Humphrey Carpenter,Biography & Autobiography,4.06,A Biography
East of Eden,John Steinbeck,Fiction,4.37,
Messenger,Lois Lowry,Juvenile Fiction,3.91,
Scenes of Clerical Life,George Eliot,Fiction,3.78,
The Power and the Glory,Graham Greene,Fiction,3.99,
A Crack in the Edge of the World,Simon Winchester,History,3.78,America and the Great California Earthquake of 1906
The Turn of the Screw and The Aspern Papers,Henry James,Fiction,3.79,
Caesar's Women,Colleen McCullough,Fiction,4.24,
The Horizontal World,Debra K. Marquart,Biography & Autobiography,3.77,Growing Up Wild in the Middle of Nowhere
The Interpreter,Suki Kim,Fiction,3.55,A Novel
The White House,Debra Hess,History,4,
A Friar's Bloodfeud,Michael Jecks,Fiction,4.1,
The Complete Short Stories of Mark Twain,Mark Twain,Fiction,4.28,
Pathologies of Power,Paul Farmer,History,4.25,"Health, Human Rights, and the New War on the Poor"
The Mermaid Chair,Sue Monk Kidd,Fiction,3.12,
Persuasive Writing,Tara McCarthy,Fiction,3.2,
The Ladies' Paradise,Émile Zola,Fiction,3.99,
A Midwife's Story,Penny Armstrong;Sheryl Feldman,Biography & Autobiography,4.06,
Superman,Kurt Busiek;Fabian Nicieza;Pete Woods;Len Wein;Gerry Conway;José Luis García-López,Juvenile Fiction,3.18,Back in Action
Erotica,Kelly Carr,Fiction,3,"My Dirty Thirties, Romantic Hedonism"
The Tolkien Companion,J. E. A. Tyler;John Ronald Reuel Tolkien,Literary Criticism,4.11,
Jasmine and Stars,Fatemeh Keshavarz,Literary Criticism,3.63,Reading More Than Lolita in Tehran
The Waste Land,Thomas Stearns Eliot;Ezra Pound,Poetry,4.11,"A Facsimile and Transcript of the Original Drafts, Including the Annotations of Ezra Pound"
Stork Naked,Piers Anthony,Fiction,3.87,
Bedlam's Bard,Mercedes Lackey;Ellen Guon,Fiction,3.95,
Monster,Sanyika Shakur,Biography & Autobiography,3.96,The Autobiography of an L.A. Gang Member
Bachelor Brothers' Bed & Breakfast Pillow Book,Bill Richardson,Fiction,3.77,
Confessions of an Ugly Stepsister,Gregory Maguire,Fiction,3.52,A Novel
Mystery Walk,Robert R. McCammon,Fiction,3.87,
Beyond the Chains of Illusion,Erich Fromm;Rainer Funk,Philosophy,4.09,My Encounter with Marx and Freud
Angels Don't Know Karate,Debbie Dadey;Marcia Thornton Jones,Juvenile Fiction,3.8,
"The Girl, the Dragon, and the Wild Magic",Dave Luckett,Juvenile Fiction,3.86,
Einstein's Dreams,Alan P. Lightman,Fiction,4.07,
P.J. Funnybunny Camps Out,Marilyn Sadler,Juvenile Fiction,3.86,
Christmas Stories,Laura Ingalls Wilder,Juvenile Fiction,4.22,
E. M. Forster,Philip Nicholas Furbank,Biography & Autobiography,4.11,A Life
The Rebel,Albert Camus,Philosophy,4.14,An Essay on Man in Revolt
Harry Potter and the Order of the Phoenix (Book 5),"Rowling, J.K.",Juvenile Fiction,4.49,
Lirael,Garth Nix,Fiction,4.3,Daughter of the Clayr
Still Life with Woodpecker,Tom Robbins,Fiction,4.04,
Bill Gates,Sara Barton-Wood,Fiction,5,Computer Legend
Outside the Dog Museum,Jonathan Carroll,Fiction,3.97,
Twilight,Stephenie Meyer,Fiction,3.59,
The Sheltering Sky,Paul Bowles,Fiction,3.91,
Shopgirl,Steve Martin,Fiction,3.42,A Novella
"Mambo Kings Play Songs of Love, The Tie-in",Oscar Hijuelos,Fiction,3.68,A Novel
Courtesans and Fishcakes,James Davidson,History,3.93,The Consuming Passions of Classical Athens
The 158-Pound Marriage,John Irving,Fiction,3.24,
The Testament,John Grisham,Fiction,3.85,
Adam's Fall,Sandra Brown,Fiction,3.74,
Saint Ignatius Loyola,James Brodrick,Biography & Autobiography,4.1,"The Pilgrim Years, 1491-1538"
"Soldier, general of the army, president-elect, 1890-1952",Stephen E. Ambrose,Biography & Autobiography,4.2,
Collections of the Massachusetts Historical Soceity,Hardpress,History,4.13,
Naked Empire,Terry Goodkind,Fiction,3.82,
Sodom and Gomorrah,Marcel Proust,Fiction,4.36,
The Lord of the Rings,Jude Fisher,Fiction,4.51,The Two Towers : Visual Companion
Warhost of Vastmark,Janny Wurts,Fiction,4.03,
The Final Solution,Michael Chabon,Fiction,3.31,A Story of Detection
The Chronicles of Narnia (adult),C. S. Lewis,Fiction,4.26,
Monkey Business,Marvin N. Olasky;John Perry,Religion,3.16,The True Story of the Scopes Trial
The Raphael Affair,Iain Pears,Fiction,3.55,
The Fortunate Pilgrim,Mario Puzo,Biography & Autobiography,3.82,
The War of the Jewels,John Ronald Reuel Tolkien,Fiction,3.92,"The Later Silmarillion, Part Two, the Legends of Beleriand"
H.G. Wells Science Fiction Treasury,Herbert George Wells,Science,3.94,
Naked Lunch,William S. Burroughs,Psychology,3.44,The Restored Text
The Reduced Shakespeare Company's the Complete Works of William Shakespeare (abridged),Jess Borgeson;Adam Long;Daniel Singer,Drama,4.46,
1st to Die,James Patterson,Fiction,4.07,
A Savage War of Peace,Alistair Horne,History,4.22,"Algeria, 1954-1962"
Dance Down the Stars,Jo Clayton,Fiction,3.73,
"Mary, Queen of Scots, Queen Without a Country",Kathryn Lasky,Juvenile Fiction,3.82,
How to Have a Beautiful Mind,Edward De Bono,Self-Help,3.63,
The Oxford Companion to Philosophy,Ted Honderich,Philosophy,4.14,
City of God,Augustine;Henry Scowcroft Bettenson;Gillian Rosemary Evans,History,3.92,
Into Thin Air,Jon Krakauer,Biography & Autobiography,4.15,A Personal Account of the Mount Everest Disaster
Arrows of the Queen,Mercedes Lackey,Fiction,4.16,
Mrs. Dalloway's Party,Virginia Woolf;Stella McNichol,Fiction,3.87,A Short Story Sequence
Dance of the Gods,Nora Roberts,Fiction,4.14,
Sense and Sensuality,Ravi Zacharias,Religion,3.93,Jesus Talks with Oscar Wilde on the Pursuit of Pleasure
The Van,Roddy Doyle,Fiction,3.94,
Astonishing X-Men - Volume 1,Joss Whedon,Comics & Graphic Novels,4.17,Gifted
The Bake Shop Ghost,Jacqueline K. Ogburn;Marjorie Priceman,Juvenile Fiction,4.26,
Anna Karenina,graf Leo Tolstoy;Louise Maude;Aylmer Maude,Fiction,4.04,
Cliffs of Despair,Tom Hunt,Psychology,3.72,A Journey to the Edge
Eugene Onegin,Aleksandr Sergeevich Pushkin;Charles Johnston,Poetry,4.09,
"Isolde, Queen of the Western Isle",Rosalind Miles,Fiction,3.65,The First of the Tristan and Isolde Novels
You Belong To Me,Mary Higgins Clark,Fiction,3.86,
A Cold Treachery,Charles Todd,Fiction,4.14,
Name Dropping,Rachael F. Heller,Fiction,3.53,What If Two Very Different Women Had The Same Exact Name?
Travels with Charley,John Steinbeck,Biography & Autobiography,4.08,In Search of America
"Julie, Or, The New Heloise",Jean-Jacques Rousseau;Roger D. Masters;Christopher Kelly,Literary Criticism,3.46,Letters of Two Lovers who Live in a Small Town at the Foot of the Alps
The Final Battle,Mary Pope Osborne,Juvenile Fiction,4.08,
The Sheik & the Princess Bride,Susan Mallery,Fiction,3.95,
You Bright and Risen Angels,William T. Vollmann,Fiction,4.08,A Cartoon
Shadow of the Hegemon,Orson Scott Card,Fiction,3.94,
Underworld,Don DeLillo,Fiction,3.92,A Novel
The Abduction,Gordon Korman,Juvenile Fiction,3.99,
The Grass Crown,Colleen McCullough,Fiction,4.29,
"Marcovaldo, Or, The Seasons in the City",Italo Calvino,Fiction,3.88,
Dubliners,James Joyce;Robert Scholes;A. Walton Litz,Fiction,3.85,
Junie B. Jones and a Little Monkey Business,Barbara Park,Juvenile Fiction,3.98,
Harry Potter and the Sorcerer's Stone (Book 1),"Rowling, J.K.",Juvenile Fiction,4.47,
When I Don't Desire God,John Piper,Religion,4.18,How to Fight for Joy
"The Percy Jackson and the Olympians, Book Three: Titan's Curse",Rick Riordan,Juvenile Fiction,4.35,
Rejoice,Karen Kingsbury;Gary Smalley,Fiction,4.46,
The Boy Who Couldn't Die,William Sleator,Juvenile Fiction,3.68,
The Diary of Anne Frank,Anne Frank,History,4.13,The Revised Critical Edition
The Land of Laughs,Jonathan Carroll,Fiction,3.9,A Novel
The Real James Herriot,James Wight;Jim Wight,Biography & Autobiography,4.2,A Memoir of My Father
A Time to Embrace,William Stacy Johnson,Science,4.2,"Same-Gender Relationships in Religion, Law, and Politics"
The Story of the Life of Lafayette,Mrs John Farrar,History,3.93,As Told by a Father to His Children
In the Beginning,Chaim Potok,Fiction,4.08,
Just Disgusting!,Andy Griffiths,Fiction,3.81,
Save the Date,Jason King;Donna Freitas,Religion,3.75,"A Spirituality of Dating, Love, Dinner, and the Divine"
The Principles of Psychology,William James,Psychology,4.18,"The principles of psychology / William James. Notes, appendixes, apparatus, general index"
Something Happened,Joseph Heller,Fiction,3.52,
The Vanished Man,Jeffery Deaver,Fiction,4.09,A Lincoln Rhyme Novel
The Autumn of the Patriarch,Gabriel Garcia Marquez,Fiction,3.85,
The Story of Mr Sommer,Patrick Süskind;Michael Hofmann,Fiction,3.85,
Running Dog,Don DeLillo,Fiction,3.42,
Mitz,Sigrid Nuez,Fiction,3.7,The Marmoset of Bloomsbury
"Selected letters, 1940-1956",Jack Kerouac;Ann Charters,Biography & Autobiography,4.12,
Chickenhawk - Back in the World,Robert Mason,Biography & Autobiography,4.05,Life After Vietnam
"Love, Stargirl",Jerry Spinelli,Juvenile Fiction,3.82,
Jackdaws,Ken Follett,Fiction,3.95,
Kissing in Manhattan,David Schickler,Fiction,3.61,
"The Columbia Reader on Lesbians and Gay Men in Media, Society, and Politics",Larry P. Gross;James D. Woods,Social Science,3.93,
Sweet Revenge,Lynsay Sands,Fiction,3.98,
Kevin Trudeau's Mega Memory,Kevin Trudeau,Self-Help,3.51,How to Release Your Superpower Memory in 30 Minutes Or Less a Day
My Life in France,Julia Child;Alex Prud'homme,Biography & Autobiography,4.17,
"""What Do You Care what Other People Think?""",Richard Phillips Feynman;Ralph Leighton,Biography & Autobiography,4.27,Further Adventures of a Curious Character
Iberia,James Albert Michener,Literary Criticism,3.7,Spanish Travels and Reflections
"The Leatherstocking Tales: The pathfinder, or The inland sea. The deerslayer, or The first war-path",James Fenimore Cooper,Fiction,3.95,"The pioneers, or the sources of the Susquehanna : a descriptive tale ; The last of the Mohicans : a narrative of 1757 ; The prairie : a tale. Vol. 1"
The Love You Make,Peter Brown;Steven S. Gaines,Biography & Autobiography,4.09,An Insider's Story of the Beatles
A Christmas Carol and Other Christmas Books,Charles Dickens,Fiction,4.12,
Little House Friends,Heather Henson;Laura Ingalls Wilder,Juvenile Fiction,3.99,
Seventy-Seven Clocks,Christopher Fowler,Fiction,3.89,
Old Twentieth,Joe Haldeman,Fiction,3.53,
Chocolat,Joanne Harris,Fiction,3.96,A Novel
End zone,Don DeLillo,Fiction,3.64,
Lover Awakened,J. R. Ward,Fiction,4.45,A Novel of the Black Dagger Brotherhood
Fullmetal Alchemist,Hiromu Arakawa,Comics & Graphic Novels,4.6,
Betsy and Joe,Maud Hart Lovelace,Juvenile Fiction,4.31,
Le Système Des Objets,Jean Baudrillard,Philosophy,4,
Suffer the Children,John Saul,Fiction,3.91,
In Conquest Born,C. S. Friedman,Fiction,3.88,
A Source Book in Indian Philosophy,"Sarvepalli Radhakrishnan, Sir",Philosophy,4.11,
A Long Way Down,Nick Hornby,Fiction,3.42,
Bridge to Terabithia (rack),Katherine Paterson,Juvenile Fiction,3.99,
Abandonment,Kate Atkinson,Drama,3.6,
Summer of Night,Dan Simmons,Fiction,4.02,
Pippi Longstocking,Astrid Lindgren,Juvenile Fiction,4.12,
Great Dialogues of Plato,Plato,Philosophy,4.16,
The Trial,Franz Kafka,Fiction,3.98,
The World as Will and Representation,Arthur Schopenhauer,Philosophy,4.18,
Shibumi,Trevanian,Fiction,4.22,A Novel
Death in the Andamans,M. M. Kaye,Fiction,3.93,
"Star Wars, Episode I",George Lucas,Fiction,3.92,The Phantom Menace : Illustrated Screenplay
Virginia Woolf,Hermione Lee,Biography & Autobiography,4.26,
Phantom,Terry Goodkind,Fiction,3.99,
The Deeper Meaning of Liff,Douglas Adams;John Lloyd,Humor,3.93,A Dictionary of Things There Aren't Any Words for Yet-- But There Ought to be
Macbeth,William Shakespeare,Drama,3.89,
"The Mystery of the Ancient Pyramid (Cairo, Egypt)",Carole Marsh,Juvenile Fiction,3.61,"Cairo, Egypt"
The Eclogues of Virgil,Virgil,Poetry,3.91,A Bilingual Edition
Creatures of the Night,Neil Gaiman;Michael Zulli;Todd Klein,Comics & Graphic Novels,3.84,
Three Early Novels,Philip K. Dick,Science,3.71,
The Collected Poetry of Nikki Giovanni,Nikki Giovanni,Poetry,0,1968-1998
The Very Persistent Gappers of Frip,George Saunders;Lane Smith,Juvenile Fiction,4.11,
Chaining the Lady,Piers Anthony,Fiction,3.64,
Without Remorse,Tom Clancy,Fiction,4.18,
Hegel: A Very Short Introduction,Peter Singer,Philosophy,3.85,
To The Last Man,Jeff Shaara,Fiction,4.22,A Novel Of The First World War
The Pursuit of Happyness,Chris Gardner,Biography & Autobiography,0,
Complete Poems,Edgar Allan Poe,Poetry,4.32,
Three Complete Novels,Nora Roberts,Fiction,4.4,
The Blackwater Lightship,Colm Toibin,Fiction,3.86,A Novel
Candy,Luke Davies,Fiction,4.08,
Pioneer Girl,William Anderson,Fiction,4.15,The Story of Laura Ingalls Wilder
Regeneration,Julie E. Czerneda,Fiction,4.13,
Deep River,Shūsaku Endō,Fiction,3.92,
"Boomers, Xers, and Other Strangers",Rick Hicks;Kathy Hicks,Social Science,3.36,Understanding the Generational Differences that Divide Us
Berlioz,David Cairns,Biography & Autobiography,4.27,"Servitude and Greatness, 1832-1869"
Armageddon,Tim F. LaHaye;Jerry B. Jenkins,Fiction,4.03,The Cosmic Battle of the Ages
The Languages of Tolkien's Middle-earth,Ruth S. Noel,Fiction,3.97,
The Art of Happiness,Dalai Lama XIV Bstan-ʼdzin-rgya-mtsho;Howard C. Cutler,Religion,4.16,A Handbook for Living
The Other Boleyn Girl,Philippa Gregory,Fiction,4.05,
Yoda,Sean Stewart,Fiction,3.88,Dark Rendezvous
The Dark Mirror,Juliet Marillier,Fiction,3.97,Book One of the Bridei Chronicles
The Glass Castle,Jeannette Walls,Biography & Autobiography,4.26,A Memoir
Baby Einstein: Neighborhood Animals,Marilyn Singer;Julie Aigner-Clark,Juvenile Fiction,3.89,
The Hobbit / The Lord of the Rings,John Ronald Reuel Tolkien,Fiction,4.59,The Hobbit / The Fellowship of the Ring / The Two Towers / The Return of the King
The Night Awakens,Mary Higgins Clark,Fiction,3.5,A Mystery Writers of America Anthology
"Salonica, City of Ghosts",Mark Mazower,History,4.25,"Christians, Muslims, and Jews, 1430-1950"
The Delta Star,Joseph Wambaugh,Fiction,3.64,
The Complete Plays,Anton Pavlovich Chekhov,Drama,4.49,
The Sea of Monsters,Rick Riordan,Juvenile Fiction,4.24,
Tales of Magick,Phil Brucato;Aaron Rosenberg,Fiction,3.5,Dark Adventure
The Anatomy Coloring Book,Wynn Kapit;Lawrence M. Elson,Science,4.25,
Gossip Girl #6: You're the One That I Want,Cecily von Ziegesar,Juvenile Fiction,3.71,A Gossip Girl Novel
The Loftier Way,Blaine M. Yorgason;Brenton G. Yorgason,Fiction,3.78,Tales from the Ancient American Frontier
Ovid's Metamorphoses,Ovid,Drama,4.25,
The Making of a Philosopher,Colin McGinn,Philosophy,3.65,My Journey Through Twentieth-Century Philosophy
The World and Other Places,Jeanette Winterson,Fiction,3.87,
Black Like Me,John Howard Griffin,Biography & Autobiography,4.13,
Reading the Bible Again for the First Time,Marcus J. Borg,Religion,4.13,Taking the Bible Seriously but Not Literally
What Angels Fear,C. S. Harris,Fiction,3.89,A Sebastian St. Cyr Mystery
Swan Song,Robert McCammon,Fiction,4.28,
Message in a Bottle,Nicholas Sparks,Fiction,3.96,
Historical Romances,Mark Twain;Samuel Langhorne Clemens;Victor and Lin Salamo editors Fischer;Susan K. Harris;Susan R. Harris,Fiction,4.37,"The Prince and the Pauper, A Connecticut Yankee in King Arthur's Court, Personal Recollections of Joan of Arc"
Stardust,Neil Gaiman,Fiction,4.08,
Plato in twelve volumes,Plato,Literary Criticism,4.39,Symposium ; Gorgias. Lysis
Jean Arthur,John Oller,Biography & Autobiography,3.89,The Actress Nobody Knew
Rat Race,Dick Francis,Fiction,3.94,
Once Upon a Gulf Coast Summer,Susan Oliver,Fiction,3.45,
The Nightmare Chronicles,Douglas Clegg,Fiction,3.74,
Prozac Nation,Elizabeth Wurtzel,Biography & Autobiography,3.59,Young and Depressed in America
The Ring Finger Falls Silent,Satoru Kannagi,Comics & Graphic Novels,4.02,
The Undead and Philosophy,Richard Greene;K. Silem Mohammad,Philosophy,3.71,Chicken Soup for the Soulless
Life is a Dream,Pedro Calderón de la Barca,Drama,3.98,
Red and Black,Henri Beyle;Stendhal;Robert Merrihew Adams,Fiction,3.87,"A New Translation, Backgrounds and Sources, Criticism"
The Woman in the Dunes,Kōbō Abe,Fiction,3.91,
"Bernard Shaw's Saint Joan, Major Barbara, Androcles and the Lion",Bernard Shaw,Drama,3.55,
An Invisible Sign of My Own,Aimee Bender,Fiction,3.68,
Friday,Robert Anson Heinlein,Fiction,3.83,
Good Faith,Jane Smiley,Fiction,3.25,
Cuba 15,Nancy Osa,Juvenile Fiction,3.45,
The Fellowship of the Ring,J. R. R. Tolkien,Fiction,4.35,Being the First Part of the Lord of the Rings
Women and Writing,Virginia Woolf,Literary Criticism,4.07,
A Dance to the Music of Time,Anthony Powell,Fiction,3.95,First Movement
Fun Home,Alison Bechdel,Biography & Autobiography,4.09,A Family Tragicomic
"Poems, New and Collected, 1957-1997",Wislawa Szymborska;Stanisław Barańczak;Clare Cavanagh,Poetry,4.42,
Black Hole,Charles Burns,Comics & Graphic Novels,3.83,
The Lord of the Rings,J. R. R. Tolkien,Fiction,4.49,
Lysistrata,Aristophanes;Sarah Ruden,Literary Criticism,3.85,
The Bluest Eye,Toni Morrison,Fiction,4.01,
Greek tragedies,Sophocles;Aeschylus;Euripides,Drama,4.14,
When the Heart Waits,Sue Monk Kidd,Religion,4.17,Spiritual Direction for Life's Sacred Questions
The Crusader,Paul Kengor,Science,4.2,Ronald Reagan and the Fall of Communism
Shadowmarch,Tad Williams,Fiction,3.73,
Vampires Don't Wear Polka Dots,Debbie Dadey;Marcia Thornton Jones,Juvenile Fiction,3.8,
The Rosetta Codex,Richard Paul Russo,Fiction,3.23,
The Collected Autobiographies of Maya Angelou,Maya Angelou,Biography & Autobiography,4.62,
The Dirt,Tommy Lee;Vince Neil;Nikki Sixx;Mick Mars,Biography & Autobiography,4.16,Confessions of the World's Most Notorious Rock Band
The Unfortunate Miss Fortunes,Jennifer Crusie;Eileen Dreyer;Anne Stuart,Fiction,3.47,
The Various Haunts of Men,Susan Hill,Fiction,3.81,A Simon Serrailler Mystery
One Hundred Years of Solitude,Gabriel Garcia Marquez,Fiction,4.06,
"Here, There and Everywhere",Geoff Emerick;Howard Massey,Biography & Autobiography,4.25,My Life Recording the Music of the Beatles
The Liberated Bride,Abraham B. Yehoshua;Hillel Halkin,Fiction,3.76,
"The Sea, the Sea",Iris Murdoch,Fiction,3.92,
Outlander,Timothy Truman;Tom Raney,Juvenile Fiction,3.46,
Tolstoy: Anna Karenina,Anthony Thorlby,Literary Criticism,4.19,
Titan,Ron Chernow,Biography & Autobiography,4.19,"The Life of John D. Rockefeller, Sr"
Wind Child,Nancy Harding,Fiction,3.2,
Descent of Man,T. Coraghessan Boyle,Fiction,3.96,Stories
Sharp Edges,Jayne Ann Krentz,Fiction,3.86,
Maximum City,Suketu Mehta,Social Science,3.92,Bombay Lost And Found
Spider's House,Paul Bowles,Fiction,4.03,A Novel
The Inheritors,William Golding,Fiction,3.53,
The Magus,John Fowles,Fiction,4.05,
His Excellency,Émile Zola;Ernest Alfred Vizetelly,Fiction,3.69,
Werewolves Don't Go to Summer Camp,Debbie Dadey;Marcia Thornton Jones,Juvenile Fiction,3.83,
Ancient Greece and the Olympics,Mary Pope Osborne;Natalie Pope Boyce,Fiction,4.06,A Nonfiction Companion to Magic Tree House #16: Hour of the Olympics
"The Fateful Adventures of the Good Soldier Švejk During the World War, Book One","Jaroslav Hašek;Zdeněk ""Zenny"" K. Sadlon",Fiction,4.11,
Bookends,Jane Green,Fiction,3.71,A Novel
Ward No. 6 and Other Stories,Anton Pavlovich Chekhov,Fiction,4.32,
A Fine Balance,Rohinton Mistry,Fiction,4.36,A Novel
Three Complete Novels,Michael Crichton,Fiction,4.06,
The Canterbury Tales,Geoffrey Chaucer,Poetry,3.49,
The Punisher,Garth Ennis;Jeff Youngquist;John McCrea,Comics & Graphic Novels,4.03,Confederacy of Dunces
Survival In Auschwitz,Primo Levi,Biography & Autobiography,4.31,
The Church in Ancient Society,Henry Chadwick,Religion,4.21,From Galilee to Gregory the Great
What Was She Thinking?,Zoë Heller,Fiction,3.71,Notes on a Scandal: A Novel
"Judy Moody, M.D.",Megan McDonald,Juvenile Fiction,4.08,The Doctor is In!
On the Origins of War and the Preservation of Peace,Donald Kagan,History,4.01,
Blue Shoes and Happiness,Alexander McCall Smith,Fiction,4.06,
A Slipping-down Life,Anne Tyler,Fiction,3.6,
CliffsNotes on Kesey's One Flew Over the Cuckoo's Nest,Bruce Edward Walker,Literary Criticism,4.17,
Field of Thirteen,Dick Francis,Fiction,3.73,
The Book of Lost Tales,John Ronald Reuel Tolkien,Fiction,3.83,
Aristophanes 1,Aristophanes;Peter Meineck,Drama,3.76,"Clouds, Wasps, Birds"
The illustrated man,Ray Bradbury,Fiction,4.14,
The Sgt. Rock Archives,Robert Kanigher;Bob Haney,Comics & Graphic Novels,4.56,
The Gatekeeper,Terry Eagleton,Biography & Autobiography,3.8,A Memoir
The War of the World,Niall Ferguson,History,4.04,Twentieth-century Conflict and the Descent of the West
CliffsComplete The Adventures of Huckleberry Finn,Mark Twain,Fiction,3.81,
The Autobiography of Alice B. Toklas,Gertrude Stein,Biography & Autobiography,3.59,
Moose Master,George Edward Stanley,Juvenile Fiction,4.08,
Queen of Scots,John Alexander Guy,History,3.95,The True Life of Mary Stuart
"Catherine, Called Birdy (Summer Reading Edition)",Karen Cushman,Juvenile Fiction,3.71,
Dark Birthright,Jeanne Treat,History,3.63,
Old Town in the Green Groves,Cynthia Rylant;Jim LaMarche,Juvenile Fiction,4.04,Laura Ingalls Wilder's Lost Little House Years
Only Mine,Elizabeth Lowell,Fiction,3.93,
Bridget Jones,Helen Fielding,Fiction,3.56,The Edge of Reason
A Dark and Hungry God Arises,Stephen R. Donaldson,Fiction,4.08,The Gap Into Power
Living on the Razor's Edge,Matthew D. Selekman,Psychology,4,Solution-oriented Brief Family Therapy with Self-harming Adolescents
Star Wars,James Luceno,Fiction,3.84,Labyrinth of Evil
White Teeth,Zadie Smith,Fiction,3.76,A Novel
Hunger,Knut Hamsun;George Egerton,Biography & Autobiography,4.06,
Aristophanes' Acharnians,Aristophanes;Jeffrey Henderson,Drama,3.42,
The Treason of Isengard,John Ronald Reuel Tolkien;Christopher Tolkien,Fiction,4.16,"The History of the Lord of the Rings, Part Two"
The Memoirs of Elizabeth Frankenstein,Theodore Roszak,Fiction,3.55,
Diabolo,Kaoru Ohashi;Kei Kusunoki,Comics & Graphic Novels,3.44,
Cracks in My Foundation,Marian Keyes,Fiction,3.81,"Bags, Trips, Make-up Tips, Charity, Glory, and the Darker Side of the Story: Essays and Stories by Marian Keyes"
Suzanne's Diary for Nicholas,James Patterson,Fiction,4.16,
The Martians,Kim Stanley Robinson,Fiction,3.56,
Nine Horses,Billy Collins,Poetry,4.17,Poems
Korean Short History,James L. Stokesbury,History,3.65,
Cutting Edge,Tom Clancy;Martin H. Greenberg;Jerome Preisler,Fiction,0,Power Plays 06
An Unquiet Mind,Kay Redfield Jamison,Biography & Autobiography,4.05,A Memoir of Moods and Madness
Selected Speeches and Writings,Abraham Lincoln,History,4.23,
The Polar Express,Chris Van Allsburg,Juvenile Fiction,4.3,
CliffsNotes on Shakespeare's King Henry IV,James K. Lowers,Literary Criticism,3.88,
Half of a Yellow Sun,Chimamanda Ngozi Adichie,Fiction,4.31,
Spinoza,Steven Nadler;Steven M. Nadler,Biography & Autobiography,4.09,A Life
Ivanhoe,Walter Scott,Fiction,3.75,
A Little House Birthday,Laura Ingalls Wilder,Juvenile Fiction,4.13,
A Fearsome Doubt,Charles Todd,Fiction,4.04,
Terrible Swift Sword,Bruce Catton,History,4.35,
Marabou Stork Nightmares,Irvine Welsh,Fiction,3.86,A Novel
Hard Candy,Angela Knight;Sheri Gilmore;Morgan Hawke,Fiction,4,
CliffsNotes on Williams' The Glass Menagerie & Streetcar Named Desire,James L. Roberts,Literary Criticism,3.78,
The Beatles and Philosophy,Michael Baur;Steven Baur,Philosophy,3.63,Nothing You Can Think that Can't be Thunk
History of Political Philosophy,Leo Strauss;Joseph Cropsey,Philosophy,4.18,
Real Rule of Four,Joscelyn Godwin,History,3.45,The Unauthorized Guide to the New York Times #1 Bestseller
Cicero: On Duties,Cicero;Marcus Tullius Cicero;Quintus Tullius Cicero,History,3.95,
Where I'm Calling from,Raymond Carver,Fiction,4.42,New and Selected Stories
Flowers,David Burnie,Fiction,4,
"The Lion, the Witch and the Wardrobe Movie Tie-in Edition (rack)",C. S. Lewis,Juvenile Fiction,4.21,
Robinson Crusoe,Daniel Defoe,Fiction,3.67,
Night fall,Nelson DeMille,Fiction,4.09,a novel
The Diablo: The Kingdom of Shadow,Richard A. Knaak,Fiction,3.94,
"Lafcadio, the Lion Who Shot Back",Shel Silverstein,Juvenile Fiction,4.15,
"The Invisibles, Apocalipstick",Grant Morrison;Jill Thompson,Fiction,4.22,
The Rising,Tim LaHaye;Tim F. LaHaye;Jerry B. Jenkins,Fiction,4.19,Antichrist is Born Before They Were Left Behind
Hart's Hope,Orson Scott Card,Fiction,3.47,
First Love,Joyce Carol Oates,Fiction,3.19,
Children of God,Mary Doria Russell,Fiction,4.06,A Novel
The Enormous Crocodile,Roald Dahl;Quentin Blake,Juvenile Fiction,3.77,
The Jane Austen Book Club,Karen Joy Fowler,Fiction,3.08,
22 Indigo Place,Sandra Brown,Fiction,3.63,
Robert Van Gulik,Janwillem Van de Wetering,Literary Criticism,3.56,"His Life, His Work"
The Deep End of the Ocean,Jacquelyn Mitchard,Fiction,3.86,
Mr Majeika and the School Trip,Humphrey Carpenter,Juvenile Fiction,3.81,
Four Mothers,Shifra Horn;Dalya Bilu,Fiction,3.69,A Novel
Charlie Wilson's War,George Crile,History,4,
Cults in Our Midst,Margaret Thaler Singer,Psychology,3.92,The Continuing Fight Against Their Hidden Menace
Antigone's Claim,Judith Butler,Philosophy,3.76,Kinship Between Life and Death
The Promise,Chaïm Potok,Fiction,4.15,
Judy Moody Declares Independence,Megan McDonald,Juvenile Fiction,4.08,
Eden in the East,Stephen Oppenheimer,History,3.96,The Drowned Continent of Southeast Asia
"Merry Christmas, Amelia Bedelia",Peggy Parish,Juvenile Fiction,4.29,
Voices From the Street,Philip K. Dick,Fiction,3.28,
זן ואומנות האושר,Chris Prentiss,Philosophy,4.04,
Bare Bones,Stephen King;Tim Underwood,Fiction,4.16,Conversations on Terror with Stephen King
BFF,Judy Blume,Juvenile Fiction,4.25,Best Friends Forever : Two Novels
How to Be Lost,Amanda Eyre Ward,Fiction,3.54,
The Soulforge,Margaret Weis,Fiction,4.15,
"The Complete Short Prose, 1929-1989",Samuel Beckett,Fiction,4.29,
Warrior,Elizabeth Lowell,Fiction,3.92,
Brave New World,Aldous Huxley,Fiction,3.98,
The Tempest,William Shakespeare,Drama,3.81,
Redemption,Steven G. Kellman,Biography & Autobiography,4.22,The Life of Henry Roth
'Salem's Lot,Stephen King,Fiction,4.01,
This bridge called my back,Cherríe Moraga;Gloria Anzaldúa,Social Science,4.47,writings by radical women of color
Making Democracy Work,Robert D. Putnam;Robert Leonardi;Raffaella Nanetti,Science,3.83,Civic Traditions in Modern Italy
The Fantasies of Robert A. Heinlein,Robert A. Heinlein,Fiction,3.9,
Charlotte sometimes,Penelope Farmer;Eleanor Cameron,Fiction,4.09,
Cover Her Face,P.D. James,Fiction,3.94,An Adam Dalgliesh Mystery
The 42nd Parallel,John Dos Passos,Fiction,3.82,
Masters of Small Worlds,Stephanie McCurry,History,3.71,"Yeoman Households, Gender Relations, and the Political Culture of the Antebellum South Carolina Low Country"
Dragon,Clive Cussler,Fiction,3.92,
Sweet and Low,Emma Lathen,Fiction,3.82,
Please Stop Laughing At Me,Jodee Blanco,Biography & Autobiography,3.84,One Woman's Inspirational Story
The Norton Anthology of Literature by Women,Sandra M. Gilbert;Susan Gubar,Literary Criticism,4.12,The Middle Ages Through the Turn of the Century
Tearing the Silence,Ursula Hegi,Social Science,3.86,On Being German in America
The Berenstain Bears and the Blame Game,Stan Berenstain;Jan Berenstain,Juvenile Fiction,3.87,
The Mystery of the Blue Train,Agatha Christie,Fiction,3.8,A Hercule Poirot Mystery
First King of Shannara,Terry Brooks,Fiction,3.96,
Sailing the Wine-Dark Sea,Thomas Cahill,History,3.77,Why the Greeks Matter
Istanbul,Orhan Pamuk,Biography & Autobiography,3.78,
The General in His Labyrinth,Gabriel García Márquez,Fiction,3.68,A Novel
Gossip Girl #1,Cecily von Ziegesar,Fiction,3.51,A Novel by Cecily von Ziegesar
Agapē Agape,William Gaddis,Fiction,3.81,
The Pirate Dictionary,Terry Breverton,History,3.69,
First Love,Ivan Sergeevich Turgenev,Fiction,3.79,
The Family Idiot,Jean-Paul Sartre,Biography & Autobiography,3.8,"Gustave Flaubert, 1821-1857"
Skeleton Coast,Clive Cussler,Fiction,4.12,
The Short Stories of F. Scott Fitzgerald,F. Scott Fitzgerald;Matthew Joseph Bruccoli,Fiction,4.23,
Night Draws Near,Anthony Shadid,History,4.11,Iraq's People in the Shadow of America's War
The Hermit's Story,Rick Bass,Fiction,4.12,Stories
Island,Aldous Huxley,Fiction,3.85,
Madame Bovary,Gustave Flaubert;Geoffrey Wall,Fiction,3.66,
Angels & Demons,Dan Brown,Fiction,3.88,
Invisible,Pete Hautman,Juvenile Fiction,3.84,
Cast in Dark Waters,Edward Gorman;Tom Piccirilli,Fiction,3.31,
Skin and Other Stories,Roald Dahl,Juvenile Fiction,4.06,
The Act of Creation,Arthur Koestler,Philosophy,4.26,
Unweaving the Rainbow,Richard Dawkins,Science,4.02,"Science, Delusion and the Appetite for Wonder"
One Hundred Years of Solitude,Gabriel Garcia Marquez;Gregory Rabassa,Fiction,4.06,
The Crow: The Lazarus Heart,Poppy Z. Brite,Fiction,3.7,
1491,Charles C. Mann,History,4.02,New Revelations of the Americas Before Columbus
Dirty Jokes and Beer,Drew Carey,Biography & Autobiography,3.54,Stories of the Unrefined
Mornings on Horseback,David McCullough,Biography & Autobiography,4.12,"The Story of an Extraordinary Family, a Vanished Way of Life and the Unique Child Who Became Theodore Roosevelt"
Understanding the Lord of the Rings,Neil D. Isaacs;Rose A. Zimbardo,Literary Criticism,4.02,The Best of Tolkien Criticism
The Tales from the Odyssey #1: One-Eyed Giant,Mary Pope Osborne,Juvenile Fiction,3.88,
Strawberry Shortcake Murder,Joanne Fluke,Fiction,3.84,
"The Art of Love, and Other Poems",Ovid,Poetry,4.02,
Winston S. Churchill,Randolph Spencer Churchill;Martin Gilbert,Biography & Autobiography,0,
The Frequencies,Noah Eli Gordon,Poetry,4.32,A Poem
Collected Shorter Fiction,graf Leo Tolstoy;Louise Maude,Fiction,4.42,
The Survivor,John F. Harris,History,4.01,Bill Clinton in the White House
The Perennial Philosophy,Aldous Huxley,Philosophy,4.23,
The Republic,Plato;Sir Henry Desmond Pritchard Lee,Philosophy,3.93,
The Female Brain,Louann Brizendine,Psychology,3.82,
"Thrones, Dominations",Dorothy L. Sayers;Jill Paton Walsh,Fiction,3.88,
"In Search of Lost Time, Volume IV",Marcel Proust,Fiction,0,Sodom and Gomorrah (A Modern Library E-Book)
Anthony Powell,Michael Barber,Biography & Autobiography,3.72,A Life
Robert Frost,Jay Parini,Biography & Autobiography,4.13,A Life
There's No Place Like Here,Cecelia Ahern,Fiction,3.67,
What Went Wrong?,Bernard Lewis,History,3.49,The Clash Between Islam and Modernity in the Middle East
The Presocratics,Philip Wheelwright,Philosophy,4.04,
"I'm Good Enough, I'm Smart Enough, and Doggone It, People Like Me!",Al Franken;Stuart Smalley,Humor,3.8,Daily Affirmations by Stuart Smalley
The Berlin Stories,Christopher Isherwood,Fiction,4.03,
Lithium for Medea,Kate Braverman,Fiction,3.94,A Novel
The Flight of Icarus,Raymond Queneau,Fiction,4.01,
Aké,Wole Soyinka,Biography & Autobiography,3.92,The Years of Childhood
Follow Your Heart,Susanna Tamaro,Fiction,3.57,
Emily of Deep Valley,Maud Hart Lovelace,Juvenile Fiction,4.23,
This is Push,David Levithan,Juvenile Fiction,3.62,An Anthology of New Writing
The Arabian Nightmare,Robert Irwin,Fiction,3.85,
Going Postal,Terry Pratchett,Fiction,4.38,A Novel of Discworld
Legacy of the Darksword,Margaret Weis;Tracy Hickman,Fiction,3.46,
Rainbow Six,Tom Clancy,Fiction,4.08,
Discovering God's Will,Sinclair B. Ferguson,Religion,4.24,
Introduction to Phenomenology,Dermot Moran,Philosophy,4.25,
A Separate Peace,John Knowles,Fiction,3.57,
The Last Life,Claire Messud,Fiction,3.56,
Heathersleigh Homecoming,Michael R. Phillips,Fiction,4.32,
Good Poems,Garrison Keillor,Poetry,4.18,
This Is the Way the World Ends,James Morrow,Fiction,3.75,
Masks of the Illuminati,Robert Anton Wilson,Fiction,4,
The Survivor's Guide to Sex,Staci Haines,Self-Help,4.31,How to Have an Empowered Sex Life After Child Sexual Abuse
War Comes to Willy Freeman,James Lincoln Collier,Juvenile Fiction,3.6,
A Tempest,Aimé Césaire;Richard Miller,Drama,3.55,"Based on Shakespeare's The Tempest, Adaptation for a Black Theatre"
Fullmetal Alchemist,Hiromu Arakawa,Comics & Graphic Novels,4.59,
"Kristin Lavransdatter, II: The Wife",Sigrid Undset,Fiction,0,
Big Dead Place,Nicholas Johnson,History,3.73,Inside the Strange and Menacing World of Antarctica
What Uncle Sam Really Wants,Noam Chomsky,History,3.99,
Success,Martin Amis,Fiction,3.66,
Lost: Secret Identity - Novelization #2,Cathy Hapka,Fiction,2.92,Secret Identity
Tiger Prince,Erin St. Claire;Sandra Brown,Fiction,3.78,
The Divine Comedy,Dante Alighieri;Charles Hubert Sisson;David H. Higgins,Poetry,4.07,
Fads and Fallacies in the Name of Science,Martin Gardner,Science,4.06,
The Diary of Virginia Woolf: 1931-1935,Virginia Woolf,Biography & Autobiography,4.44,
Hour Game,David Baldacci,Fiction,3.97,
Thousand Cranes,川端康成,Fiction,3.76,
Juneau and Sauk Counties,Jacqueline Ann;Sheila Zenk,History,2.67,1850-2000
Mama Day,Gloria Naylor,Fiction,4.17,
Charles Dickens as a Legal Historian,William Searle Holdsworth,History,3.67,
Life is a Dream,Pedro Calderón de la Barca;Stanley Appelbaum,Drama,3.98,
Virgin Earth,Philippa Gregory,Fiction,3.61,A Novel
Shakespeare A to Z,Charles Boyce;David Allen White,Drama,4.35,"The Essential Reference to His Plays, His Poems, His Life and Times, and More"
Cloudsplitter,Russell Banks,Fiction,3.9,A Novel
Declarations of Independence,Howard Zinn,Science,4.26,Cross-examining American Ideology
The Ecological Approach to Visual Perception,James Jerome Gibson,Psychology,4.28,
Having Our Say,Emily Mann;Sarah Louise Delany,Drama,4.06,The Delany Sisters' First 100 Years : a Play
The Alchemist's Daughter,Katharine McMahon,Fiction,3.24,
How to Read a Poem,Terry Eagleton,Literary Criticism,3.75,
Feynman's Rainbow,Leonard Mlodinow,Science,4,A Search for Beauty in Physics and in Life
Letting Go,Philip Roth,Fiction,3.69,
Exile's Return,Raymond E. Feist,Fiction,4.02,Conclave of Shadows: Book Three
Summerland,Michael Chabon,Juvenile Fiction,3.55,A Novel
Personal Injuries,Scott Turow,Fiction,3.85,
Allusions in Ulysses,Weldon Thornton,Literary Criticism,4.04,An Annotated List
War and Peace,graf Leo Tolstoy,Fiction,4.11,
The Drawing of the Three,Stephen King,Fiction,4.23,
Veronika Decides to Die,Paulo Coelho,Fiction,3.7,A Novel of Redemption
The Children's Book of America,William J. Bennett;Michael Hague,Fiction,4.17,
Carter Beats the Devil,Glen David Gold,Fiction,4.09,
The Twelve Steps and Twelve Traditions of Overeaters Anonymous,"Overeaters Anonymous, Inc. (U.S.)",Self-Help,4.37,
"The Fall of Berlin, 1945",Antony Beevor,History,4.28,
A Robin McKinley Collection,Robin McKinley,Juvenile Fiction,4.39,
I Heard that Song Before,Mary Higgins Clark,Fiction,3.82,
The Illustrated Book of Ballet Stories,Barbara Newman;Gill Tomblin;Darcey Bussell,Juvenile Fiction,4.09,
Morality for Beautiful Girls,Alexander McCall Smith,Fiction,3.98,
Not Even Wrong,Peter Woit,Science,3.93,The Failure of String Theory and the Search for Unity in Physical Law
Exile's Valor,Mercedes Lackey,Fiction,4.18,
The Golden Country,Shusaku Endo;Shūsaku Endō,Drama,3.74,A Play About Christian Martyrs in Japan
The Complete Theory Fun Factory,Katie Elliott;Ian Martin,Fiction,5,
Divine Invasions,Lawrence Sutin,Biography & Autobiography,4.09,A Life of Philip K. Dick
O Is for Old Dominion,Pamela Duncan Edwards;Troy Howell,Fiction,3.75,A Virginia Alphabet
Sex with the Queen,Eleanor Herman,History,3.91,"900 Years of Vile Kings, Virile Lovers, and Passionate Politics"
Hell House,Ian Edginton;Simon Fraser,Comics & Graphic Novels,4.5,
Madame Bovary,Gustave Flaubert;Mildred Marmur,Fiction,3.66,
Creature,John Saul,Fiction,3.84,
Lost Prophet,John D'Emilio,Biography & Autobiography,4.19,The Life and Times of Bayard Rustin
Sunstorm,Arthur Charles Clarke;Stephen Baxter,Fiction,3.83,
The Changeling,Philippa Carr,Fiction,3.99,
The Orange Trees of Versailles,Annie Pietri,Juvenile Fiction,3.77,
The Pilgrim's Progress,John Bunyan,Fiction,3.99,
Essential Dialogues of Plato,Plato,Philosophy,4.05,
The Crying of Lot 49,Thomas Pynchon,Fiction,3.7,
Cheetah Girls #2: Shop in the Name of Love,Deborah Gregory;Paul Mantell,Juvenile Fiction,3.64,
Adiós Hemingway,Leonardo Padura Fuentes;Leonardo Padura,Fiction,3.71,
The Shining,Stephen King,Fiction,4.21,
Man's Search for Meaning,Viktor Emil Frankl,Biography & Autobiography,4.36,
Aeschylus: The Oresteia,Simon Goldhill,Drama,4.03,
The Canterbury Tales,Helen Cooper,Literary Criticism,4.01,
The Storm,Cynthia Rylant,Juvenile Fiction,4.18,
Housekeeping Vs. the Dirt,Nick Hornby,Literary Criticism,3.88,
Gimpel the Fool and Other Stories,Isaac Bashevis Singer,Fiction,4.16,
Two for the Dough,Janet Evanovich,Fiction,4.11,
Tai-Pan,James Clavell,Fiction,4.27,A Novel of Hong Kong
A First Course in String Theory,Barton Zwiebach,Science,4.18,
Big Bad Wolf,Linda Jones;Linda Winstead,Fiction,3.82,
The Light of Day,Eric Ambler,Fiction,3.74,
The History of the Lord of the Rings,John Ronald Reuel Tolkien;Christopher Tolkien,Fiction,4.38,
Primal Heat,Sherri L. King;Lorie O'Clare;Jaci Burton;Lora Leigh,Fiction,4.12,
Providence of a Sparrow,Chris Chester,Biography & Autobiography,4.32,Lessons from a Life Gone to the Birds
The Heart of the Matter,Graham Greene,Fiction,3.99,
Geek Love,Katherine Dunn,Fiction,3.96,
Written on the Body,Jeanette Winterson,Fiction,4.07,
Nietzsche: Daybreak,Friedrich Nietzsche,Philosophy,4.17,Thoughts on the Prejudices of Morality
The Promise of Rest,Reynolds Price,Fiction,3.99,
Tales from Margaritaville,Jimmy Buffett,Fiction,3.9,Fictional Facts and Factual Fictions
Starshield Sentinels,Margaret Weis;Tracy Hickman,Fiction,3.51,
The Hidden Hand,Carroll John Daly,Fiction,3.43,A Race Williams Mystery
The Grass Dancer,Susan Power,Fiction,3.96,
Oblivion,David Foster Wallace,Fiction,4.07,Stories
Emma,Charlotte Brontë;Jane Austen,Fiction,3.99,
Wild Fire,Debra Cowan,Fiction,3.85,
Basic Political Writings,Jean-Jacques Rousseau,Philosophy,3.87,
The Lost Continent,Edgar Rice Burroughs,Fiction,3.67,
Crime and Punishment,Fyodor Dostoyevsky,Fiction,4.2,
The Dream Thief,Shana Abé,Fiction,3.83,
The Grits (Girls Raised in the South) Guide to Life,Deborah Ford;Edie Hand,Social Science,3.78,
C. S. Lewis,Bruce L. Edwards,Literary Criticism,4.43,"Life, Works, and Legacy"
Changeling,Roger Zelazny,Fiction,3.72,
The Hunted,L. A. Banks,Fiction,4.14,
War and Peace and War,Peter Turchin,History,4.15,The Rise and Fall of Empires
One Thousand White Women,Jim Fergus,Fiction,3.88,The Journals of May Dodd
Darker Than Amber,John D. MacDonald,Fiction,4.04,
P.S. Your Cat Is Dead,James Kirkwood,Fiction,3.75,
"How Right You Are, Jeeves",P.G. Wodehouse,Fiction,4.17,
Pyramids of Montauk,Preston B. Nichols;Peter Moon,Fiction,3.91,Explorations in Consciousness
Myth and Reality,Mircea Eliade,Religion,4.07,
The Light Fantastic,Terry Pratchett,Fiction,3.97,
The Origins of Totalitarianism,Hannah Arendt,Philosophy,4.27,
Aches & Pains,Maeve Binchy,Humor,3.54,
Sea of Thunder,Evan Thomas,History,4.11,"Four Commanders and the Last Great Naval Campaign, 1941-1945"
Goodnight Nobody,Jennifer Weiner,Fiction,3.65,A Novel
The Zürau Aphorisms of Franz Kafka,Franz Kafka,Philosophy,3.76,
Z for Zachariah,Robert C. O'Brien,Juvenile Fiction,3.65,
All Fall Down,John Saul,Fiction,3.92,
Diary Of Virginia Woolf Volume 5,Virginia Woolf,Biography & Autobiography,4.49,Vol. 5 (1936-1941)
The Polysyllabic Spree,Nick Hornby,Literary Criticism,3.73,
Borges and the Eternal Orangutans,Luís Fernando Veríssimo;Margaret Jull Costa,Fiction,3.79,
Evil Under the Sun,Agatha Christie,Fiction,3.96,A Hercule Poirot Mystery
Savannah Blues,Mary Kay Andrews,Fiction,3.98,A Novel
Athena,John Banville,Fiction,3.65,A Novel
Egyptian Myth: A Very Short Introduction,Geraldine Pinch,History,3.62,
Tractatus Logico-philosophicus,Ludwig Wittgenstein,Philosophy,4.06,
The Voyage of the Jerle Shannara Trilogy,Terry Brooks,Fiction,4.26,
A Tree Grows in Brooklyn,Betty Smith,Fiction,4.26,
Greek Tragedies,David Grene;Richmond Lattimore,Literary Criticism,4.28,
The Six Wives of Henry VIII,Alison Weir,Biography & Autobiography,4.11,
Thicker Than Water,P. J. Parrish,Fiction,4.09,
Silver on the Tree,Susan Cooper,Juvenile Fiction,4.15,
High Society,Ben Elton,Fiction,3.77,
A Kiss to Remember,Teresa Medeiros,Fiction,3.88,
Charlotte's Web: Wilbur Finds a Friend,Jennifer Frantz,Juvenile Fiction,4.1,
Fever Pitch,Nick Hornby,Biography & Autobiography,3.73,
The People of Paper,Salvador Plascencia,Fiction,4.09,
The Proud Highway,Hunter S. Thompson,Biography & Autobiography,4.14,"Saga of a Desperate Southern Gentleman, 1955-1967"
King Lear,William Shakespeare,Literary Criticism,3.9,
The history of sexuality,Michel Foucault,Philosophy,4.07,The use of pleasure
A People's History of the United States,Howard Zinn;Kathy Emery;Ellen Reeves,History,4.08,
The Fourth of July Story,Alice Dalgliesh,Fiction,4,
Shadows at Sunset,Anne Stuart,Fiction,3.63,
Summer of the Dragon,Elizabeth Peters,Fiction,3.92,
Sizzle,Jennifer Crusie,Fiction,3.09,
Henry IV Part Two,William Shakespeare;Adrian Poole,Literary Criticism,3.8,
"Mémoires, Plaidoiries Et Documents",Henry Miller,Biography & Autobiography,3.81,
The Death Ship of Dartmouth,Michael Jecks,Fiction,4.07,
Preludes and Nocturnes,Neil Gaiman;Sam Kieth;Mike Dringenberg;Todd Klein;Danny Vozzo,Comics & Graphic Novels,4.25,
Center City Philadelphia in the 19th Century,The Print and Photograph Department of the Library Company of Philadelphia,History,4.44,
The Winthrop Woman,Anya Seton,Fiction,4.08,
Kiss Kiss,Roald Dahl,Fiction,4.11,
Sylvia,Leonard Michaels,Fiction,3.86,A Novel
Banker,Dick Francis,Fiction,4.04,
Baby Einstein: Violet's House,Julie Aigner-Clark,Juvenile Fiction,3.98,A Giant Touch-and-Feel Book
The Oath,John Lescroart,Fiction,4.02,
Cirque Du Freak #10: The Lake of Souls,Darren Shan,Fiction,4.19,Book 10 in the Saga of Darren Shan
The Trial of Henry Kissinger,Christopher Hitchens,Biography & Autobiography,3.96,
Dear Sister,Kate William;Francine Pascal,Juvenile Fiction,3.53,
An Imaginary Life,David Malouf,Fiction,3.87,
Dirty Little Secrets,Julie Leto,Fiction,3.58,
The Archimedes Effect,Tom Clancy;Steve Perry;Steve R. Pieczenik;Larry Segriff,Fiction,3.98,
DREAM & THE UNDERWOR,James Hillman,Psychology,4.23,
Morrigan's Cross,Nora Roberts,Fiction,4.14,
The Adventures of Pippi Longstocking,Astrid Lindgren;Michael Chesworth,Juvenile Fiction,4.25,
Chronicles,Bob Dylan,Biography & Autobiography,3.98,Volume One
Iron Fist,Aaron Allston,Fiction,4.03,
Santa Cruise,Mary Higgins Clark;Carol Higgins Clark,Fiction,3.41,A Holiday Mystery at Sea
The Great Gatsby,F. Scott Fitzgerald,Fiction,3.91,
Number the Stars,Lois Lowry,Juvenile Fiction,4.13,
The Best of H.P. Lovecraft,H. P. Lovecraft,Fiction,4.31,Bloodcurdling Tales of Horror and the Macabre
Full Scoop,Janet Evanovich;Charlotte Hughes,Fiction,3.79,
The Quiet Little Woman,Louisa May Alcott,Fiction,3.66,Tilly's Christmas ; Rosa's Tale : Three Enchanting Christmas Stories
Inuyasha Ani-Manga,Rumiko Takahashi,Comics & Graphic Novels,4.36,
Fullmetal Alchemist,Hiromu Arakawa,Comics & Graphic Novels,4.59,
The Garden of Eden,Ernest Hemingway,Fiction,3.73,
Magic Kingdom for Sale,Terry Brooks,Fiction,3.88,Sold
Strip Tease,Carl Hiaasen,Fiction,3.84,
Ludwig Wittgenstein,Ray Monk,Biography & Autobiography,4.35,The Duty of Genius
The Boy in White,Tessa Kay,Fiction,2.33,
The Real Jimmy Carter,Steven F. Hayward,Biography & Autobiography,3.42,"How Our Worst Ex-President Undermines American Foreign Policy, Coddles Dictators and Created the Party of Clinton and Kerry"
The Last Boleyn,Karen Harper,Fiction,4.05,
Cousin Pons,Honore Balzac,Fiction,3.99,Part Two of 'Poor Relations'
Lord of Light,Roger Zelazny,Fiction,4.1,
Thursday's Children,Rumer Godden,Juvenile Fiction,4.27,
Suffering and the Sovereignty of God,John Piper;Justin Taylor,Religion,4.31,
The Unconsoled,Kazuo Ishiguro,Fiction,3.53,
Blood of the Fold,Terry Goodkind,Fiction,3.99,
The Fifth Mountain,Paulo Coelho,Fiction,3.62,
Shadow Fires,Dean Ray Koontz,Fiction,3.78,
Perfect Nightmare,John Saul,Fiction,3.89,A Novel
Andrew Carnegie and the Rise of Big Business,Harold C. Livesay,Biography & Autobiography,3.27,
Great Short Stories by American Women,Candace Ward,Fiction,3.95,
The Oresteia Trilogy,Aeschylus;E. D. A. Morshead,Drama,4.01,"Agamemnon, the Libation-Bearers and the Furies"
Great Speeches by African Americans,James Daley,Social Science,4.29,"Frederick Douglass, Sojourner Truth, Dr. Martin Luther King, Jr., Barack Obama, and Others"
A Wrinkle in Time,Madeleine L'Engle,Juvenile Fiction,4.01,
The New York Stories of Henry James,Henry James;Colm Tóibín,Fiction,4.04,
The Regime,Tim F. LaHaye;Jerry B. Jenkins,Fiction,4.11,Evil Advances : Before They Were Left Behind
Who Was Anne Frank?,Ann Abramson,Fiction,4.26,
The Tale of Jemima Puddle-Duck,Beatrix Potter,Fiction,4.06,
"Letters, Summer 1926",Boris Leonidovich Pasternak;Marina T︠S︡vetaeva;Rainer Maria Rilke;Margaret Wettlin;Walter W. Arndt;Jamey Gambrell,Biography & Autobiography,4.27,"Boris Leonidovich Pasternak, Marina Tsvetayeva, Rainer Maria Rilke"
The Street Lawyer,John Grisham,Fiction,3.83,
Perfect Match,Jodi Picoult,Fiction,3.94,The World Astrology Book of Love and Relationships
Visions from Nowhere,William Arrow,Science,3.23,
Into the Void,Nigel Findley,Fiction,3.54,
On the Bus,Paul Perry;Ken Babbs,Social Science,3.86,The Complete Guide to the Legendary Trip of Ken Kesey and the Merry Pranksters and the Birth of the Counterculture
Hikaru no Go,Yumi Hotta,Comics & Graphic Novels,4.22,
The Black Cauldron,Lloyd Alexander,Juvenile Fiction,4.14,
The diaries of Franz Kafka,Franz Kafka;Max Brod,Biography & Autobiography,4.23,
Fifty-One Tales,Lord Dunsany;Lin Carter;John Betancourt,Fiction,3.82,
A Streetcar Named Desire,Tennessee Williams,Drama,3.98,Play in Three Acts
The Private Parts of Women,Lesley Glaister,Fiction,3.82,
The Trumpet of the Swan,E. B. White,Juvenile Fiction,4.07,
"The Daring Young Man on the Flying Trapeze, and Other Stories",William Saroyan,Fiction,4.21,
Man Crazy,Joyce Carol Oates,Fiction,3.39,A Novel
Book of Haikus,Jack Kerouac,Poetry,3.92,
The Death of an Irish Sea Wolf,Bartholomew Gill,Fiction,3.74,
Witness for the Prosecution & Selected Plays,Agatha Christie,Drama,4.05,
The Haunted Bridge,Carolyn Keene,Juvenile Fiction,3.92,
The Best of Young British Novelists,Bill Buford,Fiction,3.94,
五輪書 : 英文版,武蔵·宮本,Philosophy,4.08,
Go Tell it on the Mountain,James Baldwin,Fiction,4.01,
Rumble Fish,Marcus Romer;S. E. Hinton,Juvenile Fiction,3.87,
Music & Silence,Rose Tremain,Fiction,3.95,
Everything Is Illuminated tie-in,Jonathan Safran Foer,Fiction,3.9,A Novel
The Guardian,Jane Hamilton,Fiction,3.75,
The Last Book of Swords: Shieldbreaker's Story,Fred Saberhagen,Fiction,3.88,
The Circle,David Poyer,Fiction,4.08,He Pledged To Serve With Duty And Honor. Instead He Fought Betrayal On A Ship Bound For Danger.
The World of Mr. Mulliner,Pelham Grenville Wodehouse,Humor,4.31,"The Mulliner Omnibus : an Omnibus Volume Containing Mr. Mulliner Speaking, Meet Mr. Mulliner, Mulliner Nights"
Diablo: Legacy of Blood,Richard A. Knaak,Fiction,3.77,
African Nights,Kuki Gallmann,Biography & Autobiography,3.8,True Stories from the Author of I Dreamed of Africa
Eastern Standard Tribe,Cory Doctorow,Fiction,3.49,
Shutter Island,Dennis Lehane,Fiction,4.09,
The Origin of Species,Charles Darwin,Science,4.13,"And, The Voyage of the Beagle"
The Franklin Affair,Jim Lehrer,Fiction,3.12,
Seminole Song,Vella Munn,Fiction,3.72,
The Coalwood Way,Homer H. Hickam,Biography & Autobiography,4.13,
Essentials of American Government,Karen O'Connor;Larry J. Sabato,Science,3.5,"Continuity and Change, 2006 Edition"
"Acme Novelty Datebook, Volume One",Chris Ware,Comics & Graphic Novels,4.17,Volume One
The Chamber,John Grisham,Fiction,3.78,
The Buried Mirror,Carlos Fuentes,Fiction,4.01,Reflections on Spain and the New World
Strangers in Paradise,Terry Moore,Comics & Graphic Novels,4.09,
Star Wars Tales Volume 1,Various;Tsuneo Sanda,Comics & Graphic Novels,3.89,
A Drink Before the War,Dennis Lehane,Fiction,3.95,
Quiver,Stephanie Spinner,Juvenile Fiction,3.51,
Wartime Lies,Louis Begley,Fiction,3.7,
Beloved,Toni Morrison,Fiction,3.81,
Snow Crash,Neal Stephenson,Fiction,4.03,
The Foundation Trilogy,Isaac Asimov,Science,4.4,"Foundation, Foundation and Empire, Second Foundation"
The Death of Virgil,Hermann Broch,Fiction,4.19,
Euripides I,Euripides,Drama,4.03,Alcestis; The Medea; The Heracleidae; Hippolytus
Three by Annie Dillard,Annie Dillard,Fiction,4.34,"The Writing Life, An American Childhood, Pilgrim at Tinker Creek"
Bright Star's Promise,Karen A. Bale,Fiction,2.77,
Time for Ballet,Adèle Geras;Shelagh McNicholas,Juvenile Fiction,3.71,
Echoes of the Marseillaise,Eric J. Hobsbawm,History,3.51,Two Centuries Look Back on the French Revolution
Cujo,Stephen King,Fiction,3.7,A Novel
Triss,Brian Jacques;David Elliot,Juvenile Fiction,3.98,A Tale from Redwall
Clea,Lawrence Durrell,Fiction,4.19,
Filth,Irvine Welsh,Fiction,3.74,A Novel
Midnight for Charlie Bone,Jenny Nimmo,Juvenile Fiction,3.81,
Darkness Visible,William Styron,Biography & Autobiography,4.04,A Memoir of Madness
History of Philosophy,Frederick Charles Copleston,Philosophy,4.08,
The Assignation,Joyce Carol Oates,Fiction,3.81,
Flirting With Danger,Suzanne Enoch,Fiction,3.93,
Echo Platoon,Richard Marcinko;John Weisman,Fiction,3.95,
Mystery Play,Grant Morrison;Jon J. Muth,Comics & Graphic Novels,3.44,
The 13th directorate,Barry Chubin,Fiction,2.62,
Here on Earth,Alice Hoffman,Fiction,3.69,
Labyrinths,Jorge Luis Borges,Fiction,4.46,Selected Stories and Other Writings
Think on These Things,Jiddu Krishnamurti,Religion,4.4,
Altered Carbon,Richard K. Morgan,Fiction,4.06,
Operation Wandering Soul,Richard Powers,Fiction,3.62,
The Hyperion Omnibus,Dan Simmons,Fiction,4.42,
The Wit and Wisdom of Mark Twain,Mark Twain,Literary Criticism,4.2,A Book of Quotations
The Nature of the Atonement,James K. Beilby;Paul R. Eddy,Religion,3.76,Four Views
The Thorn Birds,Colleen McCullough,Fiction,4.23,
The Berlin Phenomenology,Georg Wilhelm Friedrich Hegel,History,0,
Forever in Blue,Ann Brashares,Juvenile Fiction,3.81,The Fourth Summer of the Sisterhood
Shadows of the Empire,Steve Perry,Fiction,3.82,
"Anacaona, Golden Flower",Edwidge Danticat,Juvenile Fiction,3.74,
The Waste Land and Other Writings,Thomas Stearns Eliot,Poetry,4.21,
On the Trail of Mary Queen of Scots,J. Keith Cheetham,Biography & Autobiography,3.27,
The Kitchen God's Wife,Amy Tan,Fiction,4,
Wideacre,Philippa Gregory,Fiction,3.3,A Novel
The Autobiography of Henry VIII,Margaret George,Fiction,4.25,"With Notes by His Fool, Will Somers: A Novel"
Harriet Spies Again,Helen Ericson;Louise Fitzhugh,Juvenile Fiction,3.83,
The Classic Treasury of Hans Christian Andersen,Hans Christian Andersen;Christian Birmingham,Juvenile Fiction,4.24,
A Framework for Understanding Poverty,Ruby K. Payne,Humor,3.9,
"Louisa May Alcott on Race, Sex, and Slavery",Louisa May Alcott,Fiction,3.94,
Icy Sparks,Gwyn Hyman Rubio,Fiction,3.69,
The Picture of Dorian Gray,Oscar Wilde,Fiction,4.07,
The Amazing Maurice and His Educated Rodents,Terry Pratchett,Juvenile Fiction,4.05,
God's Generals,Roberts Liardon,Biography & Autobiography,4.45,Why They Succeeded and why Some Failed
Across the River and Into the Trees,Ernest Hemingway,Fiction,3.34,
I Capture the Castle,Dodie Smith,Fiction,4,
Forever Odd,Dean Ray Koontz,Fiction,3.97,
Throne of Jade,Naomi Novik,Fiction,3.9,
Shooting Stars Omnibus,V.C. Andrews,Fiction,3.94,"Cinnamon, Ice, Rose and Honey"
In Defense of Lost Causes,Slavoj Žižek,Philosophy,3.89,
Success Stories,Russell Banks,Fiction,3.72,
I Should be Extremely Happy in Your Company,Brian Hall,Fiction,3.37,A Novel of Lewis and Clark
The Cat in the Hat,Dr. Seuss,Juvenile Fiction,4.16,
River Out of Eden,Richard Dawkins,Science,3.97,A Darwinian View of Life
Limitations,Scott Turow,Fiction,3.33,
Beauty,Robin McKinley,Juvenile Fiction,4.05,A Retelling of the Story of Beauty and the Beast
Runny Babbit,Shel Silverstein,Poetry,4.12,A Billy Sook
The Color Purple,Alice Walker,Fiction,4.19,
Enchantment,Orson Scott Card,Fiction,3.9,
Tolkien on film,Janet Brennan Croft,Literary Criticism,3.77,essays on Peter Jackson's The lord of the rings
To Have and to Hold,Jane Green,Fiction,3.63,
The Alchemist - Gift Edition,Paulo Coelho,Fiction,3.85,
Word Freak,Stefan Fatsis,Biography & Autobiography,3.82,"Heartbreak, Triumph, Genius, and Obsession in the World of Competitive Scrabble Players"
Little Dorrit,Charles Dickens,Fiction,3.98,
Mysteries,Knut Hamsun,Fiction,4.1,
George Eliot,Kathryn Hughes,Biography & Autobiography,4.03,The Last Victorian
"The End of Faith: Religion, Terror, and the Future of Reason",Sam Harris,Philosophy,3.94,
The Woman Who Rides Like a Man,Tamora Pierce,Juvenile Fiction,4.21,
The St. Paul Stories of F. Scott Fitzgerald,Francis Scott Fitzgerald;Patricia Hampl,Fiction,3.97,
The Shakespeare Plays: Romeo & Juliet,McGraw-Hill Education,Fiction,3.74,
The Diary of Anne Frank,Frances Goodrich;Albert Hackett;Wendy Ann Kesselman,Drama,4.04,
Star Wars,Ann Margaret Lewis;Helen Keier,Fiction,4.16,The New Essential Guide to Alien Species
Gulliver's Travels and A Modest Proposal,Jonathan Swift;Jesse Gale,Fiction,3.79,
Black and Blue,Anna Quindlen,Fiction,3.88,A Novel
The Selected Poems of Federico García Lorca,Federico García Lorca,Poetry,4.31,
Lord Jim,Joseph Conrad,Fiction,3.62,
"Teleny, Or, The Reverse of the Medal",Oscar Wilde,Fiction,3.68,
Seabiscuit,B. K. Beckwith,Biography & Autobiography,4.46,The Saga of a Great Champion
Culture of Fear Revisited,Frank Furedi,Social Science,3.53,
The First Forty-nine Stories,Ernest Hemingway,Fiction,3.99,
Howls Moving Castle Picture Book,Hayao Miyazaki,Comics & Graphic Novels,4.4,
The Time Machine,Herbert George Wells,Science,4.13,The Island of Dr Moreau ; The Invisible Man ; The First Men on the Moon ; The Food of the Gods ; In the Days of the Comet ; The War of the Worlds
Maya,Jostein Gaarder,Fiction,3.6,
Alone,Lisa Gardner,Fiction,3.97,
The Pen is Mightier Than the Sword,Anne Mazer,Juvenile Fiction,3.96,
Holding on to the Air,Suzanne Farrell;Toni Bentley,Biography & Autobiography,4.07,An Autobiography
Deck the Halls,Mary Higgins Clark;Carol Higgins Clark,Fiction,3.61,
Nova Express,William S. Burroughs,Fiction,3.68,
When I was Puerto Rican,Esmeralda Santiago,Biography & Autobiography,4.01,
Phenomenology of Perception,Maurice Merleau-Ponty,Philosophy,4.15,
The New Centurions,Joseph Wambaugh,Fiction,3.93,
The Lays of Beleriand,John Ronald Reuel Tolkien;Christopher Tolkien,Poetry,3.96,
Benjamin Franklin,Walter Isaacson,Biography & Autobiography,3.99,An American Life
The Book of Ruth,Jane Hamilton,Fiction,3.84,
The White Wolf's Son,Michael Moorcock,Fiction,3.86,The Albino Underground
Rachel & Leah,Orson Scott Card,Fiction,3.85,
The High King,Lloyd Alexander,Juvenile Fiction,4.24,
Authentic Happiness,Martin E. P. Seligman,Psychology,3.95,Using the New Positive Psychology to Realize Your Potential for Lasting Fulfillment
Education As My Agenda,Gertrude S. Williams;Jo Ann Robinson,Biography & Autobiography,4.25,"Gertrude Williams, Race, and the Baltimore Public Schools"
The Man in the High Castle,Philip K. Dick,Fiction,3.63,
Nightmare House,Douglas Clegg,Fiction,3.36,
Lawful Possession,Catherine George,Fiction,3.25,
Three Tales,Gustave Flaubert;Roger Whitehouse;Geoffrey Wall,Fiction,3.71,
Behind a Mask,Louisa May Alcott,Fiction,3.76,The Unknown Thrillers Of Louisa May Alcott
The Radicalism of the American Revolution,Gordon S. Wood,History,4.05,
The Beginning and the End,Naguib Mahfouz;Najīb Maḥfūẓ,Fiction,4.07,
How Tom Beat Captain Najork and His Hired Sportsmen,Russell Hoban;Quentin Blake,Juvenile Fiction,4.27,
Harpo Speaks!,Harpo Marx;Rowland Barber,Biography & Autobiography,4.4,
Sahara,Clive Cussler,Fiction,3.96,
Twilight of Idols and Anti-Christ,Friedrich Nietzsche,Philosophy,4.16,
The Bell,Iris Murdoch,Fiction,3.88,
The Republic of Plato,Allan Bloom,Philosophy,3.93,Second Edition
Theater Shoes,Noel Streatfeild,Juvenile Fiction,4.02,
The Lord of the Rings,John Ronald Reuel Tolkien,Fiction,4.49,
The Phenomenon of Life,Hans Jonas;Eleonore Jonas,Philosophy,4.23,Toward a Philosophical Biology
"Sounds, Feelings, Thoughts",Wisława Szymborska,Poetry,4.33,Seventy Poems
The Politics of Injustice,Katherine Beckett;Theodore Sasson,Science,3.76,Crime and Punishment in America
A Clockwork Orange,Anthony Burgess,Drama,3.82,
"On Justice, Power, and Human Nature",Thucydides,History,3.72,The Essence of Thucydides' History of the Peloponnesian War
The House of Morgan,Ron Chernow,Biography & Autobiography,4.07,An American Banking Dynasty and the Rise of Modern Finance
The Woods,Harlan Coben,Fiction,4.04,
Harry Potter,J. K. Rowling,Juvenile Fiction,4.78,"5 Years of Magic, Adventure, and Mystery at Hogwarts"
The Terror,Dan Simmons,Fiction,4.05,A Novel
Three Weeks with My Brother,Nicholas Sparks;Micah Sparks,Biography & Autobiography,4.02,
Alfred Hitchcock,Alfred Hitchcock,Fiction,3.87,Portraits of Murder
The Hero and the Crown,Robin McKinley,Fiction,4.21,
The Gunslinger,Mary McBride,Fiction,4.12,
Crime Partners,Donald Goines,Fiction,4.22,
Doom of the Darksword,Margaret Weis,Fiction,3.66,
Does Anybody Have a Problem with That?,Bill Maher,Humor,3.49,Politically Incorrect's Greatest Hits
Jukebox Queen Of Malta,Nicholas Rinaldi,Fiction,3.47,A Novel
The Runaway Jury,John Grisham,Fiction,3.97,
The Hound of the Baskervilles,Arthur Conan Doyle,Fiction,4.1,
Black Sun Rising,C. S. Friedman,Fiction,3.93,
The Sword of Welleran,Lord Dunsany,Fiction,4.04,And Other Stories
A Room of One's Own,Virginia Woolf,Fiction,4.13,
The Job,William S. Burroughs,Biography & Autobiography,4.05,Interviews with William S. Burroughs
Goddess of Light,P. C. Cast,Fiction,4.04,
"East Wind, West Wind",Pearl Sydenstricker Buck,Fiction,4,
"Job, a Comedy of Justice",Robert Anson Heinlein,Fiction,3.78,
Charles Taylor,Ruth Abbey;Lecturer in Philosophy Ruth Abbey;Cambridge University Press,History,3.6,
The Transition of H.P. Lovecraft,Howard Phillips Lovecraft,Fiction,4.3,The Road to Madness
Star Trek: The Original Series: Crucible: Spock: The Fire and the Rose,David R. George III,Fiction,3.95,
Baltasar and Blimunda,José Saramago;Giovanni Pontiero,Fiction,3.91,
Love in Vein,Poppy Z. Brite,Fiction,3.6,
Oliver Twist,Pauline Francis;Charles Dickens,Fiction,3.66,
Worlds Enough & Time,Dan Simmons,Fiction,3.75,Five Tales of Speculative Fiction
The Canterville Ghost,Oscar Wilde,Fiction,3.89,
Notebook of a Return to the Native Land,Aimé Césaire;Clayton Eshleman;Annette Smith,Literary Criticism,4.08,
Wings of Fire,Charles Todd,Fiction,3.99,
Lord Malquist and Mr. Moon,Tom Stoppard,Fiction,3.4,
Unauthorized Harry Potter and the Deathly Hallows News,W. Frederick Zimmerman,Fiction,3.69,Harry Potter Book Seven and Half-Blood Prince Analysis
As She Climbed Across the Table,Jonathan Lethem,Fiction,3.67,
American Splendor Presents Bob and Harv's Comics,Harvey Pekar;Robert Crumb,Comics & Graphic Novels,4.02,
Lost Continents,Lyon Sprague De Camp,Social Science,3.64,"The Atlantis Theme in History, Science, and Literature"
The diaries,Franz Kafka,Biography & Autobiography,4.23,1910-1923
The Norton Anthology of Western Literature: Beginnings through the Renaissance,Sarah N. Lawall,Literary Criticism,3.95,
Conversations with John Updike,John Updike;James Plath,Biography & Autobiography,3.58,
The Evolution of the Gilgamesh Epic,Jeffrey H. Tigay,Literary Criticism,3.82,
Naughty Little Secret,Shelley Bradley,Fiction,3.73,
The pillars of the earth,Ken Follett,Fiction,4.31,
The Janson Directive,Robert Ludlum,Fiction,3.86,
Cuba,Stephen Coonts,Fiction,3.81,
Touched With Fire,Kay Redfield Jamison,Psychology,4.01,
A Lie and a Libel,Binjamin W. Segel,History,3.56,The History of the Protocols of the Elders of Zion
The Old Wine Shades,Martha Grimes,Fiction,3.61,A Richard Jury Mystery
La chartreuse de Parme,Jm Stendhal,Fiction,3.82,Apprendre l' anglais en lisant
Baby's Animal Friends,Phoebe Dunn,Juvenile Fiction,3.4,
A Coffin for Dimitrios,Eric Ambler,Fiction,3.92,
Size 12 Is Not Fat,Meg Cabot,Fiction,3.74,A Heather Wells Mystery
Jimmy Stewart,Starr Smith,History,3.92,Bomber Pilot
Captain Slaughterboard Drops Anchor,Mervyn Peake,Juvenile Fiction,4.08,
Doubling the Point,Professor of General Literature J M Coetzee;J. M. Coetzee,Literary Criticism,4.04,Essays and Interviews
Westmark,Lloyd Alexander,Juvenile Fiction,3.92,
Into a Dark Realm,Raymond E. Feist,Fiction,4,Book Two of the Darkwar Saga
The Feynman Lectures on Physics,Richard Phillips Feynman;Robert B. Leighton;Matthew Linzee Sands,Science,4.62,
Darth Bane,Drew Karpyshyn,Fiction,4.27,Path of Destruction : a Novel of the Old Republic
Plastic Jesus,Poppy Z. Brite,Fiction,3.57,
The Lost Tomb,Kent R. Weeks,Social Science,4.07,"In 1995, An American Egyptologist Discovered The Burial Site Of The Sons Of Ramesses Ii--this Is His"
Liberals and Communitarians,Stephen Mulhall;Adam Swift,Science,4.04,
"Aeschylus, 1",Aeschylus,Drama,4.01,"The Oresteia (Agamemnon, The Libation Bearers, The Eumenides)"
Star Wars: Empire Volume 5,Various,Comics & Graphic Novels,3.51,
With William Burroughs,William S. Burroughs;Victor Bockris,Biography & Autobiography,4.05,
Corelli's Mandolin,Louis De Bernières,Fiction,3.97,A Novel
Wuthering Heights,Emily Brontë,Fiction,3.84,
Black Man of the Nile and His Family,Yosef Ben-Jochannan,History,4.56,
No Accident,Emily Blake,Juvenile Fiction,4.17,
Hot Stuff,Janet Evanovich;Leanne Banks,Fiction,3.74,
Sins of a Shaker Summer,Deborah Woodworth,Fiction,3.5,A Sister Rose Callahan Mystery
Voting Rights Days,Ellen Weiss,Juvenile Fiction,4.3,
The Harlequin,Laurell K. Hamilton,Fiction,3.91,
The Complete Novels,Jane Austen,Fiction,4.55,
Pnin,Vladimir Vladimirovich Nabokov,Fiction,3.89,
Lorca & Jiménez,Federico Garcia Lorca,Literary Criticism,4.35,
Becoming a Goddess of Inner Poise,Donna Freitas,Social Science,3.59,Spirituality for the Bridget Jones in All of Us
The Executioner's Song,Norman Mailer,Fiction,4.07,
The Kite Runner,Khaled Hosseini,Fiction,4.28,
Uncle Tom's Cabin,Harriet Beecher Stowe,Fiction,3.86,
Strawberry Days,David A. Neiwert,History,3.97,How Internment Destroyed a Japanese American Community
The Boleyn Inheritance,Philippa Gregory,Fiction,3.86,
The Journey to the East,Hermann Hesse,Fiction,3.7,A Novel
Lover Revealed,J. R. Ward;Jessica Bird Ward,Fiction,4.3,A Novel of the Black Dagger Brotherhood
Dragondrums,Anne McCaffrey,Juvenile Fiction,4.06,
Critical Studies,Kathleen Parkinson,Literary Criticism,3.88,The Great Gatsby
What Dreams May Come,Richard Matheson,Fiction,3.95,A Novel
The Analects of Confucius,Confucius;Roger T. Ames;Henry Rosemont,Fiction,3.84,A Philosophical Translation
Nixon Agonistes,Garry Wills,Biography & Autobiography,4.12,The Crisis of the Self-made Man
Cyclops,Clive Cussler,Fiction,3.87,
This Christmas,Jane Green;Jennifer Coburn;Liz Ireland,Fiction,3.2,
The Eye of Charon,Richard A. Knaak,Fiction,3.88,
"See You Around, Sam!",Lois Lowry,Juvenile Fiction,3.68,
Empire,Orson Scott Card,Fiction,3.43,
An Arab-Syrian Gentleman and Warrior in the Period of the Crusades,Usāmah ibn Munqidh;Philip Khuri Hitti,History,3.92,Memoirs of Usāmah Ibn-Munqidh (Kitāb Al-Iʻtibār) ; Translated from the Original Manuscript by Philip K. Hitti ; with a New Foreword by Richard W. Bulliet
The Notebooks of Lazarus Long,Robert A. Heinlein,Fiction,4.07,
Death on the Nile,Agatha Christie,Fiction,4.09,
"Sit, Walk, Stand",Watchman Nee,Religion,4.41,
James Herriot's Treasury for Children,James Herriot,Fiction,4.44,Warm and Joyful Tales by the Author of All Creatures Great and Small
A Little Bit Wicked,Victoria Alexander,Fiction,0,
Every Good Boy Deserves Favor and Professional Foul,Tom Stoppard,Drama,3.9,
A War Like No Other,Victor Davis Hanson,History,4.11,How the Athenians And Spartans Fought the Peloponnesian War
Imperial Life in the Emerald City,Rajiv Chandrasekaran,History,4.02,Inside Iraq's Green Zone
"Harry Bosch Novels, The: Volume 2",Michael Connelly,Fiction,4.48,"The Last Coyote, Trunk Music, Angels Flight"
"Collected tales, sketches, speeches, and essays 1891-1910",Mark Twain,Humor,4.39,1891-1910
The Lord of the Rings Complete Visual Companion,Jude Fisher,Fiction,4.5,
East is East,T. Coraghessan Boyle,Fiction,3.64,
Ronald Reagan,Dinesh D'Souza,Biography & Autobiography,4.12,How an Ordinary Man Became an Extraordinary Leader
Glittering Images,Susan Howatch,Fiction,4.07,
Tinker,Wen Spencer,Fiction,4.07,
The Subtle Knife,Philip Pullman,Juvenile Fiction,4.12,
Full Bloom,Janet Evanovich;Charlotte Hughes,Fiction,3.81,
Star Bright,Cathy Hapka,Fiction,3.67,
The Invisible Man,H. G. Wells,Fiction,3.63,
Islam,Karen Armstrong,Religion,4.02,A Short History
The Canterville Ghost and Other Stories,Oscar Wilde,Fiction,3.93,
Wither,J G Passarella,Fiction,3.72,
Exploring the Northern Tradition,Galina Krasskova,Religion,3.83,"A Guide to the Gods, Lore, Rites, and Celebrations from the Norse, German, and Anglo-Saxon Traditions"
Everything on a Waffle,Polly Horvath,Juvenile Fiction,3.71,
Howards End,Edward Morgan Forster,Fiction,3.96,
"Classic Myths to Read Aloud: The Great Stories of Greek and Roman Mythology, Specially Arranged for Children Five and Up by an Educational Expert",William F. Russell,Fiction,4.09,
"Oliver and Albert, Friends Forever",Jean Van Leeuwen,Juvenile Fiction,3.62,
Cross Stitch,Diana Gabaldon,Fiction,4.22,
Teach Them Diligently,Louis Paul Priolo,Religion,4.24,How to Use the Scriptures in Child Training
Western Philosophy,John G. Cottingham,Philosophy,4.06,An Anthology
The Heidi Chronicles,Wendy Wasserstein,Literary Criticism,3.73,
Life on Planet Rock,Lonn Friend,Biography & Autobiography,3.58,"From Guns N' Roses to Nirvana, a Backstage Journey Through Rock's Most Debauched Decade"
Wicked Ties,Shayla Black,Fiction,3.96,
At Risk,Patricia Daniels Cornwell,Fiction,3.4,
Touch Not the Cat,Mary Stewart,Fiction,3.91,
The Deep,Gordon Korman,Juvenile Fiction,3.78,
Blood and Gold,Anne Rice,Fiction,3.89,The Vampire Marius
Deadlock,James Scott Bell,Fiction,3.95,
Daniel Deronda,George Eliot,Fiction,3.83,
Double Love,Francine Pascal;Kate William,Juvenile Fiction,3.54,
Lights Out,Peter Abrahams,Fiction,3.66,
A Fistful of Charms,Kim Harrison,Fiction,4.28,
Wrinkles in Time,George Smoot;Keay Davidson,Science,3.99,
"If I Have a Wicked Stepmother, Where's My Prince?",Melissa Kantor,Juvenile Fiction,3.66,
A Portrait of the Artist as a Young Man,James Joyce,Fiction,3.61,
The Outsiders,S. E. Hinton;Jodi Picoult,Fiction,4.08,
Aristotle: The Politics and the Constitution of Athens,Aristotle,History,3.94,
The Eight,Katherine Neville,Fiction,3.92,A Novel
The Right Stuff,Merline Lovelace,Fiction,3.57,
The Apple that Astonished Paris,Billy Collins,Poetry,4.2,Poems
The Marvel Comics Encyclopedia,"DK Publishing, Inc",Comics & Graphic Novels,4.36,The Complete Guide to the Characters of the Marvel Universe
"BLOOD SUCKER Volume 1: Legend of ""Zipangu""",Saki Okuse;Aki Shimizu,Comics & Graphic Novels,3.2,
The Working Poor,David K. Shipler,Social Science,4.03,Invisible In America
The Heritage of Shannara,Terence Dean Brooks;Terry Brooks,Fiction,4.28,
Cold as Ice,Anne Stuart,Fiction,3.81,
There is Always Enough,Rolland Baker;Heidi Baker,Humor,4.45,The Story of Rolland and Heidi Baker's Miraculous Ministry Among the Poor
Dragonology,Ernest Drake,Fiction,4.1,The Complete Book of Dragons
The Scripture of the Golden Eternity,Jack Kerouac,Literary Criticism,3.95,Pocket Poets Number 51
Four Plays,Aristophanes,Drama,4.06,
Today I Feel Silly & Other Moods That Make My Day,Jamie Lee Curtis,Juvenile Fiction,4.15,
The Inimitable Jeeves,Pelham Grenville Wodehouse,Fiction,4.25,
Wuthering Heights,Emily Bronte;Emily Brontë,Fiction,3.84,"The 1847 Text, Backgrounds and Contexts, Criticism"
Venice: Lion City,Garry Wills,History,3.74,The Religion of Empire
Beowulf & Grendel,John Grigsby,History,3.57,The Truth Behind England's Oldest Myth
Reinventing Jesus,J. Ed Komoszewski;M. James Sawyer;Daniel B. Wallace,Religion,4.19,How Contemporary Skeptics Miss the Real Jesus and Mislead Popular Culture
A Hunger Like No Other,Kresley Cole,Fiction,4.2,
Kitty and the Midnight Hour,Carrie Vaughn,Fiction,3.66,
浅草紅団,Yasunari Kawabata,Fiction,3.35,
Ulysses S. Grant,Michael Korda,Biography & Autobiography,3.88,The Unlikely Hero
William Faulkner,Nicolas Tredell,Literary Criticism,3.96,The Sound and the Fury ; As I Lay Dying
The Courtesan,Susan Carroll,Fiction,3.9,A Novel
Jacques the Fatalist and His Master,Denis Diderot,Fiction,3.84,
"Gun, with Occasional Music",Jonathan Lethem,Fiction,3.77,
The Spell,Alan Hollinghurst,Fiction,3.54,
Wuthering Heights,Emily Bronte;Emily Brontë,Fiction,3.84,
Cloak and Dagger,Tom Clancy;Steve R. Pieczenik,Juvenile Fiction,3.95,
Heirs of General Practice,John McPhee,Biography & Autobiography,4.15,
It's Winter!,Linda Glaser,Fiction,3.63,
Luther and Erasmus,Ernest Gordon Rupp;Philip Saville Watson,Religion,3.81,Free Will and Salvation
Messenger of Truth,Jacqueline Winspear,Fiction,3.99,A Maisie Dobbs Novel
Something Blue,Emily Giffin,Fiction,3.93,
Existentialism and Human Emotions,Jean-Paul Sartre,Philosophy,3.84,
The Secret Garden,Frances Hodgson Burnett,Juvenile Fiction,4.13,
Prodigal Summer,Barbara Kingsolver,Fiction,4,A Novel
An Unquiet Grave,P. J. Parrish,Fiction,4.12,
Phaedrus,Plato;Robin Waterfield,Philosophy,3.91,
The Portable Arthur Miller,Arthur Miller,Drama,4.19,
Bury the Chains,Adam Hochschild,History,4.27,Prophets and Rebels in the Fight to Free an Empire's Slaves
The Twelve Terrors of Christmas,John Updike,Fiction,4.24,
Safety Behind Bars,Robert Kirkman;Charlie Adlard;Cliff Rathburn,Comics & Graphic Novels,4.31,
The Brothers Karamazov,Fyodor Dostoyevsky,Fiction,4.32,
Liturgies of the Western Church,Bard Thompson,Religion,3.96,
The Long Hard Road Out of Hell,Marilyn Manson;Neil Strauss,Biography & Autobiography,3.89,
Anaïs Nin,Deirdre Bair,Biography & Autobiography,3.99,A Biography
Young Warriors,Tamora Pierce;Josepha Sherman,Juvenile Fiction,3.91,Stories of Strength
Inky the Indigo Fairy,Daisy Meadows,Juvenile Fiction,3.79,
Saint Thomas of Aquinas,Gilbert Keith Chesterton,Religion,4.15,
Crescent Moon,Haruko Iida,Comics & Graphic Novels,4.22,
"Selected Poems (Melville, Herman)",Herman Melville,Poetry,0,
"The Demon Princes, Vol. 1",Jack Vance,Fiction,4.25,The Star King * The Killing Machine * The Palace of Love
A Calendar of Wisdom,Leo Tolstoy,Religion,4.1,"Daily Thoughts to Nourish the Soul, Written and Selected from the World's Sacred Texts"
From Far Away,Robert N. Munsch;Saoussan Askar;Michael Martchenko,Juvenile Fiction,4.02,
Three Gothic Novels,Horace Walpole;William Beckford;Mary Shelley,Fiction,3.7,
Happily Ever After,Kate William;Francine Pascal,Juvenile Fiction,3.6,
Assassin's Apprentice,Robin Hobb,Fiction,4.15,
The Complete Greek Tragedies: Euripides,Aeschylus;Sophocles;Euripides,Drama,4.48,
Lean Mean Thirteen,Janet Evanovich,Fiction,4.09,
The Fellowship of the Ring,John Ronald Reuel Tolkien,Fiction,4.35,Being the First Part of The Lord of the Rings
The History of Love: A Novel,Nicole Krauss,Fiction,3.92,
On Late Style,Edward W. Saïd,Literary Criticism,3.92,Music And Literature Against the Grain
Son of the Mob,Gordon Korman,Juvenile Fiction,3.72,
Who Needs Greek?,Simon Goldhill,History,3.4,Contests in the Cultural History of Hellenism
The Drift House,Dale Peck,Juvenile Fiction,3.64,The First Voyage
Terraforming Earth,Jack Williamson,Fiction,3.47,
Kiffe Kiffe Tomorrow,Faïza Guène;Sarah Adams,Fiction,3.38,
The Camera My Mother Gave Me,Susanna Kaysen,Biography & Autobiography,3.3,
My Name Is Maria Isabel,Alma Flor Ada;Ana M. Cerro,Juvenile Fiction,3.88,
The Covenant,James Albert Michener,Fiction,4.18,
Chimera,John Barth,Fiction,3.73,
Dead Babies,Martin Amis,Fiction,3.36,
In the Name of Love,Ann Rule,Literary Criticism,4.03,Ann Rule's Crime Files
True Evil,Greg Iles,Fiction,4.08,
The Last Days of Henry VIII,Robert Hutchinson,Biography & Autobiography,4.14,"Conspiracies, Treason and Heresy at the Court of the Dying Tyrant"
The Last Days of Socrates,Plato;Hugh Tredennick,Fiction,4.07,
Close Range,Annie Proulx,Fiction,3.99,Wyoming Stories
The Idiot,Fyodor Dostoyevsky;Constance Garnett,Fiction,4.18,
"Something Borrowed, Something Blue",Constance O'Banyon;Evelyn Rogers;Bobbi Smith,Fiction,4,
A Map of the World,Jane Hamilton,Fiction,3.8,
Where the Mountain Casts Its Shadow,Maria Coffey,Biography & Autobiography,3.89,The Dark Side of Extreme Adventure
An Odyssey in Learning and Perception,Eleanor J. Gibson,Psychology,4.5,
Dead of Winter,P. J. Parrish,Fiction,3.94,
Astronomy,Dinah L. Moché,Science,3.89,A Self-Teaching Guide
Deception Point,Dan Brown,Fiction,3.7,
Zombie,Joyce Carol Oates,Fiction,3.34,
The Giver,Lois Lowry,Juvenile Fiction,4.12,
Case Closed,Gerald Posner,History,3.96,Lee Harvey Oswald and the Assassination of JFK
The Tortilla Curtain,T. Coraghessan Boyle,Fiction,3.65,
That Godless Court?,Ronald Bruce Flowers,Religion,3.54,Supreme Court Decisions on Church-state Relationships
"Novels, 1901-1902",Henry James;Leo Bersani,Fiction,4.68,
The Algebraist,Iain M. Banks,Fiction,4.01,
Ricochet,Sandra Brown,Fiction,3.97,
The Woman in Black,Susan Hill,Juvenile Fiction,3.7,A Ghost Story
Moods,Louisa May Alcott,Fiction,3.4,
Kingdom Come,Tim F. LaHaye;Jerry B. Jenkins,Fiction,3.99,The Final Victory
The Border Trilogy,Cormac McCarthy,Fiction,4.43,
Laura's Album,William Anderson,Fiction,4.3,A Remembrance Scrapbook of Laura Ingalls Wilder
When I Feel Angry,Cornelia Maude Spelman,Juvenile Fiction,3.99,
Zazie in the Metro,Raymond Queneau,Fiction,3.73,
The Liars' Club,Mary Karr,Biography & Autobiography,3.93,A Memoir
Black Coffee,Agatha Christie,Fiction,3.48,
"A Preface to Democratic Theory, Expanded Edition",Robert A. Dahl,Science,3.62,
Frankenstein Makes a Sandwich,Adam Rex,Fiction,4.21,
Chasing the Falconers,Gordon Korman,Juvenile Fiction,4.05,
Disney's Little Einsteins: Music of the Meadow,Susan Ring,Juvenile Fiction,3.72,
Homecoming,Christie Golden,Fiction,3.91,
The 500 Hats of Bartholomew Cubbins,Dr. Seuss,Juvenile Fiction,4.04,
Jack of Kinrowan,Charles de Lint,Fiction,4.11,Jack the Giant-Killer and Drink Down the Moon
The grass harp,Truman Capote,Fiction,4.01,including A tree of night and other stories. Truman Capote
The Bone Yard,Dean Koontz,Fiction,4.01,
The No. 1 Ladies' Detective Agency,Alexander McCall Smith,Fiction,3.77,
The Coal Tattoo,Silas House,Fiction,4.04,A Novel
The Stones of Summer,Dow Mossman,Fiction,3.14,
The Philadelphia Adventure,Lloyd Alexander,Juvenile Fiction,3.88,
Anton Chekhov's Selected Plays,Anton Pavlovich Chekhov,Drama,4.01,
American Psycho,Bret Easton Ellis,Fiction,3.82,A Novel
Stephen Hawking's Universe,John Boslough,Biography & Autobiography,4.04,
The Collaborator,Alice Kaplan,History,3.84,The Trial and Execution of Robert Brasillach
Homicidal Psycho Jungle Cat,Bill Watterson,Humor,4.72,A Calvin and Hobbes Collection
The Screwtape Letters,C. S. Lewis,Religion,4.22,
The Most Of P.G. Wodehouse,P.G. Wodehouse,Fiction,4.49,
Snow,Roy McKié;Philip D. Eastman,Fiction,4.15,
Life Amongst the Modocs,Joaquin Miller,Biography & Autobiography,4.32,Unwritten History
The Naked and the Dead,Norman Mailer,Fiction,3.94,"50th Anniversary Edition, With a New Introduction by the Author"
Betsy's Wedding,Maud Hart Lovelace,Juvenile Fiction,4.31,
The Da Vinci Code,Dan Brown,Fiction,3.82,Featuring Robert Langdon
Send No Flowers,Sandra Brown,Fiction,3.56,
Ethan Frome & Summer,Edith Wharton,Fiction,3.86,
The Nature of Play,Anthony D. Pellegrini;Peter K. Smith,Psychology,4.25,Great Apes and Humans
Vladimir Nabokov,Brian Boyd,Biography & Autobiography,4.31,The American Years
The Crucible,Arthur Miller,Drama,3.57,Text and Criticism
Cat's Cradle,Andrew Cartmel,Fiction,3.52,Warhead
Wind Rider's Oath,David Weber,Fiction,4.02,
The Complete Stories of Evelyn Waugh,Evelyn Waugh,Fiction,4,
Cash,Johnny Cash,Biography & Autobiography,4.07,The Autobiography
Black Cat,V. C. Andrews,Fiction,3.75,
The Last Wife of Henry VIII,Carolly Erickson,Fiction,3.88,A Novel
Hiroshima,John Hersey,History,3.96,
The Dark Half,Stephen King,Fiction,3.76,
The Valkyries,Paulo Coelho,Fiction,3.31,
Blood Done Sign My Name,Timothy B. Tyson,Biography & Autobiography,4.15,A True Story
Dragons of Winter Night,Margaret Weis;Tracy Hickman;Andrew Dabb,Comics & Graphic Novels,4.14,
100 Great Fantasy Short Short Stories,Isaac Asimov;Terry Carr,Fiction,3.95,
The Autobiography of Andrew Carnegie and the Gospel of Wealth,Andrew Carnegie,Biography & Autobiography,4,
Wasteland of Flint,Thomas Harlan,Fiction,3.79,
Quiet Days in Clichy,Henry Miller,Fiction,3.69,
The Crescent Obscured,Robert Allison,History,3.6,"The United States and the Muslim World, 1776-1815"
Betcha Can't Read Just One,Alan Dean Foster,Fiction,3.88,
The Octopus,Cynthia Rylant;Preston McDaniels,Juvenile Fiction,4.16,
Exiled in Paris,James Campbell,Biography & Autobiography,3.97,"Richard Wright, James Baldwin, Samuel Beckett, and Others on the Left Bank"
Dragon Head,Minetaro Mochizuki,Comics & Graphic Novels,3.69,
Jonah's Gourd Vine,Zora Neale Hurston,Fiction,4,
Aristophanes 1,Aristophanes,Drama,3.76,"Clouds, Wasps, Birds"
By the Sword,Mercedes Lackey,Fiction,4.25,
Rabbit at Rest,John Updike,Fiction,3.97,
The Silmarillion,John Ronald Reuel Tolkien,Fiction,3.91,
Night Shift,Stephen King,Fiction,3.99,
Interesting Times,Eric J. Hobsbawm,Biography & Autobiography,4.06,A Twentieth-century Life
Treasure Island,Chris Tait;Robert Louis Stevenson;Lucy Corvino,Juvenile Fiction,4.12,
Eureka Mill,Ron Rash,Poetry,4.22,
The Forsaken,L. A. Banks,Fiction,4.35,
The Last of the Mohicans,James Fenimore Cooper,Fiction,0,
Forty Stories,Donald Barthelme,Fiction,4.21,
My Soul to Keep,Tananarive Due,Fiction,4.18,
The Santaroga Barrier,Frank Herbert,Fiction,3.65,
Japan at War,Haruko Taya Cook;Theodore F. Cook,History,4.32,An Oral History
Tomie,Junji Ito,Comics & Graphic Novels,3.92,
Castle Diary,Richard Platt;Chris Riddell,Juvenile Fiction,3.84,The Journal of Tobias Burgess
The Hitchhiker's Guide to the Galaxy,Douglas Adams,Fiction,4.22,
Death of a Salesman,Arthur Miller,Fiction,3.5,
Yakitate!! Japan,Takashi Hashiguchi,Comics & Graphic Novels,3.96,
Armageddon's Children,Terry Brooks,Fiction,4.1,
Dancing on Air,Frances Oliver,Fiction,4.12,
Bartleby and Benito Cereno,Herman Melville,Fiction,3.8,
The Ghost Map,Steven Johnson,History,3.91,"The Story of London's Most Terrifying Epidemic--and how it Changed Science, Cities, and the Modern World"
Dream Makers,Nora Roberts,Fiction,3.81,
Confessions,Jean-Jacques Rousseau,Literary Criticism,3.62,
The Mystery of the Moss-Covered Mansion,Carolyn Keene,Juvenile Fiction,3.88,
Quicksand,Nella Larsen,Fiction,3.67,
The Sultan's Bought Bride,Jane Porter,Fiction,3.72,
The Amateur Marriage,Anne Tyler,Fiction,3.61,A Novel
Tallchief,Cait London,Fiction,4.12,The Hunter
The Subterraneans,Jack Kerouac,Fiction,3.68,
Tallchief for Keeps,Cait London,Fiction,4.22,
The Good Earth,Pearl S. Buck,Fiction,3.98,
The Partly Cloudy Patriot,Sarah Vowell,History,3.88,
How to Build a Time Machine,Paul Davies,Science,3.82,
Hard Eight,Janet Evanovich,Fiction,4.17,A Stephanie Plum Novel
Cell,Stephen King,Fiction,3.65,A Novel
Night of the Long Shadows,Paul Crilley,Fiction,3.64,
CliffsNotes on Flaubert's Madame Bovary,James L. Roberts,Literary Criticism,3.23,
Heartsnatcher,Boris Vian,Fiction,3.98,
Evening,Susan Minot,Fiction,3.36,
Fell,Warren Ellis;Ben Templesmith,Comics & Graphic Novels,4.16,Feral City. Volume 1
Willful Creatures,Aimee Bender,Fiction,3.99,
Wittgenstein's Vienna,Allan Janik;Stephen Toulmin,History,4.05,
The Dharma Bums,Jack Kerouac,Fiction,3.93,
The Iliad,Homer,Poetry,3.85,
Drop the Rock,Bill P.;Todd W.;Sara S.,Self-Help,4.45,Removing Character Defects - Steps Six and Seven
If on a Winter's Night a Traveler,Italo Calvino;William Weaver,Fiction,4.06,
Michael's Golden Rules,Deloris Jordan;Michael Jordan,Juvenile Fiction,3.95,
Birds of America,Lorrie Moore,Fiction,4.11,Stories
The Wasps,Aristophanes,Drama,3.95,The Poet and the Women ; The Frogs
The Story of Philosophy,Bryan Magee,Philosophy,4.13,
Tsunamis and Other Natural Disasters,Mary Pope Osborne;Natalie Pope Boyce,Fiction,4.04,"A Nonfiction Companion to Magic Tree House #28, High Tide in Hawaii"
A Feather on the Breath of God,Sigrid Nunez,Fiction,3.87,A Novel
Pirates of Venus,Edgar Rice Burroughs,Fiction,3.69,
Elbow Room,Daniel Clement Dennett,Philosophy,3.92,The Varieties of Free Will Worth Wanting
The Time Machine,Herbert George Wells,Fiction,3.88,
Terry Jones' Medieval Lives,Terry Jones;Alan Ereira,History,4.02,
The bridegroom,Ha Jin,Fiction,3.76,stories
The Assassination of Julius Caesar,Michael Parenti,History,4.14,A People's History of Ancient Rome
"The Gambler, Bobok, A Nasty Story",Fiodor Mijaïlovich Dostoevskiï;Fyodor Dostoyevsky,Fiction,4,
Black Wind,Clive Cussler;Dirk Cussler,Fiction,3.85,
Molloy,Samuel Beckett,Fiction,4.28,Malone Dies ; The Unnamable
Wonder of the World,David Lindsay-Abaire,Drama,3.94,
The Cave,José Saramago,Fiction,3.83,
This Side of Brightness,Colum McCann,Fiction,3.85,A Novel
Amelia Bedelia 40th Anniversary Collection,Peggy Parish,Juvenile Fiction,4.41,
The Queen of the Damned,Anne Rice,Fiction,3.88,
The First Four Years,Laura Ingalls Wilder,Juvenile Fiction,3.88,
Thumbsucker,Walter Kirn,Fiction,3.43,A Novel
I Know why the Caged Bird Sings,Maya Angelou,Biography & Autobiography,4.22,
Baby Proof,Emily Giffin,Fiction,3.71,
The Twelve Dancing Princesses,Marianna Mayer,Juvenile Fiction,4.32,
Roger Zelazny's To Rule in Amber,John Gregory Betancourt,Fiction,3.75,
Drowned Wednesday,Garth Nix,Juvenile Fiction,3.86,
Dark Rivers of the Heart/Intensity/Sole Survivor,Dean Koontz,Fiction,4.41,Three Complete Novels by Dean Koontz
Six Easy Pieces,Richard P. Feynman,Science,4.2,Essentials Of Physics By Its Most Brilliant Teacher
The Canterbury Tales,Geoffrey Chaucer;David Wright,Poetry,3.49,
Mr. Ives' Christmas,Oscar Hijuelos,Fiction,3.76,
The River Runs Black,Elizabeth Economy,History,3.81,The Environmental Challenge to China's Future
The Complete Fiction of Nella Larsen,Nella Larsen,Fiction,4.12,
Dunk,David Lubar,Juvenile Fiction,3.8,
Intimate Enemies,Shana Abe,Fiction,3.82,
The Right Stuff,Tom Wolfe,Biography & Autobiography,4.25,
Sailor Song,Ken Kesey,Fiction,3.57,
Shadowplay,Tad Williams,Fiction,3.89,
"First, last and always",Barbara Conklin,Fiction,3.76,
Shakespeare's Sonnets,William Shakespeare,Drama,0,
Plague of the Dead,Z. A. Recht;Bowie Ibarra;Travis Adkins,Fiction,3.84,
The Omega Cage,Steve Perry;Michael Reaves,Fiction,3.77,
Conversations with Ernest Hemingway,Ernest Hemingway;Matthew Joseph Bruccoli,Literary Criticism,4.17,
Marxism and Literary Criticism,Terry Eagleton,Literary Criticism,3.89,
A Faith Like Mine,Laura Buller,Fiction,3.91,A Celebration of the World's Religions-- Seen Through the Eyes of Children
The Picture of Dorian Gray,Oscar Wilde,Fiction,4.07,
The Life of Graham Greene: 1904-1939,Norman Sherry,Biography & Autobiography,4.1,
The World is Flat,Thomas L. Friedman,Science,3.68,A Brief History of the Globalized World in the Twenty-first Century
Ten Things I Wish I'd Known - Before I Went Out into the Real World,Maria Shriver,Self-Help,3.69,
Ritual Sins,Anne Stuart,Fiction,3.69,
The Virtue of Selfishness,Ayn Rand;Nathaniel Branden,Philosophy,3.5,A New Concept of Egoism
Harvesting the Heart,Jodi Picoult,Fiction,3.6,
Picture This,Joseph Heller,Fiction,3.68,A Novel
Mitla Pass,Leon Uris,Fiction,3.84,
Dune,Brian Herbert;Kevin J. Anderson,Fiction,3.67,House Corrino
The Last Dance,Ed McBain,Fiction,3.69,
A Dirty Job,Christopher Moore,Fiction,4.07,A Novel
The Tin Can Tree,Anne Tyler,Fiction,3.6,
Velocity,Dean Ray Koontz,Fiction,3.86,
The Life of Sir Arthur Conan Doyle,John Dickson Carr,Biography & Autobiography,4.02,
Lentil,Robert McCloskey,Juvenile Fiction,4.12,
The Fixer,Bernard Malamud,Fiction,3.95,A Novel
The Best Defense,Robert Kirkman;Charlie Adlard;Cliff Rathburn,Comics & Graphic Novels,4.29,
Pacific Vortex!,Clive Cussler,Fiction,3.78,
The Ravenscar Dynasty,Barbara Taylor Bradford,Fiction,3.61,
Debt of Honor,Tom Clancy,Fiction,4.05,
A Wizard of Earthsea,Ursula K. Le Guin,Fiction,4,
"The Comedy of Dante Alighieri, the Florentine: Purgatory",Dante Alighieri,Poetry,4.02,
Vampire Hunter D Volume 2: Raiser of Gales,Hideyuki Kikuchi;Yoshitaka Amano;Kevin Leahy,Comics & Graphic Novels,3.87,
To Love a Dark Lord,Anne Stuart,Fiction,3.83,
The Memory Keeper's Daughter,Kim Edwards,Fiction,3.65,
The Cricket in Times Square,George Selden,Juvenile Fiction,4.02,
East of Eden,John Steinbeck,Fiction,4.37,
The Iliad,Nick McCarty;Victor G. Ambrus,Juvenile Fiction,3.85,
Candy,Mian Mian,Fiction,3.31,
White Lies,Jayne Ann Krentz,Fiction,4.01,
See how She Dies,Lisa Jackson,Fiction,3.92,
Sense and Sensibility,Jane Austen,Fiction,4.07,
Death of a Naturalist,Seamus Heaney,Poetry,4.29,Volume one
Wizard,Marc J. Seifer,Biography & Autobiography,3.77,The Life and Times of Nikola Tesla : Biography of a Genius
Public Enemies,Gordon Korman,Juvenile Fiction,4.19,
Anne of Avonlea,Lucy Maud Montgomery,Juvenile Fiction,4.22,An Anne of Green Gables Story
Starplex,Robert J. Sawyer,Fiction,3.83,
The Mediterranean Caper,Clive Cussler,Fiction,3.77,
The Dream Giver,Bruce Wilkinson,Religion,4.25,
Chicago Stories,John Miller;Genevieve Morgan,Fiction,3.56,Tales of the City
Melville's Moby-Dick,Edward F. Edinger,Psychology,3.84,An American Nekyia
The O. Henry Prize Stories 2003,Laura Furman,Fiction,3.8,
The Sex Lives of Cannibals,J. Maarten Troost,Social Science,3.87,Adrift in the Equatorial Pacific
Midnighters #2: Touching Darkness,Scott Westerfeld,Fiction,0,
The Unconsoled,Kazuo Ishiguro,Fiction,3.53,
From Hell,Alan Moore;Eddie Campbell;Pete Mullins,Comics & Graphic Novels,4.16,Being a Melodrama in Sixteen Parts
The Body in the Library,Agatha Christie,Fiction,3.85,A Miss Marple Mystery
Deerskin,Robin McKinley,Fiction,3.89,
Skeleton Crew,Stephen King,Fiction,3.95,
Selected Verse,Federico García Lorca;Christopher Maurer;Catherine Brown,Poetry,4.43,Revised Bilingual Edition
Cat in the Dark,Shirley Rousseau Murphy,Fiction,4.25,A Joe Grey Mystery
Boys That Bite,Mari Mancusi,Juvenile Fiction,3.68,
Never Call Retreat,Bruce Catton;Everette Beach Long,History,4.33,
Whirlwind,James Clavell,Fiction,3.81,
The World of Peter Rabbit,Beatrix Potter,Juvenile Fiction,4.63,
Lost Horizon,James Hilton,Fiction,3.92,A Novel
If You Dare,Kresley Cole,Fiction,4,
Trainspotting,Irvine Welsh,Fiction,4.09,
The Kindness of Strangers,Katrina Kittle,Fiction,4.01,
The House of Bernarda Alba and Other Plays,Federico García Lorca;Michael Dewell;Carmen Zapata,Psychology,4.07,
Anne Rice's the Vampire Lestat,Faye Perozich;Anne Rice;Daerick Gross,Humor,4.19,A Graphic Novel
Experiencing Father's Embrace,Jack Frost,Religion,4.34,
The Brave Women of the Gulf Wars,Karen Zeinert;Mary Miller,Fiction,4,Operation Desert Storm and Operation Iraqi Freedom
Boy Who Turned Into a TV Set,Stephen Manes,Juvenile Fiction,4,
The Diamond Age,Neal Stephenson,Fiction,4.19,
Mindstar Rising,Peter F. Hamilton,Fiction,3.92,
The Foundling,Georgette Heyer,Fiction,3.85,
A Whole New Light,Sandra Brown,Fiction,3.55,
Three Daughters of Madame Liang,Pearl Sydenstricker Buck,Fiction,3.88,
The Wee Free Men,Terry Pratchett,Juvenile Fiction,4.27,
Ballet Class Coloring Book,John Green;Caroline Denzler,Fiction,3.64,
On the Edge of the New Century,Eric J. Hobsbawm;Antonio Polito,History,3.72,
Tell Me Your Dreams,Sidney Sheldon,Fiction,3.95,
Deep Six,Clive Cussler,Fiction,3.89,
Neon Lit:city of Glass,Bob Callahan,Fiction,3.92,
The Mating Mind,Geoffrey Miller,Psychology,4.09,How Sexual Choice Shaped the Evolution of Human Nature
"God Bless You, Mr. Rosewater",Kurt Vonnegut,Fiction,3.96,"Or, Pearls Before Swine"
Untouchables,Narendra Jadhav,Biography & Autobiography,3.82,My Family's Triumphant Journey Out of the Caste System in Modern India
Ethics and the Limits of Philosophy,Bernard Williams,Philosophy,4.05,
"Eggs, Beans and Crumpets",P. G. Wodehouse,Humor,4.12,
The Red Gloves Collection,Karen Kingsbury,Fiction,4.48,
Saving Fish from Drowning,Amy Tan,Fiction,3.43,
The Inhuman Condition,Clive Barker,Fiction,3.97,
Sammlung,Isaac Bashevis Singer,Fiction,4.37,
Transform Your Life,Diana Cooper,Self-Help,4,A Step-by-step Programme for Change
Sociology in Our Times,Diana Kendall,Science,3.22,
No Second Chance,Harlan Coben,Fiction,4.07,
Dead Souls,Nikolaĭ Vasilʹevich Gogolʹ,Fiction,3.99,
The Poetry of Sylvia Plath,Claire Brennan,Literary Criticism,4.23,
The Talisman,Stephen King;Peter Straub,Fiction,4.13,
The Rime of the Ancient Mariner and Other Poems,Samuel Taylor Coleridge,Poetry,3.94,
The Richness of Life,Stephen Jay Gould,Science,4.25,The Essential Stephen Jay Gould
The Tough Guide to Fantasyland,Diana Wynne Jones,Fiction,3.94,
Live Like a Jesus Freak,DC Talk,Religion,4.05,Spend Today as if it Were Your Last
Before You Know Kindness,Chris Bohjalian,Fiction,3.46,
Captive Dreams,Angela Knight;Diane Whiteside,Fiction,3.91,
The Memory of Whiteness,Kim Stanley Robinson,Fiction,3.56,A Scientific Romance
The Minority Report,Philip K. Dick,Fiction,4.19,
The Pilgrimage,Paulo Coelho;Alan R. Clarke,Fiction,3.65,
The Big Sleep,Raymond Chandler,Fiction,4.01,
The Meanest Thing to Say,Bill Cosby;Varnette P. Honeywood,Juvenile Fiction,3.53,
The Death of Ivan Ilych and Other Stories,graf Leo Tolstoy,Fiction,4.1,
Salvation to the Ends of the Earth,Andreas J. Köstenberger;Peter Thomas O'Brien,Religion,3.92,A Biblical Theology of Mission
The Wanderer,Knut Hamsun;Gunnvor Stallybrass,Fiction,3.96,
Them,Jon Ronson,Science,3.95,Adventures with Extremists
Starting Over,Francine Pascal,Juvenile Fiction,3.37,
Drifters,James A. Michener,Fiction,4.04,
Blood Lines,Richard Matheson;Mark Dawidziak,Fiction,4.02,"Richard Matheson's Dracula, I Am Legend, and Other Vampire Stories"
Coach,Michael M. Lewis,Biography & Autobiography,3.82,Lessons on the Game of Life
The Simple Art of Murder,Raymond Chandler,Fiction,4.16,
The Sword of Honour Trilogy,Evelyn Waugh,Fiction,4.24,
The MacGregors,Nora Roberts,Fiction,4.11,Alan-Grant
The Consequences of Modernity,Anthony Giddens,Social Science,3.79,
Dragonfly in Amber,Diana Gabaldon,Fiction,4.32,
The Devil in the Junior League,Linda Francis Lee,Fiction,3.62,
Oprah Winfrey,Katherine E. Krohn,Fiction,3.82,
The Last Mermaid,Shana Abé,Fiction,3.73,
"Mary Wollstonecraft Shelley's Frankenstein, or, The modern Prometheus",Mary Wollstonecraft Shelley;Susan J. Wolfson,Fiction,3.78,
Outlander,Matt Keefe,Fiction,3.9,
I Married a Communist,Philip Roth,Fiction,3.8,
"From Baghdad, with Love",Jay Kopelman;Melinda Roth,History,4.11,"A Marine, the War, and a Dog Named Lava"
The best of Philip K. Dick,Philip K. Dick,Fiction,4.22,
D.H. Lawrence,John Worthen,Biography & Autobiography,4.02,The Life of an Outsider
Berserkers,Fred Saberhagen,Fiction,3.73,The Beginning
The Presocratic Philosophers,Jonathan Barnes,Philosophy,4.14,
Ballet Shoes,Noel Streatfeild,Juvenile Fiction,4.07,
North of South,Shiva Naipaul,Social Science,3.93,An African Journey
Balanchine,Bernard Taper,Biography & Autobiography,4.31,A Biography
The Harry Potter Collection,J. K. Rowling,Juvenile Fiction,4.73,The First Six Spellbinding Adventures at Hogwarts
"I, Robot",Harlan Ellison;Isaac Asimov,Fiction,4.02,The Illustrated Screenplay
Plum Island,Nelson DeMille,Fiction,4.04,
Mr. Jelly and the Pirates,Roger Hargreaves,Juvenile Fiction,3.82,
The Ancestor's Tale,Richard Dawkins;Yan Wong,Science,4.13,A Pilgrimage to the Dawn of Evolution
Erotism,Georges Bataille,Philosophy,4.1,
Amelia's Notebook,Marissa Moss,Juvenile Fiction,4,
Lord of the Flies,William Golding,Fiction,3.67,
The Castle of Otranto,Horace Walpole,Fiction,3.18,A Gothic Story
"Nathan the Wise, Minna von Barnhelm, and Other Plays and Writings: Gotthold Ephraim Lessing",Peter Demetz,Literary Criticism,3.72,
The Devil's in the Details,Mary Jane Maffini,Fiction,4.01,A Camilla MacPhee Mystery
Warfare in the Classical World,John Gibson Warry,History,4.13,"An Illustrated Encyclopedia of Weapons, Warriors, and Warfare in the Ancient Civilisations of Greece and Rome"
Obasan,Joy Kogawa,Fiction,3.63,
Boy's Life,Robert McCammon,Fiction,4.35,
The Female of the Species,Joyce Carol Oates,Fiction,3.6,Tales of Mystery and Suspense
Omerta,Mario Puzo,Fiction,3.7,
Escape from Fire Mountain,Gary Paulsen,Juvenile Fiction,3.7,
The Lord of the Rings and Philosophy,Gregory Bassham;Eric Bronson,Literary Criticism,4.28,One Book to Rule Them All
Macbeth,William Shakespeare,Comics & Graphic Novels,3.99,
The Flame Trees of Thika,Elspeth Huxley,Biography & Autobiography,4.12,Memories of an African Childhood
"The Percy Jackson and the Olympians, Book Two: Sea of Monsters",Rick Riordan,Juvenile Fiction,4.24,
The Art of Loving,Erich Fromm,Self-Help,4.03,
Words of Silk,Sandra Brown,Fiction,3.55,
Strangers on a Train,Patricia Highsmith,Fiction,3.78,
House of Incest,Anaïs Nin,Fiction,3.8,
A Commentary Upon the Gospel According to S. Luke,Saint Cyril (patriarch of Alexandria),History,3.59,
Hons and Rebels,Jessica Mitford,Biography & Autobiography,4.12,
Doc Savage,Kenneth Robeson,Fiction,4.01,"Fortress of Solitude"" and ""The Devil Genghis"""""
The Last Jew,Noah Gordon,Fiction,4.08,A Novel of The Spanish Inquisition
Blood Moon Over Bengal,Morag McKendrick Pippin,Fiction,3.45,
Caribbean,James Albert Michener,Fiction,3.91,
Her Last Temptation,Leslie Kelly,Fiction,3.59,
Debt of Bones,Terry Goodkind,Fiction,3.86,
The Great American Novel,Philip Roth,Fiction,3.64,
Well of Darkness,Margaret Weis;Tracy Hickman,Fiction,3.66,Volume One of the Sovereign Stone Trilogy
Hannibal,Leonard Cottrell,History,3.89,Enemy Of Rome
The Map That Changed the World,Simon Winchester;Soun Vannithone,Biography & Autobiography,3.82,William Smith and the Birth of Modern Geology
Still Life with Crows,Douglas Preston;Lincoln Child,Fiction,4.19,
Boys Or Ballet?,Alexandra Moss,Juvenile Fiction,3.86,
Hawthorne's Short Stories,Nathaniel Hawthorne,Fiction,4.06,
Zondervan Handbook to the Bible,David Alexander;Pat Alexander,Religion,4.14,
Always Enough,Rolland Baker;Heidi Baker,Religion,4.45,God's Miraculous Provision Among the Poorest Children on Earth
Early Candlelight,Maud Hart Lovelace,Fiction,3.66,
The Third Man and the Fallen Idol,Graham Greene,Fiction,3.76,
The Skull Beneath the Skin,P. D. James,Fiction,3.8,
The Twelve Caesars,Suetonius,Fiction,4.05,
The Vampire Companion,Katherine M. Ramsland;Anne Rice,Fiction,3.93,The Official Guide to Anne Rice's The Vampire Chronicles
The Travels of Marco Polo,Marco Polo;Milton Rugoff;Howard Mittelmark,Biography & Autobiography,3.59,
Where Is Baby's Mommy?,Karen Katz,Fiction,4.15,A Karen Katz Lift-the-Flap Book
"Galapagos, a Natural History",Michael Hume Jackson,History,3.87,
White Teeth,Zadie Smith,Fiction,3.76,
She's Come Undone,Wally Lamb,Fiction,3.86,
The Virginia Woolf Reader,Virginia Woolf,Literary Criticism,4.1,
Homeless,Laurie Halse Anderson,Juvenile Fiction,4.07,
The Sword and the Shield,Christopher Andrew;Vasili Mitrokhin,History,3.93,The Mitrokhin Archive and the Secret History of the KGB
Tempest,Troy Denning,Fiction,3.82,
The Two Towers,John Ronald Reuel Tolkien,Fiction,4.44,Being the Second Part of The Lord of the Rings
The Tempest,William Shakespeare;Peter Hulme;William Howard Sherman,Drama,3.81,"Sources and Contexts, Criticism, Rewritings and Appropriations"
1968,Mark Kurlansky,History,3.78,The Year That Rocked The World
Murder in Foggy Bottom,Margaret Truman,Fiction,3.7,
Three complete novels,Stephen King,Fiction,4.53,
Death Match,Lincoln Child,Fiction,3.78,
Edward Lear,Edward Lear,Fiction,3.9,
Baby Einstein: What Does Violet See? Raindrops and Puddles,Julie Aigner-Clark,Juvenile Fiction,3.25,
Godless,Pete Hautman,Juvenile Fiction,3.6,
The Origin of Consciousness in the Breakdown of the Bicameral Mind,Julian Jaynes,Philosophy,4.24,
Introduction to The Philosophy of History,G. W. F. Hegel;Leo Rauch,Philosophy,3.73,With Selections from The Philosophy of Right
Reave the Just and Other Tales,Stephen R. Donaldson,Fiction,3.9,
Franz Kafka's The Castle,David Fishelson;Aaron Leichter,Drama,4.07,
Epictetus,Epictetus,Philosophy,4.35,"the Discourses as reported by Arrian, the Manual, and fragments"
Something Borrowed,Emily Giffin,Fiction,3.84,
Doomed Queen Anne,Carolyn Meyer,Juvenile Fiction,3.87,
One More for the Road,Ray Bradbury,Fiction,3.69,A New Story Collection
My Name is Aram,William Saroyan,Fiction,4.15,
Frogs and French Kisses,Sarah Mlynowski,Juvenile Fiction,3.97,
Piercing the Darkness,Frank E. Peretti,Fiction,4.31,
The Missionary Position,Christopher Hitchens,Biography & Autobiography,4.06,Mother Teresa in Theory and Practice
Rachel's Holiday,Marian Keyes,Fiction,3.95,
Black Beauty Coloring Book,Anna Sewell;John Green,Fiction,4.25,
"""Surely You're Joking, Mr. Feynman!""",Richard Phillips Feynman;Ralph Leighton,Biography & Autobiography,4.28,Adventures of a Curious Character
Travels,Michael Crichton,Biography & Autobiography,3.95,
March,Geraldine Brooks,Fiction,3.75,
Clay's Quilt,Silas House,Fiction,3.95,A Novel
Julian,Gore Vidal,Fiction,4.19,A Novel
Pygmalion,George Bernard Shaw,Literary Criticism,3.9,
For All Time,Caroline B. Cooney,Juvenile Fiction,3.91,
Thorn in Her Side,Jane B. Mason;Sarah Hines-Stephens,Juvenile Fiction,3.87,
Sky the Blue Fairy,Daisy Meadows;Georgie Ripper,Juvenile Fiction,3.83,
Shakespeare's Sonnets,William Shakespeare,Drama,4.25,Third Series
Attack of the Jaguar,M. A. Harvey,Juvenile Fiction,3.4,
Marked,P. C. Cast;Kristin Cast,Juvenile Fiction,3.8,A House of Night Novel
Complete Stories and Poems of Edgar Allan Poe,Edgar Allan Poe,Fiction,4.38,
The Complete Stories,Zora Neale Hurston,Fiction,4.25,
Oath of Swords,David Weber,Fiction,4.01,
The Annotated Charlotte's Web,E. B. White,Fiction,4.16,
Water Music,T. Coraghessan Boyle,Fiction,4.17,
More Twisted,Jeffery Deaver,Fiction,3.84,Collected Stories
Black House,Stephen King;Peter Straub,Fiction,4,
Timequake,Kurt Vonnegut,Fiction,3.72,
Drop Shot,Harlan Coben,Fiction,3.93,
The Condor and the Cows,Christopher Isherwood,Biography & Autobiography,3.82,A South American Travel Diary
Brevity & echo,Kathleen Rooney,Fiction,4.38,an anthology of short short stories
"Maggie, a Girl of the Streets and Other Short Fiction",Stephen Crane,Fiction,3.32,
Plagues and peoples,William Hardy McNeill,History,3.9,
The Mill on the Floss,George Eliot,Fiction,3.79,
Savage Sun,James Axler,Fiction,3.87,
Anastasia on Her Own,Lois Lowry,Juvenile Fiction,3.89,
The Bear and the Dragon,Tom Clancy,Fiction,3.82,
Giovanni's Room,James Baldwin,Fiction,4.23,
Until I Find You,John Irving,Fiction,3.63,
Children of the Alley,Najīb Maḥfūẓ,Fiction,4.1,
Crooked House,Agatha Christie,Fiction,4.02,
Q,Quincy Jones,Biography & Autobiography,4.08,The Autobiography of Quincy Jones
Laurell K. Hamilton Set,Laurell K. Hamilton,Fiction,4.51,"Guilty Pleasures, the Laughing Corpse, Circus of the Damned and the Lunatic Cafe"
Whoreson,Donald Goines,Fiction,4.33,The Story of a Ghetto Pimp
The God in the Moon,Richard A. Knaak,Fiction,3.72,
The Wit and Wisdom of Winston Churchill,James C. Humes,History,0,A Treasury of More than 1000 Quotations
With Friends Like These,Alan Dean Foster,Fiction,3.94,
Thin Air,Robert B. Parker;Copyright Paperback Collection (Library of Congress),Fiction,3.9,
Big Money,Pelham G. Wodehouse,Fiction,3.92,
Floating Dragon,Peter Straub,Fiction,3.84,
Dazzling Brightness,Roberta Gellis,Fiction,3.82,
Slammerkin,Emma Donoghue,Fiction,3.7,
Forging the Darksword,Margaret Weis;Tracy Hickman,Fiction,3.67,
My Gal Sunday,Mary Higgins Clark,Fiction,3.57,
Inferno,Dante Alighieri,Literary Criticism,4,The Divine Comedy of Dante Alighieri
Point Counter Point,Aldous Huxley,Fiction,3.85,
Category Freaks,Sakurako Gokurakuin,Comics & Graphic Novels,3.57,
On the Lines of Morris' Romances,William Morris;Michale W. Perry,Fiction,4.09,"Two Books that Inspired J.R.R. Tolkien : The Wood Beyond the World, And, The Well at the World's End"
The Call of Earth,Orson Scott Card,Fiction,3.58,
Conversations with J.K. Rowling,Lindsey Fraser,Fiction,3.99,
De Kooning,Mark Stevens;Annalyn Swan,Biography & Autobiography,4.11,An American Master
His Dark Materials,Philip Pullman,Fiction,4.26,
A Universal History of Iniquity,Jorge Luis Borges;Andrew Hurley,Fiction,3.97,
The Politically Incorrect Guide To American History,"Thomas E. Woods, Jr.",History,4.02,
Clear Light of Day,Anita Desai,Fiction,3.68,
The Metamorphoses of Ovid,Allen Mandelbaum,Literary Criticism,4.05,
The Consolation of Philosophy,Boethius;Victor Watts,Literary Criticism,3.97,
Her Little Secret,Anna Adams,Fiction,3.3,
Betsy Was a Junior,Maud Hart Lovelace,Juvenile Fiction,4.17,
Keats's Poetry and Prose,John Keats,Poetry,4.31,"Authoritative Texts, Criticism"
Leonardo's Swans,Karen Essex,Fiction,3.71,
The Worm Ouroboros,E. R. Eddison;Keith Henderson,Fiction,3.7,
The Annotated Huckleberry Finn,Mark Twain,Fiction,3.81,Adventures of Huckleberry Finn (Tom Sawyer's Comrade)
The Lord God Made Them All,James Herriot,Biography & Autobiography,4.41,
Peril's Gate,Janny Wurts,Fiction,4.15,Book Five of the Wars of Light and Shadow
Living with the Passive-Aggressive Man,Scott Wetzler,Psychology,0,Coping with Hidden Aggression--from the Bedroom to
How to Draw the Legend of Zelda,Michael Teitelbaum;Ron Zalme,Fiction,4.19,
Youngblood Hawke,Herman Wouk,Fiction,4.02,
The Ambler Warning,Robert Ludlum,Fiction,3.72,
Money in the Bank,P. G. Wodehouse,Fiction,4.15,
Jitterbug Perfume,Tom Robbins,Fiction,4.24,
Devil's Embrace,Catherine Coulter,Fiction,3.8,
Chosen by God,R. C. Sproul,Religion,4.33,
Traveling Mercies,Anne Lamott,Biography & Autobiography,4.16,Some Thoughts on Faith
Moral Disorder,Margaret Atwood,Fiction,3.63,Stories
"I, Claudius and Claudius the God",Robert Graves,Fiction,4.43,
The Ruined Map,Kōbō Abe,Fiction,3.56,A Novel
Death Note,Tsugumi Ohba;Takeshi Obata,Comics & Graphic Novels,4.26,
The Empty Chair,Jeffery Deaver,Fiction,4.07,
The Great Book of Amber,Roger Zelazny,Fiction,4.3,"The Complete Amber Chronicles, 1-10"
The Valley of Vision,Arthur Bennett,Religion,4.53,A Collection of Puritan Prayers and Devotions
The Cheese Monkeys,Chip Kidd,Fiction,3.75,A Novel in Two Semesters
The Hollow Man,Dan Simmons,Fiction,3.44,
Essentials of Conservation Biology,Richard B. Primack,Science,3.89,
7 Steps to Midnight,Richard Matheson,Fiction,3.48,
Lewis Carroll's Jabberwocky,Graeme Base,Fiction,4.14,A Book of Brillig Dioramas
My Sister's Keeper,Nora Kelly,Fiction,3.7,
The Fugitive Factor,Gordon Korman,Juvenile Fiction,4.13,
Danse Macabre,Laurell K. Hamilton,Fiction,3.81,
Having a Mary Heart in a Martha World,Joanna Weaver,Religion,4.17,Finding Intimacy with God in the Busyness of Life
Switch Bitch,Roald Dahl,Fiction,4,
The Winter's Tale,William Shakespeare;Susan Snyder;Deborah T. Curren-Aquino,Drama,3.69,
Independent People,Halldór Laxness;J. Anderson Thompson,Fiction,4.17,An Epic
To the Lighthouse,Virginia Woolf,Fiction,3.77,
V.,Thomas Pynchon,Fiction,3.96,
Love Beyond Reason,Sandra Brown,Fiction,3.64,
Lolita,Vladimir Vladimirovich Nabokov,Fiction,3.89,
You Can't be Neutral on a Moving Train,Howard Zinn,Biography & Autobiography,4.3,A Personal History of Our Times
The Secret Garden Coloring Book,Frances Hodgson Burnett,Fiction,4.25,
Good as Gold,Joseph Heller,Fiction,3.36,
The Wicked Day,Mary Stewart,Fiction,4.09,Book Four of the Arthurian Saga
Star Trek Voyager Companion,Paul Ruditis,Fiction,3.95,
Prince of Ice,Emma Holly,Fiction,3.99,A Tale of the Demon World
The Rescue,Kathryn Lasky,Juvenile Fiction,4.07,
The Hidden Smile of God,John Piper,Religion,4.33,"The Fruit of Affliction in the Lives of John Bunyan, William Cowper, and David Brainerd"
Not of Woman Born,Constance Ash;Robert A. Silverberg,Fiction,3.8,
Star Wars: Clone Wars Volume 9: Endgame,John Ostrander;Welles Hartley;Jan Duursema; Doug Wheatley; Dan Parsons; Brad Anderson; Chris Chuckry; Tomas Giorello,Comics & Graphic Novels,4.11,
Undertaker of the Mind,Jonathan Andrews;Andrew T. Scull,Biography & Autobiography,3.42,John Monro and Mad-doctoring in Eighteenth-century England
Dirt Music,Tim Winton,Fiction,3.86,
"Richard Brautigan's Trout Fishing in America ; The Pill Versus the Springhill Mine Disaster ; And, In Watermelon Sugar",Richard Brautigan,Fiction,4.15,
Green Eggs and Ham,Theodor Seuss Geisel;Dr. Seuss,Juvenile Fiction,4.3,
The Lord of the Rings,J. R. R. Tolkien,Fiction,4.49,
Wicked Sacrifice,Lora Leigh,Fiction,4.22,
Not Much Fun,Stuart Y. Silverstein,Biography & Autobiography,4.18,The Lost Poems of Dorothy Parker
The Rise of Christianity,Rodney Stark,Religion,4.04,A Sociologist Reconsiders History
Howl's Moving Castle,Diana Wynne Jones,Juvenile Fiction,4.3,
Learned Optimism,Martin E. P. Seligman,Psychology,4,How to Change Your Mind and Your Life
Octopussy,Ian Fleming,Fiction,3.55,And the Living Daylights
George Washington's Rules of Civility and Decent Behaviour,George Washington,History,4.1,
To Light a Candle,Mercedes Lackey;James Mallory,Fiction,4.11,"The Obsidian Trilogy, Book Two"
The Echo Maker,Richard Powers,Fiction,3.37,A Novel
בין אלקסרין,Naguib Mahfouz,Fiction,4.15,
The Women's War,Alexandre Dumas,Fiction,3.95,
Pride and Prejudice,Jane Austen,Fiction,4.25,
This Side of Paradise,Steven L. Layne,Juvenile Fiction,3.74,
Mary,Владимир Владимирович Набоков,Fiction,3.67,A Novel
The Book of the Dead,Douglas J. Preston;Lincoln Child,Fiction,4.14,
Journey of Awakening,Ram Dass;Daniel Goleman,Self-Help,4.16,A Meditator's Guidebook
Dust,Martha Grimes,Fiction,3.64,A Richard Jury Mystery
Amazing Disgrace,James Hamilton-Paterson,Fiction,3.79,
Death Match,Diane Duane,Fiction,4.1,
The Probable Future,Alice Hoffman,Fiction,3.83,
A Long Short War,Christopher Hitchens,Science,3.74,The Postponed Liberation of Iraq
Eaters of the Dead,Michael Crichton,Fiction,3.66,
World's End,T. Coraghessan Boyle,Fiction,4.01,A Novel
Fat Pig,Neil LaBute,Drama,3.56,A Play
Chester's Way,Kevin Henkes,Juvenile Fiction,4.22,
Crossing to Safety,Wallace Stegner,Fiction,4.16,
The Trouble with Violet,Anne Mazer,Juvenile Fiction,3.9,
Public Secrets,Nora Roberts,Fiction,4.02,
Ever After,Karen Kingsbury,Fiction,4.32,
Running from the Deity,Alan Dean Foster,Fiction,3.8,
Firedrake,Richard A. Knaak,Fiction,3.78,
The Word and the Void,Terry Brooks,Fiction,4.31,
The Complete Collected Poems of Maya Angelou,Maya Angelou,Poetry,4.42,Poems (1965-1992)
Double-Cross,Meredith Fletcher,Fiction,3.72,Athena Force
Ghost in the Shell 2: Innocence (Novel - Paperback),Masaki Yamada,Comics & Graphic Novels,3.99,After The Long Goodbye
The Red Notebook,Paul Auster,Fiction,3.77,True Stories
How to Be Popular,Meg Cabot,Juvenile Fiction,3.54,
Long Day's Journey,Carlos A. Schwantes,History,4,The Steamboat & Stagecoach Era in the Northern West
March Upcountry,David Weber;John Ringo,Fiction,4.18,
An Acceptable Time,Madeleine L'Engle,Juvenile Fiction,3.82,
Bedded Then Wed,Heidi Betts,Fiction,3.41,
The Basic Works of Aristotle,Aristotle,Philosophy,4.24,
The Giraffe who was Afraid of Heights,David A. Ufer,Juvenile Fiction,3.81,
Master of Swords,Angela Knight,Fiction,4.2,
Slaughterhouse Blues,Donald D. Stull;Michael J. Broadway,Social Science,3.48,The Meat and Poultry Industry in North America
Political Philosophy: A Beginner's Guide for Students and Politicians,Adam Swift,Philosophy,3.93,
Jesus Freaks,DC Talk (Musical group),Religion,4.2,Stories of Those who Stood for Jesus : the Ultimate Jesus Freaks
Brighid's Quest,P. C. Cast,Fiction,4.14,
Love Poems and Sonnets of William Shakespeare,William Shakespeare,Drama,4.34,
The Wolves in the Walls,Neil Gaiman,Juvenile Fiction,4.07,
My Little House Crafts Book,Carolyn Strom Collins,Fiction,4.05,18 Projects from Laura Ingalls Wilder's
Citizen of the Galaxy,Robert A. Heinlein,Fiction,3.98,
Lun Yü,Confucius,Philosophy,3.84,
Henry IV,William Shakespeare,Drama,0,
A Circle of Quiet,Madeleine L'Engle,Religion,4.21,
The Leader In You,Dale Carnegie,Self-Help,4.09,The Leader In You
Budding Prospects,T. Coraghessan Boyle,Fiction,3.85,A Pastoral
My Little Pony: Hide-and-Seek,Jennifer Frantz,Juvenile Fiction,4.14,
Stone of Farewell,Tad Williams,Fiction,4.1,
Chosen Prey,John Sandford,Fiction,4.24,
Pygmalion,Bernard Shaw;Alan Jay Lerner,Fiction,4.25,A Romance in Five Acts
Rhinoceros,Eugène Ionesco,Drama,4.01,The Chairs ; The Lesson
Odalisque,Neal Stephenson,Fiction,4.2,The Baroque Cycle #3
An American Plague,Jim Murphy,Fiction,3.8,The True and Terrifying Story of the Yellow Fever Epidemic Of 1793
Medea,Eurípides;Michael Collier;Georgia Machemer,Drama,3.85,
A Couple of April Fools,Gregory Maguire,Juvenile Fiction,3.5,
The Enchanted Castle,E. Nesbit,Juvenile Fiction,3.85,
Judy Moody,Megan McDonald,Juvenile Fiction,4.15,Around the World in 8 1/2 Days
"The Bald Soprano, and Other Plays",Eugène Ionesco,Drama,4.04,
Sammlung,William Shakespeare,Drama,4.59,
Europe and the People Without History,Eric R. Wolf,Social Science,4.13,
High Five,Janet Evanovich,Fiction,4.18,
McSweeney's,Dave Eggers,Fiction,3.81,
Divina Commedia. English,Dante Alighieri,Poetry,4.02,
Tidings of Great Joy,Sandra Brown,Fiction,3.63,
The Wish Giver,Bill Brittain,Juvenile Fiction,3.83,Three Tales of Coven Tree
"Blind Willow, Sleeping Woman",Haruki Murakami,Fiction,3.84,
Children of the Mind,Orson Scott Card,Fiction,3.75,
The Spirit Level,Seamus Heaney,Poetry,4.15,Poems
The Catcher in the Rye,J.D. Salinger,Fiction,3.8,
Miami Blues,Charles Ray Willeford,Fiction,3.94,
Dr. Seuss's ABC,Dr. Seuss,Juvenile Fiction,4.08,An Amazing Alphabet Book!
Vulcan's Hammer,Philip K. Dick,Fiction,3.51,
Queen of Sorcery,David Eddings,Fiction,4.14,
Conqueror's Moon,Julian May,Fiction,3.33,
The Short Stories of F. Scott Fitzgerald,F. Scott Fitzgerald,Fiction,4.23,A New Collection
The Rana Look,Sandra Brown,Fiction,3.5,
The Bostonians,Henry James,Fiction,3.59,
Great Expectations,Charles Dickens,Fiction,3.76,
Three Men in a Boat,Jerome Klapka Jerome,Fiction,4.09,To Say Nothing of the Dog! & Three Men on the Bummel
CliffsComplete Hamlet,William Shakespeare,Drama,4.04,
Controversy Creates Cash,Eric Bischoff;Jeremy Roberts,Biography & Autobiography,3.6,
Facts in the Case of the Departure of Miss Finch HC,Neil Gaiman;Michael Zulli,Comics & Graphic Novels,3.55,
I Wonder Why the Sun Rises,Brenda Walpole,Fiction,3.95,and Other Questions About Time and Seasons
All the Shah's Men,Stephen Kinzer,History,4.24,An American Coup and the Roots of Middle East Terror
Jurassic Park Institute Dinosaur Field Guide,Thomas R. Holtz;M. K. Brett-Surman,Fiction,4.08,
The Good House,Tananarive Due,Fiction,3.93,
Gold Bug Variations,Richard Powers,Fiction,4.13,
Huxley and God,Aldous Huxley,Religion,4.31,Essays on Religious Experience
Inferno,Alex Irvine;Bob Kane,Comics & Graphic Novels,3.6,
Middlemarch,George Eliot;Megan McDaniel,Fiction,3.95,
The Bad Place,Dean Koontz,Fiction,3.89,
The Constant Princess,Philippa Gregory,Fiction,3.89,
The Outsiders,S. E. Hinton,Psychology,4.08,
The Brothers Lionheart,Astrid Lindgren;Ilon Wikland;Jill Morgan,Juvenile Fiction,4.36,
Calvin and Hobbes: Sunday Pages 1985-1995,Bill Watterson,Comics & Graphic Novels,4.71,
The Curse of the Mistwraith,Janny Wurts,Fiction,3.76,
I Am the One that I Want,Margaret Cho,Humor,3.69,
"Life, the Universe and Everything",Douglas Adams,Fiction,4.2,
Between the Acts,Virginia Woolf,Fiction,3.64,
The Psychology of Winning,Denis Waitley,Psychology,4.2,
The Secret Sister,Elizabeth Lowell,Fiction,3.65,
Toys Go Out,Emily Jenkins,Juvenile Fiction,3.93,"Being the Adventures of a Knowledgeable Stingray, a Toughy Little Buffalo, And Someone Called Plastic"
She Went All the Way,Meg Cabot,Fiction,3.69,
Hand to Mouth,Paul Auster,Biography & Autobiography,3.62,A Chronicle of Early Failure
Laura Ingalls Wilder Country,"William Anderson;William T Anderson, Ed.",History,4.23,The People And Places in Laura Ingalls Wilder's Life
The Diezmo,Rick Bass,Fiction,3.46,
The Adventures of Augie March,Saul Bellow;Christopher Hitchens,Fiction,3.85,
A Time to Kill,John Grisham,Fiction,4.06,
Presocratic Philosophy: A Very Short Introduction,Catherine Osborne,Philosophy,3.56,
Augustine: A Very Short Introduction,Henry Chadwick,Biography & Autobiography,3.74,
Firefly,Piers Anthony,Fiction,3.27,
All the Names,José Saramago;Margaret Jull Costa,Fiction,3.89,
Mrs. Miniver,Jan Struther,Fiction,3.96,
CliffsNotes on Golding's Lord of the Flies,Maureen Kelly,Literary Criticism,3.92,
The Hound of the Baskervilles,Arthur Conan Doyle,Fiction,4.1,"Another Adventure of Sherlock Holmes, with ""The Adventure of the Speckled Band"""
Heather the Violet Fairy,Daisy Meadows,Juvenile Fiction,3.85,
Gargantua and Pantagruel,François Rabelais,Fiction,3.71,
The Journey,Kathryn Lasky,Juvenile Fiction,4,
Arrowsmith,Sinclair Lewis,Fiction,3.81,
Drop Dead Gorgeous,Linda Howard,Fiction,3.93,A Novel
A Man of the People,Chinua Achebe,Fiction,3.87,
Vincent's Colors,"Metropolitan Museum of Art (New York, N.Y.)",Fiction,4.16,
The Weimar Republic,Detlev J. K. Peukert,History,3.82,
Schmidt Delivered,Louis Begley,Fiction,3.59,
Weight,Jeanette Winterson,Fiction,3.77,
A River Runs Through It,Norman Maclean,Biography & Autobiography,4.17,
Funny in Farsi,Firoozeh Dumas,Biography & Autobiography,3.79,A Memoir of Growing Up Iranian in America
Alice in Wonderland,Lewis Carroll,Juvenile Fiction,4.01,
One Matchless Time,Jay Parini,Biography & Autobiography,3.97,A Life of William Faulkner
If You Don't Know by Now,Teresa Southwick,Fiction,3.06,
Demon Diary,Kara Lim;Lee Yun Hee,Comics & Graphic Novels,4.11,
Voice of the Gods,Trudi Canavan,Fiction,4.08,Age of the Five Trilogy
Three Farmers on Their Way to a Dance,Richard Powers,Fiction,3.84,
After Many a Summer Dies the Swan,Aldous Huxley,Fiction,3.75,
CliffsNotes on Fitzgerald's The Great Gatsby,Kate Maurer,Literary Criticism,3.73,
Quito 1599,Kris E. Lane,History,3.59,City and Colony in Transition
Collapse,Jared M. Diamond,History,3.93,How Societies Choose to Fail Or Succeed
Eyes of Prey,John Sandford,Fiction,4.18,
Henry Miller on Writing,Henry Miller,Literary Criticism,4.23,
On Genesis,Saint Augustine (of Hippo),Religion,3.94,Two Books on Genesis: Against the Manichees and On the Literal Interpretation of Genesis: An Unfinished Book
Flags Of Our Fathers,James Bradley,Juvenile Fiction,4.17,Heroes of Iwo Jima
Identity,Milan Kundera,Fiction,3.68,A Novel
The Complete Stories of Truman Capote,Truman Capote,Fiction,4.2,
Best Science Fiction Stories of Clifford D. Simak,Clifford D. Simak,Science,3.94,
Shadow Game,Christine Feehan,Fiction,4.12,
Mortals,Norman Rush,Fiction,3.75,
The Books of Magic,Neil Gaiman,Comics & Graphic Novels,4.08,
A history of philosophy,Frederick Charles Copleston,Philosophy,4.17,
Theatre,William Somerset Maugham,Fiction,4.14,A Novel
Lightning,Dean Ray Koontz,Fiction,4.07,
The Rainbow People,Laurence Yep,Juvenile Fiction,3.75,
The March,E. L. Doctorow,Fiction,3.8,A Novel
Tell Me how Long the Train's Been Gone,James Baldwin,Fiction,4.25,A Novel
The Celestine Prophecy,James Redfield,Fiction,3.63,An Adventure
A guided tour of five works by Plato,Christopher Biffle;Plato,Philosophy,4.33,"with complete translations of Euthyphro, Apology, Crito, Phaedo (death scene), and ""Allegory of the Cave"""
Nick and Norah's Infinite Playlist,Rachel Cohn;David Levithan,Juvenile Fiction,3.72,
The Hour Before Dark,Douglas Clegg,Fiction,3.75,
I'm a Stranger Here Myself,Bill Bryson,Biography & Autobiography,3.9,Notes on Returning to America After Twenty Years Away
In the Hand of the Goddess,Tamora Pierce,Juvenile Fiction,4.25,
The Diary of Virginia Woolf: 1915-1919,Virginia Woolf,Biography & Autobiography,4.31,
A Tolkien Miscellany,John Ronald Reuel Tolkien,Fiction,4.11,
The Diary of Anaïs Nin,Anaïs Nin,Biography & Autobiography,4.12,
Hamlet's Mill,Giorgio De Santillana;Hertha von Dechend,Philosophy,4.27,An Essay on Myth and the Frame of Time
The Monkey's Wrench,Primo Levi,Fiction,3.93,
The Dance of Intimacy,Harriet Lerner,Psychology,4.06,A Woman's Guide to Courageous Acts of Change in Key Relationships
Blade of Fortriu,Juliet Marillier,Fiction,4.08,Book Two of The Bridei Chronicles
The Blood of the Moon,George Grant,Religion,3.69,Understanding the Historic Struggle Between Islam and Western Civilization
Pendulum,Amir D. Aczel,Biography & Autobiography,3.72,Leon Foucault and the Triumph of Science
The Thrill of Victory,Sandra Brown,Fiction,3.6,
The Oedipus Plays of Sophocles,Sophocles;Paul Roche,Drama,3.97,"Oedipus the King, Oedipus at Colonus, Antigone"
Banvard's Folly,Paul Collins,History,3.97,Thirteen Tales of People Who Didn't Change the World
The Cambridge Companion to Schopenhauer,Christopher Janaway,Philosophy,3.89,
The Straight Dope,Cecil Adams;Ed Zotti,Humor,4.19,A Compendium of Human Knowledge
The Castle of the Silver Wheel,Teresa Edgerton,Fiction,3.99,
Simulacra and Simulation,Jean Baudrillard,Social Science,3.98,
Four Comedies,Aristophanes;Dudley Fitts,Drama,4.03,
A Journal of the Plague Year,Daniel Defoe,Fiction,3.53,
American Government,Karen O'Connor;Larry Sabato,Science,2.95,Continuity and Change
Rape,Joyce Carol Oates,Fiction,3.56,A Love Story
A Writer's Diary,Virginia Woolf;Leonard Woolf,Biography & Autobiography,4.25,Being Extracts from the Diary of Virginia Woolf
Sherlock Holmes and the Case of the Hound of the Baskervilles,Arthur Conan Doyle;Malvina G. Vogel,Juvenile Fiction,4.51,
Common Ground,Molly Bang,Fiction,3.75,"The Water, Earth, and Air We Share"
"The Little Mouse, the Red Ripe Strawberry, and the Big Hungry Bear",Audrey Wood,Juvenile Fiction,4.31,
The Tombs of Atuan,Ursula K. Le Guin,Fiction,4.09,
Through a Brazen Mirror,Delia Sherman,Fiction,3.38,The Famous Flower of Servingmen
"Three Plays of Euripides: Alcestis, Medea, The Bacchae",Euripides,Drama,3.95,
The Beatles,Bob Spitz,Biography & Autobiography,4.15,The Biography
Continental Drift,Russell Banks,Fiction,3.87,
Sylvester,Georgette Heyer,Fiction,4.11,
The Box Man,Kōbō Abe,Fiction,3.65,A Novel
Killing the Imposter God,Donna Freitas;Jason E. King,Literary Criticism,3.72,Philip Pullman's Spiritual Imagination in His Dark Materials
The Madness Season,C. S. Friedman,Fiction,4.05,
C.S. Lewis,C. S. Lewis,Religion,4.31,Readings for Meditation and Reflection
C.S. Lewis and the Catholic Church,Joseph Pearce,Religion,3.88,
A Devilish Dilemma,Judith Lansdowne,Fiction,4.02,
The Invisible Man,Herbert George Wells,Fiction,3.63,
The Adventures of Jimmy Skunk,Thornton W. Burgess;Harrison Cady;Thea Kliros,Juvenile Fiction,4.13,
Driving Force,Dick Francis,Fiction,3.96,
Man and Wife,Tony Parsons,Fiction,3.48,A Novel
The Inner Reaches of Outer Space,Joseph Campbell,Religion,4.22,Metaphor as Myth and as Religion
The Spy Who Barked,George Edward Stanley,Juvenile Fiction,3.47,
In the Land of the Lawn Weenies,David Lubar,Juvenile Fiction,3.96,And Other Warped and Creepy Tales
The Collapse of Complex Societies,Joseph Tainter,Social Science,4.13,
Laughing Gas,Pelham Grenville Wodehouse,Fiction,3.89,
Exercitia Spiritualia,Saint Gertrude (the Great),Religion,3.2,
Raise the Titanic!,Clive Cussler,Fiction,3.97,
Star Wars: Clone Wars Volume 6: On the Fields of Battle,John Ostrander;Jan Duursema;Dan Parsons; Brad Anderson; Tomas Giorello,Comics & Graphic Novels,4.04,
Democracy in America,Alexis Tocqueville;Gerald Bevan;Isaac Kramnick,History,4.02,And Two Essays on America
The Letters of J.R.R. Tolkien,John Ronald Reuel Tolkien,Biography & Autobiography,4.14,A Selection
Pride and Prejudice,Jane Austen,Fiction,4.25,
Soldier of Sidon,Gene Wolfe,Fiction,4,
Philip Vera Cruz,Craig Scharlin;Lilia V Villanueva,Biography & Autobiography,3.87,A Personal History of Filipino Immigrants and the Farmworkers Movement
Ines of My Soul LP,Isabel Allende,Fiction,3.92,A Novel
Foucault's Pendulum,Umberto Eco,Fiction,3.9,
Beauty is the Beast,Tomo Matsumoto,Comics & Graphic Novels,3.79,
Fundamentals of Heat and Mass Transfer 6th Edition with IHT/FEHT 3.0 CD with User Guide Set,Frank P. Incropera,Science,4,
Little Miss Birthday,Roger Hargreaves,Juvenile Fiction,4,
The Bears on Hemlock Mountain,Alice Dalgliesh,Juvenile Fiction,3.78,
Proust's Way: A Field Guide to In Search of Lost Time,Roger Shattuck,Literary Criticism,3.92,
Theodore Rex,Edmund Morris,Biography & Autobiography,4.18,
"Cry, the Beloved Country",Alan Paton,Fiction,3.89,
A Kiss Before Dying,Ira Levin,Fiction,3.94,
The Line Between,Peter S. Beagle,Fiction,4.12,
Earthquake in the Early Morning,Mary Pope Osborne,Juvenile Fiction,3.93,
Freedom Riders,Ann Bausum,Fiction,3.97,John Lewis and Jim Zwerg on the Front Lines of the Civil Rights Movement
From Sawdust to Stardust,Terry Lee Rioux,Biography & Autobiography,4.11,"The Biography of DeForest Kelley, Star Trek's Dr. McCoy"
Joseph Cornell,Joseph Cornell;Alison Baverstock,Fiction,4.06,Secrets in a Box
"Two Girls, Fat and Thin",Mary Gaitskill,Fiction,3.63,A Novel
The Eye,Владимир Владимирович Набоков,Fiction,3.68,
Man Walks Into a Room,Nicole Krauss,Fiction,3.33,A Novel
The Alienist,Caleb Carr,Fiction,4.06,
JRR Tolkien Companion & Guide,Christina Scull;Wayne G. Hammond,Literary Criticism,4.53,
The Body Artist,Don DeLillo,Fiction,3.24,A Novel
Lurulu,Jack Vance,Fiction,3.58,
To Sail Beyond the Sunset,Robert A. Heinlein,Fiction,3.87,
Child of God,Cormac McCarthy,Fiction,3.86,
Nightsword,Margaret Weis;Tracy Hickman,Fiction,3.66,A Starshield Novel
Monkey Business,Sarah Mlynowski,Fiction,3.66,
The Pillars of Creation,Terry Goodkind,Fiction,3.68,
Gimpel the Fool,Isaac Bashevis Singer,Fiction,4.16,And Other Stories
The Anatomy of Human Destructiveness,Erich Fromm,Psychology,4.2,
Razor's Edge,Hugh Bicheno;Richard Holmes,History,3.77,The Unofficial History of the Falklands War
A Madman Dreams of Turing Machines,Janna Levin,Fiction,3.68,
The Trojan Women and Hippolytus,Euripides,Drama,3.56,
Every Book Its Reader,Nicholas A. Basbanes,Literary Criticism,3.96,The Power of the Printed Word to Stir the World
A Manual for Living,Epictetus,Religion,4.22,
Mystic River,Dennis Lehane,Fiction,4.18,
The Southern Haunting of Truman Capote,Marie Rudisill;James Coleman Simmons,Literary Criticism,3.96,
Door Wide Open,Jack Kerouac,Biography & Autobiography,3.82,"A Beat Love Affair in Letters, 1957-1958"
The Complete Novels,Jane Austen,Fiction,4.55,
Everything Bad is Good for You,Steven Johnson,Psychology,3.49,How Today's Popular Culture is Actually Making Us Smarter
Street of the Five Moons,Elizabeth Peters,Fiction,3.94,
Goddess of the Sea,P. C. Cast,Fiction,3.88,
Divide and Conquer,Tom Clancy;Jeff Rovin;Steve R. Pieczenik,Fiction,3.79,
Tell Me No Lies,Elizabeth Lowell,Fiction,3.98,
Star Wars: OmnibusXWing Rogue Squadron Vol. 2,Various,Comics & Graphic Novels,3.87,
The Accidental Bodyguard,Ann Major,Fiction,3.32,
The Trail of Tears,Joseph Bruchac;Diana Magnuson,Fiction,3.88,
The Complete Tales of Nikolai Gogol,Nikolai Gogol;Николай Васильевич Гоголь,Fiction,4.32,
The Complete ACOA Sourcebook,Janet G. Woititz,Self-Help,4.06,"Adult Children of Alcoholics at Home, at Work and in Love"
The Meanest Doll in the World,Laura Godwin;Ann M. M. Martin,Juvenile Fiction,3.96,
The Pursuit of History,John Tosh;Sean Lang,History,3.45,"Aims, Methods and New Directions in the Study of Modern History"
Fire in the Sky,Jo Clayton,Fiction,3.87,
Doctor Faustus,Thomas Mann,Fiction,4.08,
There's No Such Place as Far Away,Richard Bach,Fiction,3.93,
The Roses of No Man's Land,Lyn MacDonald,History,4.26,
D. B.,Elwood Reid,Fiction,3.26,
Nietzsche and Philosophy,Gilles Deleuze,Philosophy,4.16,
Under The Duvet,Marian Keyes,Fiction,3.51,
Ellora's Cavemen,Elisa Adams;Sylvia Day;Anna J. Evans;Denise A. Agnew;B. J. McCall,Fiction,3.64,Dreams of the Oasis
Pearl S. Buck,Peter Conn;Peter J. Conn,Biography & Autobiography,4.17,A Cultural Biography
"The Pirate, the Adventurer & the Cowboy",Jayne Ann Krentz,Fiction,3.87,
Soldiers of Salamis,Javier Cercas;Anne McLean,Fiction,3.79,A Novel
The Ultimate Hitchhiker's Guide to the Galaxy,Douglas Adams,Fiction,4.38,
Kaddish and Other Poems: 1958-1960,Allen Ginsberg,Poetry,4.19,Pocket Poets Number 14
Indian Givers,J. McIver Weatherford,History,4.12,How the Indians of the Americas Transformed the World
Same Sex in the City,Lauren Levin;Lauren Blitzer,Self-Help,3.58,(So Your Prince Charming Is Really a Cinderella)
On Certainty,Ludwig Wittgenstein,Philosophy,4.16,
Suki's Kimono,Chieri Uegaki;Stephane Jorisch,Juvenile Fiction,4.18,
Drama Of The Gifted,Alice Miller,Psychology,4.09,
Dewdrops on a Lotus Leaf,Ryōkan;John Stevens,Poetry,4.56,Zen Poems of Ryōkan
Alien Stars,"C. J. Cherryh;Haldeman, Joe W;Mitchell, Elizabeth;Zahn, Timothy",Fiction,3.55,
The Namesake,Jhumpa Lahiri,Fiction,3.98,
"Israel, My Beloved",Kay Arthur,Fiction,4.17,
The Return of Grand Theory in the Human Sciences,Quentin Skinner,History,3.82,
E,David Bodanis,Science,4.09,A Biography of the World's Most Famous Equation
The Atlantis Dialogue,Plato,Fiction,3.77,
Dispatches,Michael Herr,History,4.23,
Oryx and Crake,Margaret Atwood,Fiction,4.01,A Novel
Shaken,Jerry B. Jenkins;Tim F. LaHaye;Chris Fabry,Juvenile Fiction,4.3,
Breaking Point,Tom Clancy;Steve R. Pieczenik;Steve Perry,Fiction,3.7,
The Heart of a Woman,Maya Angelou,Biography & Autobiography,4.2,
The Whole World Is Watching,Todd Gitlin,Science,3.71,Mass Media in the Making and Unmaking of the New Left
Safe Conduct,Boris Leonidovich Pasternak,Biography & Autobiography,3.79,"An Autobiography, and Other Writings"
The Starry Rift,James Tiptree,Fiction,3.82,
Monkeewrench,P. J. Tracy,Fiction,4.12,
CliffsNotes On Joyce's Dubliners,Adam Sexton,Literary Criticism,3.5,
The Music of Chance,Paul Auster,Fiction,3.9,
"White Sky, Black Ice",Stan Jones,Fiction,3.77,
The State of the Art,Iain M. Banks,Fiction,3.84,
The Nonexistent Knight & The Cloven Viscount,Italo Calvino,Fiction,4.03,
Letters from the Earth,Mark Twain,Literary Criticism,4.22,Uncensored Writings
Vinyl Cafe Unplugged,Stuart McLean,Humor,4.23,
Timbuktu,Paul Auster,Fiction,3.68,A Novel
Fools Die,Mario Puzo,Fiction,3.71,A Novel
A Little Princess,Frances Hodgson Burnett,Juvenile Fiction,4.19,
His Excellency,Joseph J. Ellis,Biography & Autobiography,3.92,George Washington
Charms for the Easy Life,Kaye Gibbons,Fiction,4.02,
Harry Potter and Philosophy,David Baggett;Shawn Klein;William Irwin,Fiction,4.48,If Aristotle Ran Hogwarts
The Invisibles,Grant Morrison;Chris Weston;Ivan Reis;Ray Kryssing,Comics & Graphic Novels,4.24,Kissing Mister Quimper
"Moby Dick, Or, The White Whale",Herman Melville;Geraldine McCaughrean;Victor G. Ambrus,Juvenile Fiction,3.85,
Flight of the Nighthawks,Raymond E. Feist,Fiction,3.95,Book One of the Darkwar Saga
Midnight Predator,Amelia Atwater-Rhodes,Juvenile Fiction,4.02,
A Conflict Of Visions,Thomas Sowell,History,4.32,
The Tipping Point,Malcolm Gladwell,Social Science,3.95,How Little Things Can Make a Big Difference
Meeting Jesus Again for the First Time,Marcus J. Borg,Religion,4.14,The Historical Jesus and the Heart of Contemporary Faith
The Death of Ivan Ilych and Other Stories,graf Leo Tolstoy,Fiction,4.1,
A Perfect Vacuum,Stanisław Lem,Fiction,4.17,
Strange Bedpersons,Jennifer Crusie,Fiction,3.5,
The Da Vinci Code,Dan Brown,Fiction,3.82,
Wolfskin,Juliet Marillier,Fiction,4,
The Sunday Philosophy Club,Alexander McCall Smith,Fiction,3.36,
Colter,Rick Bass,Biography & Autobiography,3.86,The True Story of the Best Dog I Ever Had
Catwings,Ursula K. Le Guin,Juvenile Fiction,4.08,A Catwings Tale
The Secretary of Dreams,Stephen King,Fiction,4.45,
Rosa,Nikki Giovanni,Fiction,4.35,
John Irving,John Irving,Fiction,3.82,Three Complete Novels
Children's Christmas Stories and Poems,Candace Ward,Juvenile Fiction,4.5,In Easy-to-Read Type
Stone Tables,Orson Scott Card,Fiction,3.87,
A Clash of Kings,George R. R. Martin,Fiction,4.41,
Hardcase,Dan Simmons,Fiction,3.69,
A Spy In The House Of Love,Anais Nin,Fiction,3.68,
Shoofly Pie,Tim Downs,Fiction,4.18,
"Go Down, Moses",William Faulkner,Fiction,3.93,
Robert Ludlum's (TM) The Arctic Event,Robert Ludlum;James H. Cobb,Fiction,4.01,
"New Worlds, Ancient Texts",Anthony Grafton;Nancy G. Siraisi;April Shelford,History,3.58,The Power of Tradition and the Shock of Discovery
Mother's Milk,Edward St. Aubyn,Fiction,3.76,A Novel
A Passage to India,Edward Morgan Forster;Pankaj Mishra,Fiction,3.68,
The Manhattan Hunt Club,John Saul,Fiction,3.98,
The Fatal Eggs,Mikhail Bulgakov;Hugh Aplin,Fiction,3.79,
The Glass House,Ashley Gardner,Fiction,4.04,
The Little Big Book for God's Children,Lena Tabori;Alice Wong,Religion,4.88,
Gossip Girl #3: All I Want is Everything,Cecily von Ziegesar,Fiction,3.55,A Gossip Girl Novel
Bound for Oregon,Jean Van Leeuwen,Juvenile Fiction,3.78,
Vice,Jane Feather,Fiction,3.51,
My Lord Eternity,Debbie Raleigh,Fiction,3.74,
The Will to Believe,William James,Philosophy,4.06,"And Other Essays in Popular Philosophy, and Human Immortality"
Bound in Blood,David Thomas Lord,Fiction,3.32,
One is the Loneliest Number,Tom Clancy;Steve R. Pieczenik,Juvenile Fiction,3.93,
The Lord of the Rings,Chris Smith,Literary Criticism,4.53,Weapons and Warfare
The Man Who Sold The Moon,Robert A. Heinlein,Fiction,3.9,
The Godfather,Mario Puzo,Fiction,4.37,
Genome,Matt Ridley,Science,4.03,The Autobiography of a Species in 23 Chapters
The Portrait,Iain Pears,Fiction,3.45,
Martin Chuzzlewit,Charles Dickens,Fiction,3.83,
The Deed,Lynsay Sands,Fiction,3.93,
Extremely Loud and Incredibly Close,Jonathan Safran Foer,Fiction,3.98,
The Sixteen Pleasures,Robert Hellenga,Fiction,3.58,
Labyrinth,Kate Mosse,Fiction,3.57,
10 Lb. Penalty,Dick Francis,Fiction,3.89,
The Dastard,Piers Anthony,Fiction,3.81,
The Poetry of Robert Frost,Robert Frost,Poetry,4.31,"The Collected Poems, Complete and Unabridged"
Angels and Demons,Craig Thompson,Comics & Graphic Novels,3.52,
9-11 [neuf-onze],Noam Chomsky;Institute Professor & Professor of Linguistics (Emeritus) Noam Chomsky,Science,3.73,
Will Eisner's New York,Will Eisner,Comics & Graphic Novels,4.36,Life in the Big City
The House of Mirth,Edith Wharton,Fiction,3.95,
The Stowaway Solution,Gordon Korman,Juvenile Fiction,4.11,
Ruby Gloom's Guide to Friendship,Mighty Fine Inc.,Fiction,4.34,
"Billy Budd, Sailor and Other Uncompleted Writings",Herman Melville,Fiction,3.11,"Billy Budd, Sailor, Weeds and Wildings, Parthenope, Uncollected Prose, Uncollected Poetry"
The Log from the Sea of Cortez,John Steinbeck,Biography & Autobiography,3.84,
The Return of the Native,Thomas Hardy,Fiction,3.85,
To Kill a Mockingbird (slipcased edition),Harper Lee,Fiction,4.27,
Life Is Elsewhere,Milan Kundera;Aaron Asher,Fiction,3.95,
Favorite Tales of Sholom Aleichem,Sholem Aleichem;Julius Butwin;Frances Butwin,Fiction,4.23,
The Dragon Reborn,Robert Jordan,Fiction,4.25,Book Three of 'The Wheel of Time'
Discovering Great Artists,MaryAnn F. Kohl;Kim Solga;Rebecca Van Slyke,Fiction,4.24,Hands-on Art for Children in the Styles of the Great Masters
Babyville,Jane Green,Fiction,3.62,A Novel
The River's Gift,Mercedes Lackey,Fiction,3.88,
The Anthology at the End of the Universe,Glenn Yeffeth,Literary Criticism,3.85,Leading Science Fiction Authors on Douglas Adams' The Hitchhiker's Guide to the Galaxy
Letters to J. D. Salinger,Chris Kubica;Will Hochman,Biography & Autobiography,3.54,
Searching for God Knows What,Donald Miller,Religion,3.92,
The Eternal Frontier,Tim Flannery,History,4.05,An Ecological History of North America and Its Peoples
Full Blast,Janet Evanovich;Charlotte Hughes,Fiction,3.82,
Hellsing,Kohta Hirano,Comics & Graphic Novels,4.29,
Infinite Jests,Robert Silverberg,Science,4.12,The Lighter Side of Science Fiction
Melville,Andrew Delbanco,Biography & Autobiography,4.03,His World and Work
Three Complete Novels,Dick Francis,Fiction,4.21,
Sons of Mississippi,Paul Hendrickson,Biography & Autobiography,3.81,A Story of Race and Its Legacy
A Power Governments Cannot Suppress,Howard Zinn,History,4.27,
The Years,Virginia Woolf,Fiction,3.77,
Roald Dahl's James and the giant peach,Roald Dahl,Drama,4.04,a play
Seikai: Crest of the Stars Volume 3: Return to a Strange World,Morioka Hiroyuki,Comics & Graphic Novels,4.21,
The Pat Hobby Stories,F. Scott Fitzgerald,Fiction,3.58,
Sense and Sensibility,Jane Austen,Fiction,4.07,"Authoritative Text, Contexts, Criticism"
You Don't Know Jack,Erin McCarthy,Fiction,3.72,
The Rock that is Higher,Madeleine L'Engle,Religion,4.13,Story as Truth
The King's buccaneer,Raymond E. Feist,Fiction,4.01,
Thomas Jefferson,Christopher Hitchens,Biography & Autobiography,3.92,Author of America
Barack Obama,Marlene Targ Brill,Fiction,3.96,Working to Make a Difference
The Hound of the Baskervilles,Sir Arthur Conan Doyle,Fiction,0,
Born in Blood and Fire,John Charles Chasteen,History,3.89,A Concise History of Latin America
"X/1999, Vol. 1",CLAMP,Comics & Graphic Novels,3.95,Prelude
The Oresteia,Aeschylus,Drama,4.01,
Aman,Virginia Lee Barnes,Biography & Autobiography,3.76,The Story of a Somali Girl
The Chaneysville Incident,David Bradley,History,3.96,
The Agony and the Ecstasy,Irving Stone,Fiction,4.07,A Biographical Novel of Michelangelo
On Christian Belief,Saint Augustine,Religion,4.09,
Clouds,Aristophanes,Drama,3.76,
The Navigator,Clive Cussler,Fiction,3.93,A Novel from the NUMA Files
EUGENE ONEGIN - A NOVEL IN VERSE V.1,Aleksandr Sergeevich Pushkin,Literary Criticism,4.22,A NOVEL IN VERSE
Identity and Violence: The Illusion of Destiny (Issues of Our Time),Amartya Sen,Philosophy,3.85,
Heat,Mike Lupica,Juvenile Fiction,3.98,
Only the Ring Finger Knows,Satoru Kannagi;Hotaru Odagiri,Comics & Graphic Novels,4.1,
Dante's Vita Nuova,Alighieri Dante;Dante Alighieri,Literary Criticism,3.87,A Translation and an Essay
Redburn,Herman Melville,Fiction,3.61,
The Virtues of Aging,Jimmy Carter,Biography & Autobiography,3.51,
Shoot the Piano Player,David Goodis,Fiction,4.02,
The Trial and Death of Socrates (Third Edition),Plato;George Maximilian Anthony Grube;John Madison Cooper,Philosophy,4.07,"Euthyphro, Apology, Crito, Death Scene from Phaedo"
Airs Above the Ground,Mary Stewart,Fiction,4.04,
The Ideology of the Aesthetic,Terry Eagleton,Literary Criticism,4.13,
Beyond Good and Evil,Friedrich Nietzsche,Philosophy,4.02,
The God of Small Things,Arundhati Roy,Fiction,3.93,
Clive Cussler and Dirk Pitt Revealed,Clive Cussler;Craig Dirgo,Fiction,3.88,
Castaways of the Flying Dutchman,Brian Jacques,Juvenile Fiction,3.99,
The Bar on the Seine,Georges Simenon;David Watson,Fiction,3.69,
Nightmare Asylum,Steve Perry,Fiction,3.67,
I Am that,Sri Nisargadatta Maharaj;Sudhakar S. Dikshit,Philosophy,4.51,Talks with Sri Nisargadatta Maharaj
Candy Licker,Noire,Fiction,4.39,An Urban Erotic Tale
The Merlin Trilogy,Mary Stewart,Fiction,4.39,
Collected Stories,Gabriel Garcia Marquez,Fiction,4.19,
Hollywood Station,Joseph Wambaugh,Fiction,3.72,A Novel
The Last Hours of Ancient Sunlight,Thom Hartmann,Science,4.22,The Fate of the World and What We Can Do Before It's Too Late
A Breath of Snow and Ashes,Diana Gabaldon,Fiction,4.44,
CliffsNotes on Hemingway's The Sun Also Rises,Gary Carey,Literary Criticism,3.54,
All Through the Night,Mary Higgins Clark,Fiction,3.7,
Pacific Edge,Kim Stanley Robinson,Fiction,3.78,Three Californias
Teacher's Pet,Laurie Halse Anderson,Juvenile Fiction,4.07,
Quester's endgame,Patricia Josephine Clayton,Fiction,3.97,
Blood Moon Over Britain,Morag McKendrick Pippin,Fiction,3.44,
How to Make Love Like a Porn Star,Jenna Jameson;Neil Strauss,Biography & Autobiography,3.75,A Cautionary Tale
Plato on Love,Plato;C. D. C. Reeve,Philosophy,4.05,"Lysis, Symposium, Phaedrus, Alcibiades, with Selections from Republic, Laws"
The Other Woman,Brenda Novak,Fiction,4.11,
On Wings of Eagles,Ken Follett,History,3.93,
Writing Down the Bones,Natalie Goldberg,Self-Help,4.18,Freeing the Writer Within : Expanded with a New Preface and Interview with the Author
The Big Rock Candy Mountain,Wallace Stegner,Fiction,4.15,
Count Zero,William Gibson,Fiction,4.01,
The Buddha in Your Mirror,Woody Hochswender;Greg Martin;Ted Morino,Religion,4.28,Practical Buddhism and the Search for Self
The Eyes of Heisenberg,Frank Herbert,Fiction,3.43,
Jesus Freaks,Andre Duza,Fiction,3.67,
In Search of Dracula,Raymond T. McNally;Radu Florescu,Biography & Autobiography,3.86,The History of Dracula and Vampires
Seamus Heaney,Helen Hennessy Vendler,Literary Criticism,4.08,
Immigrant Acts,Lisa Lowe,Social Science,4,On Asian American Cultural Politics
Murder at Ford's Theatre,Margaret Truman,Fiction,3.72,
A Life in Letters,F. Scott Fitzgerald,Biography & Autobiography,4.24,A New Collection Edited and Annotated by Matthew J. Bruccoli
Mercy Watson,Kate DiCamillo;Chris Van Dusen,Juvenile Fiction,4.16,Princess in Disguise
For Esmé - with Love and Squalor,Jerome David Salinger,Fiction,4.19,
The Long Winter,Laura Ingalls Wilder,Juvenile Fiction,4.14,
Oedipus the King,Sophocles;Frederic Will;Bernard Knox,Drama,3.69,
Mcdougal Littell Science,James Trefil;Houghton Mifflin Company;Rita Ann Calvo;Kenneth Cutler,Fiction,2.5,Earth Science
Dubliners,James Joyce,Fiction,3.85,
A Complicated Kindness,Miriam Toews,Fiction,3.65,
Works of Hesiod and the Homeric Hymns,Hesiod,Poetry,3.72,
Meet Mr. Mulliner,Pelham Grenville Wodehouse,Fiction,4.06,
The Wall,John Hersey,Fiction,4.28,
Homebody,Orson Scott Card,Fiction,3.39,A Novel
Kate Vaiden,Reynolds Price,Fiction,3.91,
Savage Love,Dan Savage,Self-Help,3.84,Straight Answers from America's Most Popular Sex Columnist
Fall on Your Knees,Ann-Marie MacDonald,Fiction,3.96,
"Destroy, She Said",Marguerite Duras,Fiction,3.68,
"Frankenstein, Or, The Modern Prometheus",Mary Wollstonecraft Shelley,Fiction,3.78,
The Reading Group,Elizabeth Noble,Fiction,3.34,A Novel
Company,Max Barry,Fiction,3.73,
Violet Makes a Splash,Anne Mazer,Juvenile Fiction,3.95,
Mister Monday,Garth Nix,Juvenile Fiction,3.78,
Night Train to Memphis,Elizabeth Peters,Fiction,4.06,
The Grand Inquisitor,Fyodor Dostoyevsky;Charles B. Guignon,Science,4.35,With Related Chapters from The Brothers Karamazov
Who Wants a Cheap Rhinoceros?,Shel Silverstein,Juvenile Fiction,3.96,
On the Road,Jack Kerouac,Fiction,3.63,
Be More Chill,Ned Vizzini,Juvenile Fiction,3.68,
Bridget Jones's Guide to Life,Helen Fielding,Fiction,3.48,
Zen and the Art of Motorcycle Maintenance,Robert M. Pirsig,Philosophy,3.77,An Inquiry Into Values
The Poetics of Space,Gaston Bachelard,Philosophy,4.19,
The Woman in White,Wilkie Collins,Fiction,3.99,
Christopher and His Kind,Christopher Isherwood,Biography & Autobiography,4.12,
Mostly Harmless,Douglas Adams,Fiction,3.97,
Writings to Young Women from Laura Ingalls Wilder on Wisdom and Virtues,Laura Ingalls Wilder;Stephen W. Hines,Fiction,3.95,
The Fourth Book of Lost Swords,Fred Saberhagen,Fiction,3.83,Farslayer's Story
Fat Tuesday,Sandra Brown,Fiction,3.84,
Reading Greek Tragedy,Simon Goldhill;Professor of Greek Literature and Culture and Fellow and Director of Studies in Classics Simon Goldhill,Drama,4.04,
Jemima J.,Jane Green,Fiction,3.64,
The Littles and Their Amazing New Friend,John Peterson,Juvenile Fiction,3.92,
The Collected Poems of Wilfred Owen,Wilfred Owen,Poetry,4.33,
The Twentieth Wife,Indu Sundaresan,Fiction,4.04,A Novel
JLA,Grant Morrison,Juvenile Fiction,3.97,New World Order
The Dream of Scipio,Iain Pears,Fiction,3.73,
The Role of the Reader,Umberto Eco,Literary Criticism,3.94,Explorations in the Semiotics of Texts
La Débâcle,Emile Zola;Elinor Dorday;Robert Lethbridge,Fiction,3.99,
The Face,Dean Ray Koontz,Fiction,3.7,
"Novels, 1896-1899",Henry James,Fiction,4.25,
Diablo: Moon of the Spider,Richard A. Knaak,Fiction,3.95,
The Campfire Collection,Eric Martin,Fiction,3.25,Spine-tingling Tales to Tell in the Dark
Black Boy,Richard Wright,Biography & Autobiography,4.05,A Record of Childhood and Youth
The Autograph Man,Zadie Smith,Fiction,3.15,
Paris to the Moon,Adam Gopnik,Biography & Autobiography,3.76,
Thirteen,Richard K. Morgan,Fiction,3.89,
Seduction and Betrayal,Elizabeth Hardwick,Literary Criticism,4.06,Women and Literature
The Cave,Robert Penn Warren,Fiction,3.73,
Stupid White Men,Michael Moore,Humor,3.31,And Other Sorry Excuses for the State of the Nation
The Book of Leviathan,Peter Blegvad,Comics & Graphic Novels,4.17,
One Hundred Years of Solitude,Gabriel Garcia Marquez,Fiction,4.06,
Tanequil,Terry Brooks,Fiction,3.98,
Angel's Vision,Yukito Kishiro,Comics & Graphic Novels,4.1,
"The Collected Letters of C.S. Lewis, Volume 3",C. S. Lewis,Biography & Autobiography,4.49,"Narnia, Cambridge, and Joy, 1950 - 1963"
Cold Mountain,Charles Frazier;George Vithoulkas,Fiction,3.85,A Novel
Time For Kids: Butterflies!,Editors of TIME For Kids,Fiction,4,
The Scotch-Irish,James G. Leyburn,History,3.97,A Social History
The Early History of God,Mark S. Smith,Religion,4.06,Yahweh and the Other Deities in Ancient Israel
The Orion Mystery,Robert Bauval,History,3.93,Unlocking the Secrets of the Pyramids
Romeo and Juliet,William Shakespeare,Drama,3.74,
Wayside School Is Falling Down (rack),Louis Sachar,Juvenile Fiction,4.17,
The Dark City,Max Allan Collins,Fiction,3.87,
The Pythons,Graham Chapman;John Cleese;Terry Gilliam;Michael Palin;Eric Idle;Terry Jones,Biography & Autobiography,4.08,Autobiography
Rabbit Angstrom,John Updike,Fiction,4.26,A Tetralogy
Art & Lies,Jeanette Winterson,Fiction,3.87,A Piece for Three Voices and a Bawd
"Incubus Dreams: An Anita Blake, Vampire Hunter Novel",Laurell K. Hamilton,Fiction,3.79,
The Puppet and the Dwarf,Slavoj Žižek;Žižek;Stockholm Inst Of Transition Staff;Mladen Dolar;Alenka Zupancic,Philosophy,3.83,The Perverse Core of Christianity
The Drifting Classroom,Kazuo Umezu,Comics & Graphic Novels,3.94,
Winter Days in the Big Woods,Laura Ingalls Wilder,Juvenile Fiction,4.28,
Presidential Power and the Modern Presidents,Richard E. Neustadt,History,3.79,The Politics of Leadership from Roosevelt to Reagan
Charade,Sandra Brown,Fiction,3.93,
Strata,Terry Pratchett,Fiction,3.49,
You Can't Go Home Again,Thomas Wolfe,Fiction,4.05,
Philosophical Investigations,Ludwig Wittgenstein,Philosophy,4.23,"The German Text, with a Revised English Translation 50th Anniversary Commemorative Edition"
Fight Club: A Novel,Chuck Palahniuk,Fiction,4.2,
Kitchen Confidential Updated Ed,Anthony Bourdain,Biography & Autobiography,4.06,Adventures in the Culinary Underbelly
History of the Peloponnesian War,Thucydides,History,4.28,In Four Volumes
Deadeye Dick,Kurt Vonnegut,Fiction,3.81,
Paris 1919,Margaret MacMillan,History,4.07,Six Months That Changed the World
The House That Jack Built,Graham Masterton,Fiction,3.87,
Ghostwritten,David Mitchell,Fiction,4.06,A Novel
A Whole Lotta Love,Donna Hill;Brenda Jackson;Monica Jackson;Francis Ray,Fiction,4.46,
F. Scott Fitzgerald on Authorship,Francis Scott Fitzgerald;Judith Baughman,Literary Criticism,3.57,
The Parallax View,Slavoj Žižek,Philosophy,4.01,
Late Victorian Holocausts: El Nino Famines and the Making of the Third World,Mike Davis,History,4.1,
The Story of a Seagull and the Cat who Taught Her to Fly,Luis Sepúlveda;Margaret Sayers Peden;Chris Sheban,Juvenile Fiction,4.13,
Roc and a Hard Place,Piers Anthony,Fiction,3.75,A Xanth Novel
The Robber Bride,Margaret Atwood,Fiction,3.83,
The Case of the Snowboarding Superstar,James Preller,Juvenile Fiction,3.97,
Cygnet,Patricia A. McKillip,Fiction,4.08,
The Life and Games of Mikhail Tal,Mihails Tāls,Biography & Autobiography,4.51,
The Church on the Other Side,Brian D. McLaren,Religion,3.58,Doing Ministry in the Postmodern Matrix
Special Topics in Calamity Physics,Marisha Pessl,Fiction,3.71,
Clown,Quentin Blake,Juvenile Fiction,3.97,
The Rough Guide to the Beatles,Chris Ingham,Biography & Autobiography,3.87,
Regeneration Through Violence,Richard Slotkin,Literary Criticism,4.28,"The Mythology of the American Frontier, 1600-1860"
Maurice,Edward Morgan Forster,Fiction,4.01,A Novel
Dostoevsky,Richard Freeborn,Biography & Autobiography,3.78,
Echo of Eternity,Maggie Furey,Fiction,3.88,
The Communist Manifesto,Karl Marx;Friedrich Engels,Science,3.54,A Modern Edition
Terry,Douglas Coupland,Biography & Autobiography,4.34,Terry Fox and His Marathon of Hope
Anna Karenina,Leo Tolstoy;Richard Pevear,Fiction,4.04,
Lost Illusions,Honoré de Balzac,Fiction,4.16,
Orlando,Virginia Woolf;Adeline Virginia Stephen Woolf,Fiction,3.86,A Biography
Industrial Magic,Kelley Armstrong,Fiction,4.13,
To Battle the Gods,Sharon Green,Fiction,4.09,
Sugar Cookie Murder,Joanne Fluke,Fiction,3.75,A Hannah Swensen Holiday Mystery with Recipes
Vampire Mountain,Darren Shan,Juvenile Fiction,4.17,
Beowulf,Howell D. Chickering,Literary Criticism,3.43,A Dual-language Edition
Absent in the Spring and Other Novels,Mary Westmacott;Agatha Christie,Fiction,4.19,Absent in the Spring -- Giant's Bread -- The Rose and the Yew Tree
The Puffin Book of Nonsense Verse,Quentin Blake,Fiction,4.04,
Encyclopedia Brown and the Case of the Sleeping Dog,Donald J. Sobol,Juvenile Fiction,4.04,
Wizard's First Rule,Terry Goodkind,Fiction,4.14,
"Star Trek, the Animated Series",Alan Dean Foster,Fiction,3.42,"Log one, log two"
A Prayer for Owen Meany,John Irving,Fiction,4.23,
Fear of Falling,Barbara Ehrenreich,Social Science,3.9,The Inner Life of the Middle Class
The Bachman Books,Stephen King,Fiction,4.11,Four Early Novels
Cod,Mark Kurlansky,History,3.9,A Biography of the Fish that Changed the World
Prince of Magic,Anne Stuart,Fiction,3.63,
Falling Angel,William Hjortsberg,Fiction,3.92,
Storming the Gates of Paradise,Rebecca Solnit,History,4.2,Landscapes for Politics
The Search for Power,Margaret Weis,Fiction,3.97,Dragons of the War of Souls
Dr. Desirable,Kristi Gold,Fiction,3.24,
Vanity Fair,William Makepeace Thackeray,Fiction,3.78,A Novel Without a Hero
Coraline,Neil Gaiman,Fiction,4.05,
High Fidelity,Nick Hornby,Fiction,3.94,
Codebreakers' Victory,Hervie Haufler,History,4.15,How the Allied Cryptographers Won World War II
Trojan Odyssey,Clive Cussler,Fiction,3.93,
The Tale of Genji,Murasaki Shikibu,Fiction,3.71,Abridged
The Ivory Tower,Henry James,Fiction,3.33,
Chomsky on Anarchism,Noam Chomsky,Science,3.95,
Little Butterfly,Hinako Takanaga;Sachiko Sato,Comics & Graphic Novels,4.07,
Judy Moody Saves the World!,Megan McDonald,Juvenile Fiction,4.03,
"Haussmann, Or the Distinction",Paul LaFarge,Fiction,3.64,A Novel
To the Lighthouse,Virginia Woolf,Fiction,3.77,
Goddess of the Rose,P. C. Cast,Fiction,4.14,
A Million Little Pieces of Feces,Python Bonkers,Fiction,3.55,The Fake Memoir That's So Much More Fun Than James Frey's
The Invention of Tradition,"Hobsbawm, E. J. Hobsbawm;Eric Hobsbawm;Terence Ranger",History,3.96,
No God But God,Reza Aslan,Religion,4.13,"The Origins, Evolution, and Future of Islam"
Fitzgerald: All The Sad Young Men,F. Scott Fitzgerald,Fiction,3.95,
Bowling Alone,Robert D. Putnam,History,3.79,The Collapse and Revival of American Community
A Feast for Crows,George R. R. Martin,Fiction,4.13,
Julius Caesar,William Shakespeare,Fiction,3.67,
Lucifer's Shadow,David Hewson,Fiction,3.58,
CliffsNotes on Euripides' Medea & Electra,Robert J. Milch,Drama,4.2,
Asylum,John Saul,Fiction,4.1,
Island of Bones,P. J. Parrish,Fiction,4.01,
At the Edge,Cait London,Fiction,3.79,
The Reign of Istar,Margaret Weis;Tracy Hickman,Fiction,3.71,
Cause of Death,Patricia Daniels Cornwell,Fiction,3.93,
The Brooklyn Bridge,Elizabeth Mann;Alan Witschonke,Fiction,4.44,
Girlfriend in a Coma,Douglas Coupland,Fiction,3.61,
Rose Daughter,Robin McKinley,Juvenile Fiction,3.77,
Lisey's Story,Stephen King,Fiction,3.67,A Novel
Italians,Luigi Barzini,History,3.85,
Geisha,Liza Crihfield Dalby,Social Science,4,
The Violet Keystone,Garth Nix,Juvenile Fiction,3.97,
Libra,Don DeLillo,Fiction,3.99,With a New Introduction by the Author
Saint Joan,George Bernard Shaw,Drama,3.79,
White Oleander,Janet Fitch,Fiction,3.95,A Novel
Strangers in Paradise,Terry Moore,Comics & Graphic Novels,4.38,
Karate is a Thing of the Spirit,Harry Crews,Fiction,3.84,A Novel
Inattentional Blindness,Arien Mack;Irvin Rock,Psychology,4.2,
Eleven Minutes,Paulo Coelho,Fiction,3.69,A Novel
Hans Andersen's Fairy Tales,Hans Christian Andersen,Juvenile Fiction,3.9,A Selection
Amber and Ashes,Margaret Weis,Fiction,3.86,
Escape,James Clavell,Fiction,3.62,
Parliament of Whores,P. J. O'Rourke,Humor,4.01,A Lone Humorist Attempts to Explain the Entire U.S. Government
Bite,Charlaine Harris;MaryJanice Davidson;Angela Knight;Vickie Taylor,Fiction,3.77,
Sauron Defeated,John Ronald Reuel Tolkien,Fiction,4,"The End of the Third Age (the History of the Lord of the Rings, Part Four). The Notion Club Papers, And, The Drowning of Anadûnê"
The Foundling,Lloyd Alexander,Juvenile Fiction,3.93,And Other Tales of Prydain
The Feynman Lectures on Physics,Richard Phillips Feynman;Robert B. Leighton;Matthew Linzee Sands,Science,4.6,
Through the Dark Labyrinth,Gordon Bowker,Biography & Autobiography,3.83,A Biography of Lawrence Durrell
Taking God Out of Mathematics and Putting the Body Back in,Brian Rotman,Philosophy,4.06,An Essay in Corporeal Semiotics
The Cossacks,Leo Tolstoy,Fiction,3.79,
Blindness,José Saramago;Giovanni Pontiero,Fiction,4.11,
Birthday,Kōji Suzuki;Glynne Walley,Fiction,3.68,
The Complete Green Letters,Miles J. Stanford,Religion,4.2,
A Quiver Full of Arrows,Jeffrey Archer,Fiction,3.78,
The Border Trilogy,Cormac McCarthy,Fiction,4.43,Picador Classic
The Tutor's First Love,George MacDonald,Fiction,4.07,
"Chekhov, the Major Plays",Anton Pavlovich Chekhov,Drama,4.18,
Don Quixote,Miguel de Cervantes Saavedra,Fiction,3.87,
Lady Friday,Garth Nix,Juvenile Fiction,3.92,
The Birth of Tragedy,Friedrich Nietzsche,Literary Criticism,3.98,Out of the Spirit of Music
The Mysteries of Sherlock Holmes,Sir Arthur Conan Doyle,Juvenile Fiction,4.18,
Of Mice and Men,John Steinbeck,Fiction,3.86,Kits for Teens
Next,Michael Crichton,Fiction,3.49,
Ulysses Found,Ernle Bradford,History,4.04,
Undead and Unwed,MaryJanice Davidson,Fiction,3.82,
Pattern Recognition,William Gibson,Fiction,3.87,
The Warren Buffett Way,Robert G. Hagstrom,Biography & Autobiography,4.12,
The Darling,Russell Banks,Fiction,3.78,A Novel
What the Lady Wants,Jennifer Crusie,Fiction,3.63,
Eden,Hiroki Endo,Comics & Graphic Novels,4.2,It's an Endless World!.. Vol. 3
The Gunslinger,Stephen King,Fiction,3.96,
War and Peace,Leo Tolstoy;graf Leo Tolstoy,Fiction,4.11,
The Birth Of Tragedy,Friedrich Wilhelm Nietzsche,Philosophy,3.98,
The Light-Years Beneath My Feet,Alan Dean Foster,Fiction,3.73,
Young Men and Fire,Norman Maclean,Biography & Autobiography,4.07,
Realms of Dragons,Margaret Weis;Denise Little;Tracy Hickman,Fiction,4.04,The Worlds of Weis and Hickman
Lemon Meringue Pie Murder,Joanne Fluke,Fiction,3.88,
The Master and Margarita,Mikhail Afanasevich Bulgakov,Fiction,4.31,
Stephen King's Danse Macabre,Stephen King,Fiction,3.63,
Inkheart,Cornelia Caroline Funke,Juvenile Fiction,3.87,
Passing,Nella Larsen;Carla Kaplan,Fiction,3.83,"Authoritative Text, Backgrounds and Contexts, Criticism"
Goodnight Moon 123,Margaret Wise Brown;Clement Hurd,Juvenile Fiction,3.59,A Counting Book
Sebastopol,Western Sonoma County Historical Society,History,4.4,
More Plums in One,Janet Evanovich,Fiction,4.44,"Four to Score, High Five, and Hot Six"
Twelfth Night,William Shakespeare,Drama,3.98,
The Age of Extremes,Eric J. Hobsbawm,History,4.24,"A History of the World, 1914-1991"
Tales of Power,Carlos Castaneda,Fiction,4.15,
Lands of Promise and Despair,Rose Marie Beebe;Robert M. Senkewicz,History,3.69,"Chronicles of Early California, 1535-1846"
Practical Demonkeeping,Christopher Moore,Fiction,3.82,
Lords of the White Castle,Elizabeth Chadwick,Fiction,4.21,
Battle Angel Alita: Last Order,Yukito Kishiro,Comics & Graphic Novels,4.12,
Cliffs notes on Faulkner's As I lay dying,James L. Roberts,Literary Criticism,3.85,
Little Children,Tom Perrotta,Fiction,3.62,A Novel
The Blue Flowers,Raymond Queneau,Poetry,4.04,
The Secret on Ararat,Tim F. LaHaye;Bob Phillips,Fiction,4.23,
The Smoke Thief,Shana Abe,Fiction,3.74,
The Collapse of the Third Republic,William Lawrence Shirer,History,4.2,An Inquiry Into the Fall of France in 1940
All the King's Men,Robert Penn Warren,Fiction,4.09,
Texas! Sage,Sandra Brown,Fiction,4.02,
The Minority Report,Philip K. Dick,Fiction,4.19,And Other Classic Stories
The Brothers Karamazov,Fyodor Dostoevsky,Fiction,4.32,A Novel in Four Parts With Epilogue
If Beale Street Could Talk,James Baldwin,Fiction,4.24,A Novel
The Untouchable,John Banville,Fiction,3.96,
Isabelle's Perfect Performance,Alexandra Moss,Juvenile Fiction,4.05,
The Living Blood,Tananarive Due,Fiction,4.33,
The Year of the Death of Ricardo Reis,José Saramago,Fiction,4.03,
The First Philosophers,Robin Waterfield,Philosophy,3.93,The Presocratics and Sophists
Tolkien And The Great War,John Garth,Biography & Autobiography,3.7,The Threshold Of Middle-earth
Requiem for Harlem,Henry Roth,Fiction,4.16,"Mercy of a Rude Stream Volume IV, A Novel"
"Because it is Bitter, and Because it is My Heart",Joyce Carol Oates,Fiction,3.89,
The Girl Who Loved Tom Gordon,Stephen King,Fiction,3.58,
Story of O,Pauline Réage,Fiction,3.33,
The Phantom Tollbooth,Norton Juster,Fiction,4.21,
The Origin of Satan,Elaine Pagels,Religion,3.9,
McSweeney's,T. C. Boyle,Fiction,3.8,
George Washington's Sacred Fire,Peter A. Lillback,Biography & Autobiography,4.2,
The Secret of Santa Vittoria,Robert Crichton,Fiction,4.13,
Janet Flanner's world,Janet Flanner;Irving Drutman,Fiction,4.3,"uncollected writings, 1932-1975"
Gargantua and Pantagruel,Francois Rabelais;Michael Andrew Screech,Biography & Autobiography,3.71,
"Teach Us, Amelia Bedelia",Peggy Parish,Juvenile Fiction,4.21,
The Spectator Bird,Wallace Earle Stegner;Wallace Stegner,Fiction,3.98,
The Crucible,Arthur Miller,Drama,3.57,A Play in Four Acts
Crazy Hot,Melissa de la Cruz,Juvenile Fiction,3.94,
Betrayal,Robin Wasserman,Juvenile Fiction,3.97,
Warlock,Wilbur Smith,Fiction,4.04,A Novel of Ancient Egypt
Whores for Gloria,William T. Vollmann,Fiction,3.69,
Alberic the Wise,Norton Juster,Fiction,3.71,
Two Alone,Sandra Brown,Fiction,3.7,
Mistaken Identity,Nayantara Sahgal,Fiction,2.93,
Werewolves Don't Run For President,Debbie Dadey;Marcia Thornton Jones,Juvenile Fiction,3.87,
"Last Lion, The: Volume 1",William Manchester,Biography & Autobiography,4.43,Winston Churchill Visions of Glory 1874 - 1932
Like Shaking Hands With God,Kurt Vonnegut Jr.;Lee Stringer,Biography & Autobiography,3.72,A Conversation About Writing
The Bradbury Chronicles,Sam Weller,Biography & Autobiography,4.22,The Life of Ray Bradbury
Rash,Pete Hautman,Juvenile Fiction,3.75,
Open City 6,Thomas Beller;James Purdy;Strawberry Saroyan;Debra Garrison;Michael Cunningham,Fiction,0,The Only Woman He's Ever Left
The Philosophy of History,Georg Wilhelm Friedrich Hegel;J. Sibree,Philosophy,3.82,
The Golden Tulip,Rosalind Laker,Fiction,3.92,
Star Trek Logs Five and Six,Alan Dean Foster,Fiction,3.65,
Slapstick,Kurt Vonnegut,Fiction,3.87,"Or, Lonesome No More!"
P.S. I Love You,Valerie Parv,Fiction,2.79,
The Awakening,Kate Chopin;Margo Culley,Fiction,3.64,"An Authoritative Text, Biographical and Historical Contexts, Criticism"
Tulips and Chimneys,E. E. Cummings,Poetry,4.38,
Snow Country,Yasunari Kawabata,Fiction,3.68,
It,Stephen King,Fiction,4.23,A Novel
"The Invisibles, the Invisible Kingdom",Grant Morrison,Comics & Graphic Novels,4.19,
Helen of Troy,Margaret George,Fiction,3.92,
The Black Tulip,Alexandre Dumas Pere,Fiction,3.8,
The Art of Maurice Sendak,Selma G. Lanes,Biography & Autobiography,4.44,
Shadow,Bob Woodward,History,3.71,Five Presidents and the Legacy of Watergate
Charlotte's Web (full color),E. B. White,Juvenile Fiction,4.16,
Survivor,Chuck Palahniuk,Fiction,3.92,
The Real Trial of Oscar Wilde,Merlin Holland,Biography & Autobiography,4.04,
Seeing Like a State,James C. Scott,Science,4.19,How Certain Schemes to Improve the Human Condition Have Failed
Nancy Drew Starter Set,Carolyn Keene,Juvenile Fiction,4.25,The Secret of the Old Clock/The Hidden Staircase/The Bungalow Mystery/The Mystery at Lilac Inn/The Secret of Shadow Ranch/The Secret of Red Gate Farm
The Complete Shorter Fiction of Virginia Woolf,Virginia Woolf,Fiction,4.04,
An Hour Before Daylight,Jimmy Carter,Biography & Autobiography,3.89,Memoirs of a Rural Boyhood
Henry Adams and the Making of America,Garry Wills;Pulitzer Prize-Winning Journalist and Historian Garry Wills,Biography & Autobiography,3.79,
The Poems of Exile,Ovid,History,4.12,Tristia and the Black Sea Letters
"Look Homeward, Angel",Thomas Wolfe,Fiction,3.94,
Tom Clancy's Net Force: Virtual Vandals,Tom Clancy;Steve Pieczenik;Diane Duane,Fiction,0,Net Force 01
Ivanhoe,Marianna Mayer;Sir Walter Scott,Juvenile Fiction,3.93,
Ox,Piers Anthony,Fiction,3.43,
Star Trek: The Original Series: Crucible: McCoy: Provenance of Shadows,David R. George III,Fiction,4.14,
"The Gashlycrumb Tinies, Or, After the Outing",Edward Gorey,Humor,4.19,
Crossroads of Twilight,Robert Jordan,Fiction,3.83,
The Centurions,Damion Hunter,Fiction,4.14,
Wonderful Life: The Burgess Shale and the Nature of History,Stephen Jay Gould,Fiction,4.12,
Gideon's Trumpet,Anthony Lewis,History,3.9,
"Legends, Lies & Cherished Myths of World History",Richard Shenkman,History,3.48,
The Chase,Lynsay Sands,Fiction,4.05,
Conversations with Don DeLillo,Don DeLillo,Biography & Autobiography,4.06,
Notebooks of the Mind,Vera John-Steiner,Psychology,3.81,Explorations of Thinking
The Call of the Wild and Selected Stories,Jack London,Fiction,3.83,
Tinsel,William Goldman,Fiction,3.18,
Shattered Dance,Caitlin Brennan,Fiction,3.91,
Rebellion,Nora Roberts,Fiction,3.91,
Under The Influence,Preston Peet,History,3.64,The Disinformation Guide To Drugs
Three Complete Novels,Edward Morgan Forster,Fiction,4.2,
The Magic Barrel,Bernard Malamud,Fiction,4,Stories
Lincoln at Gettysburg,Garry Wills,History,4.13,The Words that Remade America
Sgt. Rock,Joe Kubert,Comics & Graphic Novels,3.48,The Prophecy
The Adventures of Sally,P. G. Wodehouse,Fiction,3.78,
Out of the Woods,Chris Offutt,Fiction,4.06,Stories
Team of Rivals,Doris Kearns Goodwin,Biography & Autobiography,4.28,The Political Genius of Abraham Lincoln
A Wife After God's Own Heart Growth and Study Guide,Elizabeth George,Religion,4.75,
The Key to Rebecca,Ken Follett,Fiction,3.88,
The Age of Grief,Jane Smiley,Fiction,3.82,
Stern Men,Elizabeth Gilbert,Fiction,3.39,
The Culture of Fear,Barry Glassner,Social Science,3.7,Why Americans Are Afraid of the Wrong Things
Lovingkindness,Sharon Salzberg;Jon Kabat-Zinn,Self-Help,4.26,The Revolutionary Art of Happiness
Enter Jeeves,P. G. Wodehouse;David A. Jasen,Fiction,4.2,15 Early Stories
The Dark Descent,Clive Barker;Ray Bradbury,Fiction,4.26,
Shadow Lover,Anne Stuart,Fiction,3.8,
Chronicle of a Death Foretold,Gabriel Garcia Marquez,Fiction,3.96,A Novel
Desert Heat,Ja Jance;Judith A. Jance,Fiction,4,
Beyond Seduction,Emma Holly,Fiction,3.69,
"Life, a User's Manual",Georges Perec,Fiction,4.22,
"The Creation of the American Republic, 1776-1787",Gordon S. Wood,Science,4.12,
Vampire Hunter D Volume 3: Demon Deathase,Hideyuki Kikuchi;Yoshitaka Amano;Kevin Leahy,Comics & Graphic Novels,4.02,
A Painted House,John Grisham,Fiction,3.69,
The Au Pairs,Melissa de la Cruz,Juvenile Fiction,3.65,
Assemblywomen,Aristophanes;Jeffrey Henderson,Drama,3.92,
Mayflower,Nathaniel Philbrick,History,3.87,"A Story of Courage, Community, and War"
Blues for Mister Charlie,James Baldwin,Drama,4.12,A Play
World Studies: Eastern Hemisphere,Heidi Hayes Jacobs;Pearson Prentice Hall;Kate Kinsella;Michal L. LeVasseur,Fiction,2,
Eat!,Roberta Grobel Intrater,Fiction,3.95,
Mythology,Edith Hamilton,Social Science,3.99,
A Kiss Before Dying,Kate William;Francine Pascal,Juvenile Fiction,3.68,
The Complete Science Fiction Treasury of H.G. Wells,H. G. Wells,Science,4.13,
Challengers of the Unknown,Howard Chaykin;Michelle Madsen,Comics & Graphic Novels,2.86,"Stolen Moments, Borrowed Time"
Wooden: A Lifetime of Observations and Reflections On and Off the Court,John Wooden,Biography & Autobiography,4.45,
The Church in Emerging Culture,Andy Crouch,Religion,3.35,Five Perspectives
The Return of the Shadow,John Ronald Reuel Tolkien;Christopher Tolkien,Fiction,4.02,"The History of The Lord of the Rings, Part One"
Dragonsinger,Anne McCaffrey,Juvenile Fiction,4.28,
Seven Up,Janet Evanovich,Fiction,4.16,A Stephanie Plum Novel
The Silver Pigs,Lindsey Davis,Fiction,3.94,A Marcus Didius Falco Mystery
Baby Einstein: Birds,Julie Aigner-Clark,Juvenile Fiction,3.78,
Kim,Rudyard Kipling,Fiction,3.72,
The Chain of Chance,Stanisław Lem,Literary Criticism,3.71,
The Complete Works,Tacitus,History,4.29,
As the Crow Flies,Jeffrey Archer,Fiction,4.08,
The Feminine Mystique,Betty Friedan,Social Science,3.87,
Shadowkill,Jo Clayton,Fiction,3.98,
Fear and Loathing in Las Vegas,Hunter S. Thompson,Biography & Autobiography,4.08,A Savage Journey to the Heart of the American Dream
Among the Dolls,William Sleator,Juvenile Fiction,3.66,
The Lightning Thief,Rick Riordan,Juvenile Fiction,4.24,
Brideshead Revisited,Evelyn Waugh,Fiction,4,
Hamlet,William Shakespeare,Fiction,4.01,
The Strangers in the House,Georges Simenon,Fiction,3.76,
A Midwife's Tale,Laurel Ulrich,Biography & Autobiography,3.99,"The Life of Martha Ballard, Based on Her Diary, 1785-1812"
The Wood Boy,Raymond E. Feist;Sean J. Jordan;Tad Williams,Comics & Graphic Novels,3.63,
The Major Works,John Milton,Literary Criticism,4.22,
The Railway Children,E. Nesbit,Fiction,4,
Flying Finish,Dick Francis,Fiction,3.93,
Bag of Bones,Stephen King,Fiction,3.89,
The Mirror of Merlin,T. A. Barron,Fiction,4.06,
A Midsummer Night's Dream,William Shakespeare,Drama,3.94,
Little Plum,Rumer Godden,Juvenile Fiction,4.22,
Night of Blood,Richard A. Knaak,Fiction,3.9,
Sister Freaks,Rebecca St. James,Religion,4.11,Stories of Women Who Gave Up Everything for God
The Princess of the Chalet School,Elinor Mary Brent-Dyer,Juvenile Fiction,4.1,
Shadow of a Dark Queen,Raymond E. Feist,Fiction,4.04,Book One of the Serpentwar Saga
The Portable John Adams,John Adams,Biography & Autobiography,4.11,
The Fuck Up,Arthur Nersesian,Fiction,3.57,
Plan of Attack,Bob Woodward,Science,3.67,
Welcome to the Great Mysterious,Lorna Landvik,Fiction,3.77,
The Caves of Steel,Isaac Asimov,Fiction,4.16,
Thin Air,Rachel Caine,Fiction,3.96,
Howl,Allen Ginsberg;Barry Miles,Poetry,4.22,"original draft facsimile, transcript, and variant versions, fully annotated by author, with contemporaneous correspondence, account of first public reading, legal skirmishes, precursor texts, and bibliography"
Gates Of Fire,Steven Pressfield,Fiction,4.41,An Epic Novel of the Battle of Thermopylae
Tolkien,Joseph Pearce,Biography & Autobiography,4.06,Man and Myth
The Soloist,Nicholas Christopher,Fiction,3.27,
Conversations with Zizek,Slavoj Žižek;Glyn Daly,Philosophy,3.87,
The Canterbury Tales of Geoffrey Chaucer,"Simon & Schuster, Limited",Poetry,3.49,
The Virgin's Lover,Philippa Gregory,Fiction,3.7,
Metamorphoses,Ovid,Science,4.57,
Vision of Tarot,Piers Anthony,Fiction,3.46,
Battle Cry of Freedom,James M. McPherson,History,4.34,The Civil War Era
Love in the Time of Cholera,Gabriel García Márquez,Fiction,3.9,
The Roald Dahl Treasury,Roald Dahl,Juvenile Fiction,4.43,
Xenocide,Orson Scott Card,Fiction,3.79,Volume Three of the Ender Quintet
This Alien Shore,C. S. Friedman,Fiction,4.04,
The Angel Experiment,James Patterson,Fiction,4.08,A Maximum Ride Novel
Toast,Charles Stross,Comics & Graphic Novels,3.8,
Girl with Curious Hair,David Foster Wallace,Fiction,3.88,
Redemption,Gary Smalley;Karen Kingsbury,Fiction,4.37,
Forty Signs of Rain,Kim Stanley Robinson,Fiction,3.54,
Bull Halsey,Elmer Belmont Potter,Biography & Autobiography,4.16,
The Norton Anthology of Short Fiction,Ronald Verlin Cassill;Richard Bausch,Fiction,4.17,
New Threads in the Pattern,Robert Jordan,Juvenile Fiction,4.27,The Great Hunt
Legends,Robert Silverberg,Fiction,3.92,Stories By The Masters of Modern Fantasy
It's a Magical World,Bill Watterson,Humor,4.76,A Calvin and Hobbes Collection
Dealing in Futures,Joe Haldeman,Fiction,3.72,
The Seventh Tower,Garth Nix,Juvenile Fiction,4.12,
The Cay,Theodore Taylor,Juvenile Fiction,3.75,
A Secret Splendor,Sandra Brown,Fiction,3.66,
The Short Stories of Ernest Hemingway,Ernest Hemingway,Fiction,4.26,
Three Philosophies of Life,Peter Kreeft,Religion,4.3,"Ecclesiastes, Job, Song of Songs"
Switch on the Night,Ray Bradbury;Leo Dillon;Diane Dillon,Juvenile Fiction,4.09,
Irish Girls Are Back in Town,Cecelia Ahern;Patricia Scanlan;Gemma O'Connor;Sarah Webb,Fiction,3.72,
Get Out of Your Mind & Into Your Life,Steven C. Hayes;Spencer Xavier Smith,Self-Help,4.05,The New Acceptance & Commitment Therapy
Complete Works,Plato,Fiction,4.34,
Mischief,Douglas Clegg,Fiction,3.49,
Death in Kashmir,M. M. Kaye,Fiction,3.95,A Mystery
The Beloved,Kahlil Gibran;John Walbridge,Fiction,4.19,Reflections on the Path of the Heart
Dirt,Stuart Woods,Fiction,3.88,
Embrace,Mark Behr,Fiction,3.75,
Crazy Lady!,Jane Leslie Conly,Juvenile Fiction,3.64,
Happy Hour at Casa Dracula,Marta Acosta,Fiction,3.58,
Artesia,Mark Smylie,Comics & Graphic Novels,4,
Sexing the Cherry,Jeanette Winterson,Fiction,3.83,
A Higher Justice,James Scott Bell,Fiction,4.23,
The African-American Odyssey,Darlene Clark Hine;William C. Hine;Stanley Harrold,History,3.95,
Dark Water,Linda Hall,Fiction,3.66,
Tom Stoppard: Plays 5,Tom Stoppard,Drama,4.3,"Aracadia, The Real Thing, Night & Day, Indian Ink, Hapgood"
All the King's Men,L. David Allen;Robert H. Lynn,Literary Criticism,3.4,Notes
Bridget Jones's Diary,Helen Fielding,Fiction,3.76,A Novel
Enchanted Evening,M. M. Kaye,Biography & Autobiography,4.38,Volume III of the Autobiography of M. M. Kaye
The Stranger Next Door,Joanna Wayne,Fiction,4,
Diary,Chuck Palahniuk,Fiction,3.61,A Novel
How to Stop Worrying and Start Living,Dale Carnegie,Psychology,4.11,
The Reawakening,Primo Levi,Biography & Autobiography,4.27,
The Blind Owl,Sadegh Hedayat;Ṣādiq Hidāyat,Fiction,3.98,
Girls' Night in,Jessica Adams;Chris Manby;Fiona Walker,Fiction,3.26,
Complete Poems and Major Prose,John Milton;Merritt Yerkes Hughes,Poetry,4.18,
Big Anthony and the Magic Ring,Tomie DePaola,Juvenile Fiction,4.1,
Jarka Ruus,Terry Brooks,Fiction,3.97,
Paws Before Dying,Susan Conant,Fiction,3.89,
Lady Oracle,Margaret Atwood,Fiction,3.68,
The Forest House,Marion Zimmer Bradley,Fiction,3.86,
Alone in the Crowd,Francine Pascal,Juvenile Fiction,3.45,
The Joy Luck Club,Amy Tan,Fiction,3.91,
When the Darkness Will Not Lift,John Piper,Religion,4.12,Doing what We Can While We Wait for God and Joy
Gravity's Rainbow,Thomas Pynchon,Fiction,4.02,
Trip to the North Pole,Ellen Weiss;Robert Zemeckis;William Broyles;Chris Van Allsburg,Fiction,3.62,
Experimental Phenomenology,Don Ihde,Philosophy,3.73,An Introduction
The Complete Calvin and Hobbes,Bill Watterson,Comics & Graphic Novels,4.82,
Harry Potter and the Half-Blood Prince (Book 6),"Rowling, J.K.",Juvenile Fiction,4.56,
The Artist of the Missing,Paul LaFarge,Fiction,3.58,A Novel
"Asa, as I Knew Him",Susanna Kaysen,Fiction,3.58,
Farewell to Salonica,Leon Sciaky,Biography & Autobiography,4.11,City at the Crossroads
Baumgartner's Bombay,Anita Desai,Fiction,3.47,
Gathering Blue,Lois Lowry,Juvenile Fiction,3.81,
Social Intelligence,Daniel Goleman,Psychology,3.98,The New Science of Human Relationships
Poetics,Aristotle;Malcolm Heath,Literary Criticism,3.82,
Devil by the Deed,Matt Wagner;Rich Rankin,Comics & Graphic Novels,4.08,
Cosmos,Witold Gombrowicz;Danuta Borchardt,Fiction,4.03,
Wonderland,Joyce Carol Oates,Fiction,3.79,
Bright Purple,Melody Carlson,Juvenile Fiction,3.47,Color Me Confused
The Infinite Plan,Isabel Allende,Fiction,3.71,A Novel
A Stroke of Midnight,Laurell K. Hamilton,Fiction,4.07,A Novel
Guilty Pleasures,Laurell K. Hamilton,Fiction,4.02,
The Missing Piece Meets the Big O,Shel Silverstein,Juvenile Fiction,4.33,
The Cat's Pajamas,Ray Bradbury,Fiction,3.73,Stories
The Nice and the Good,Iris Murdoch,Fiction,3.84,
CliffsNotes on Wiesel's Night,Maryam Riess,Literary Criticism,3.4,
The thief of always,Clive Barker,Fiction,4.19,a fable
", said the shotgun to the head.",Saul Williams,Poetry,4.22,
The Brethren,John Grisham,Fiction,3.73,
The Outlandish Companion,Diana Gabaldon,Literary Criticism,4.07,"In which Much is Revealed Regarding Claire and Jamie Fraser, Their Lives and Times, Antecedents, Adventures, Companions, and Progeny, with Learned Commentary (and Many Footnotes) by Their Humble Creator"
The first man in Rome,Colleen McCullough,Fiction,4.1,
Caucasia,Danzy Senna,Fiction,4.02,
